{
"type": "FeatureCollection",
"name": "corps_papillon_epci",
"crs": { "type": "name", "properties": { "name": "urn:ogc:def:crs:OGC:1.3:CRS84" } },
"features": [
{ "type": "Feature", "properties": { "fid": 11 }, "geometry": { "type": "MultiPolygon", "coordinates": [ [ [ [ 5.104915633900352, 47.652934859038346 ], [ 5.10337567142587, 47.654097109532948 ], [ 5.102744429138037, 47.654648717399034 ], [ 5.102747976247125, 47.654738694498384 ], [ 5.10301431603244, 47.654733900932968 ], [ 5.10543374053113, 47.65390697143858 ], [ 5.106536358341233, 47.653481912026862 ], [ 5.106618035076525, 47.653525459948845 ], [ 5.106626919016721, 47.653750402527137 ], [ 5.105842124294556, 47.654124714272349 ], [ 5.104350983984214, 47.654835891866604 ], [ 5.103634517168559, 47.65525397783837 ], [ 5.103396039754725, 47.655627438964068 ], [ 5.103334775952103, 47.655763603180723 ], [ 5.103378253288206, 47.656528168053654 ], [ 5.103600726290352, 47.657100424495262 ], [ 5.10404196672603, 47.657812806649687 ], [ 5.104054390056023, 47.658127725818218 ], [ 5.103930085080051, 47.658355066098103 ], [ 5.104159145080079, 47.658756125082171 ], [ 5.103962924693466, 47.658849699130869 ], [ 5.101722262419201, 47.659484291039178 ], [ 5.101526389617494, 47.659586858651451 ], [ 5.10132307147663, 47.65950047441649 ], [ 5.100977711238547, 47.659191542179414 ], [ 5.100301175735138, 47.65893358242235 ], [ 5.100227499204665, 47.658754825362522 ], [ 5.10009431915553, 47.658757219040496 ], [ 5.099045167568401, 47.659190257244539 ], [ 5.098775264467164, 47.65910506474367 ], [ 5.098153296122264, 47.658539974574147 ], [ 5.097159755703591, 47.658692871360323 ], [ 5.096956801801471, 47.658615477197927 ], [ 5.096393081073321, 47.658175389449589 ], [ 5.095779634128433, 47.657826231530841 ], [ 5.095380453791169, 47.657842394625526 ], [ 5.094917864894855, 47.657940729692989 ], [ 5.094723398199225, 47.658079276858146 ], [ 5.094495092758322, 47.658713653025963 ], [ 5.094336906016693, 47.659436812169631 ], [ 5.094282681033849, 47.659752925607172 ], [ 5.094012782691876, 47.659667722133733 ], [ 5.093874301371031, 47.659535143024414 ], [ 5.093834843378418, 47.658869550719572 ], [ 5.094146244304544, 47.658314723299803 ], [ 5.094772318072767, 47.657628197139516 ], [ 5.094702195596397, 47.657539413683466 ], [ 5.092512182325381, 47.657767738369188 ], [ 5.091245580337932, 47.657754397753983 ], [ 5.09110534702547, 47.657576826575621 ], [ 5.08870533100596, 47.657547720573433 ], [ 5.087960526058771, 47.657245890755725 ], [ 5.087332418892895, 47.656860935330812 ], [ 5.086596431290293, 47.656784040391635 ], [ 5.086123629646403, 47.656621405982435 ], [ 5.085859038304704, 47.656671149808282 ], [ 5.085531376868155, 47.656812059077943 ], [ 5.085618319101293, 47.656990587870816 ], [ 5.085965335631704, 47.657344554585507 ], [ 5.087080687214778, 47.658261057070149 ], [ 5.087019378745979, 47.658397212543278 ], [ 5.08695630959782, 47.658488379276172 ], [ 5.086688189491898, 47.658448147532845 ], [ 5.086206222246398, 47.658051572304799 ], [ 5.085803518567778, 47.657977725245445 ], [ 5.085311762266904, 47.657671361435746 ], [ 5.084842122065056, 47.657589701660399 ], [ 5.084308004198955, 47.657563214333315 ], [ 5.083966270646348, 47.657344209056063 ], [ 5.083374002134348, 47.65753485114675 ], [ 5.083179506940679, 47.657673379132241 ], [ 5.083276986153882, 47.658121842191129 ], [ 5.0836923421626, 47.658519616958962 ], [ 5.084191129159181, 47.659005942367955 ], [ 5.084221016438936, 47.659770750591754 ], [ 5.083683010223058, 47.659645285273236 ], [ 5.083549827211469, 47.659647660097768 ], [ 5.083493780600226, 47.659918779776085 ], [ 5.083324896910401, 47.660371991330614 ], [ 5.083125119643217, 47.660375552897015 ], [ 5.082182638245943, 47.66013123439847 ], [ 5.080779288003778, 47.660030176017997 ], [ 5.079889745972976, 47.659775892585223 ], [ 5.07921365582942, 47.659526808609137 ], [ 5.079080472914874, 47.65952917834101 ], [ 5.078242477000972, 47.659913249196741 ], [ 5.078249138662722, 47.660084206614513 ], [ 5.079161478093822, 47.66092335644565 ], [ 5.079652190403952, 47.661544903820925 ], [ 5.079723696591232, 47.661669687104641 ], [ 5.079594367723942, 47.66177103262811 ], [ 5.078682380811559, 47.661967338635634 ], [ 5.078764757463635, 47.662371052633567 ], [ 5.078836613412276, 47.662504834151214 ], [ 5.078640334826224, 47.662598365497743 ], [ 5.07824426927088, 47.66269544972959 ], [ 5.078338209669583, 47.663053938281685 ], [ 5.078485428387886, 47.663411479113542 ], [ 5.078492441944079, 47.663591433944099 ], [ 5.078361002133319, 47.663638791555933 ], [ 5.07839536123019, 47.664178419066822 ], [ 5.078197322543811, 47.664226960895711 ], [ 5.077929180201138, 47.664186709180449 ], [ 5.077269521037004, 47.662991904144526 ], [ 5.076938293948894, 47.663042811382759 ], [ 5.076954062664229, 47.663447710014317 ], [ 5.077171374608051, 47.663894046237097 ], [ 5.07718819860813, 47.663983786922458 ], [ 5.076993663836606, 47.664122304143987 ], [ 5.07714262877692, 47.66452483517228 ], [ 5.079133628625925, 47.667046557234507 ], [ 5.079502408786194, 47.667616249586864 ], [ 5.079538536420415, 47.66820086421184 ], [ 5.079277389916787, 47.668340569990605 ], [ 5.078941220522219, 47.668265514733271 ], [ 5.078514257229997, 47.667912950625514 ], [ 5.078165468141296, 47.667513975140039 ], [ 5.077446172970747, 47.66650031205733 ], [ 5.07716575317464, 47.666145138040093 ], [ 5.076057412684141, 47.665408499547333 ], [ 5.076118757191959, 47.665272350327676 ], [ 5.076379546614086, 47.665123653639107 ], [ 5.076305941703281, 47.664944882089841 ], [ 5.075442264817722, 47.665014247515053 ], [ 5.074242093458646, 47.664999539910433 ], [ 5.073837254478888, 47.664871665405229 ], [ 5.072869175792127, 47.664312587469908 ], [ 5.072331150473699, 47.664187070198764 ], [ 5.0715323306731, 47.664210236981837 ], [ 5.071416610200294, 47.664662485870096 ], [ 5.071060043277787, 47.66543414119046 ], [ 5.07082793091373, 47.665978491126772 ], [ 5.07008396747643, 47.667072144212419 ], [ 5.069901626868669, 47.66752557059683 ], [ 5.069350797705118, 47.668444722061714 ], [ 5.069156226310682, 47.66858322591321 ], [ 5.06794027445925, 47.66816355504448 ], [ 5.068170680980834, 47.667574222704822 ], [ 5.0682948108593, 47.667337923829436 ], [ 5.06835617740019, 47.667201778822729 ], [ 5.068482399665625, 47.667019466233505 ], [ 5.068880260490751, 47.666967404071194 ], [ 5.069051033320046, 47.666559203745898 ], [ 5.069042305710704, 47.666334259850132 ], [ 5.068702323870039, 47.666160199742784 ], [ 5.068929222530174, 47.665480887673056 ], [ 5.068985349013084, 47.665209775776709 ], [ 5.068882741018886, 47.66462633600711 ], [ 5.068740818891942, 47.664403749813431 ], [ 5.067762497868238, 47.664610147025627 ], [ 5.067776452991841, 47.664970057725618 ], [ 5.067378605987293, 47.665022116185881 ], [ 5.067216545005634, 47.665655258538422 ], [ 5.067163896897349, 47.666016347158852 ], [ 5.067042903970205, 47.666333624860933 ], [ 5.067247936625145, 47.666465057215717 ], [ 5.067206864114191, 47.666780921286836 ], [ 5.066833414395192, 47.66746282089899 ], [ 5.066903503524919, 47.667551620606744 ], [ 5.067040194741594, 47.667639242324263 ], [ 5.066993888576898, 47.667820139800078 ], [ 5.066187052394012, 47.669013920189578 ], [ 5.066057331382121, 47.669106252589295 ], [ 5.065855777334332, 47.669064795860791 ], [ 5.065959976879487, 47.668657777771955 ], [ 5.065758424602092, 47.668616320865794 ], [ 5.065558615287435, 47.668619852391373 ], [ 5.065445699908815, 47.66880192625942 ], [ 5.065109198620426, 47.668717833488422 ], [ 5.065462388490686, 47.66785622006271 ], [ 5.065631447648551, 47.667403036115495 ], [ 5.065685850206444, 47.667086937264024 ], [ 5.06421052276847, 47.666851891035364 ], [ 5.063345058557049, 47.666876178166497 ], [ 5.062484465562676, 47.667026427710987 ], [ 5.062023823955433, 47.667178618733971 ], [ 5.061827498693221, 47.667272121615433 ], [ 5.060459917410884, 47.667755439860137 ], [ 5.057881876502015, 47.668305081103775 ], [ 5.056172541654012, 47.668569267686856 ], [ 5.054637545876534, 47.668515228274877 ], [ 5.053495242387519, 47.668274192033415 ], [ 5.053100821072195, 47.668416179736354 ], [ 5.052786855979512, 47.668916908016996 ], [ 5.052617682888871, 47.669370073019827 ], [ 5.052503868857133, 47.66987628867205 ], [ 5.052013781579538, 47.670650223030854 ], [ 5.051136152545615, 47.671746091519736 ], [ 5.050946713106407, 47.672019531561119 ], [ 5.049929248947834, 47.672946769904385 ], [ 5.048320900369157, 47.674109450612661 ], [ 5.04682843464237, 47.67481988660348 ], [ 5.04592991447182, 47.675375846901467 ], [ 5.045272768494777, 47.675621446677269 ], [ 5.044278758468068, 47.675773892528383 ], [ 5.043587277650643, 47.676515292809754 ], [ 5.043595899555707, 47.676740237383193 ], [ 5.044149162613349, 47.677261788363012 ], [ 5.045250750474156, 47.677827767054715 ], [ 5.049948900773821, 47.679699299701333 ], [ 5.050288561684596, 47.679864415352029 ], [ 5.050430447933957, 47.680087022122613 ], [ 5.050538074902457, 47.680805439441968 ], [ 5.05068688673517, 47.681208000608855 ], [ 5.051042320347742, 47.682822450586002 ], [ 5.051506963065076, 47.684155864352704 ], [ 5.051860856365407, 47.684689881639805 ], [ 5.052426221884722, 47.685175166513488 ], [ 5.052907836512825, 47.68556287760164 ], [ 5.053121571840786, 47.685919276178062 ], [ 5.053160888174016, 47.686593870317886 ], [ 5.052867072083483, 47.687274314054612 ], [ 5.052616156357923, 47.687683889947856 ], [ 5.052495374146434, 47.688010146641517 ], [ 5.052588839545654, 47.68835965335775 ], [ 5.052932375628008, 47.688623735256776 ], [ 5.05387730673673, 47.688922272072176 ], [ 5.057366960876053, 47.690544626872125 ], [ 5.057922586223295, 47.691120094870243 ], [ 5.058068008447504, 47.691432667733423 ], [ 5.05823718218077, 47.692014935773308 ], [ 5.058448894088579, 47.692317337397967 ], [ 5.059631485919728, 47.693241909374649 ], [ 5.060340368641404, 47.69398573815748 ], [ 5.060487552069327, 47.694343295774573 ], [ 5.060651543356696, 47.694790594732666 ], [ 5.059483734961051, 47.695630511942177 ], [ 5.05845345816358, 47.696233897726813 ], [ 5.057533033974598, 47.696574232028155 ], [ 5.056034855427802, 47.697149812389476 ], [ 5.055508684029298, 47.697339137542627 ], [ 5.055224778467695, 47.696893940230773 ], [ 5.054980311070016, 47.69608789907187 ], [ 5.054541490598952, 47.695429332259671 ], [ 5.053547058808895, 47.694195278547554 ], [ 5.053273585002842, 47.694020005870151 ], [ 5.052938676571282, 47.693980867551161 ], [ 5.051939496573263, 47.694007409639113 ], [ 5.050678621421488, 47.694164585476074 ], [ 5.048068430935957, 47.69391320931868 ], [ 5.046932523960334, 47.693852065958303 ], [ 5.044928638407589, 47.693761075834409 ], [ 5.041715335564552, 47.69343006743955 ], [ 5.038893273539821, 47.692867056934531 ], [ 5.037463778968834, 47.692450792431778 ], [ 5.036621102456419, 47.692384439684389 ], [ 5.03656779570957, 47.692385368165375 ], [ 5.034720468259141, 47.692201440267617 ], [ 5.033987502388412, 47.692214192840837 ], [ 5.032791877633925, 47.692334025915208 ], [ 5.032662042054946, 47.692426320104403 ], [ 5.032427704649871, 47.692925597237362 ], [ 5.03204848140792, 47.693472410161228 ], [ 5.031670916293145, 47.693713067135754 ], [ 5.030671387957448, 47.693730429793057 ], [ 5.028773778672419, 47.693277170209186 ], [ 5.02874786918939, 47.693997914714103 ], [ 5.028723671424935, 47.694763647633593 ], [ 5.028674158634228, 47.695214690664876 ], [ 5.028779810439686, 47.69588813351028 ], [ 5.028900878565687, 47.696966473843034 ], [ 5.029119637614996, 47.697457879994388 ], [ 5.030571484332535, 47.698459097022678 ], [ 5.031208587762847, 47.699078289403708 ], [ 5.031697033989754, 47.699646039133832 ], [ 5.031838209164869, 47.699850670692932 ], [ 5.031908282576373, 47.699939489842279 ], [ 5.031992370978422, 47.700046072760472 ], [ 5.032274383679021, 47.700446337183109 ], [ 5.032894426254456, 47.700966776656742 ], [ 5.033933173638988, 47.701623990220064 ], [ 5.033934890678304, 47.701668978675443 ], [ 5.033028918273219, 47.702044878074041 ], [ 5.032379962815715, 47.702515344134014 ], [ 5.032320179445831, 47.702696456132209 ], [ 5.032065602228494, 47.703016007641367 ], [ 5.031964507576738, 47.703512964902828 ], [ 5.032048310098818, 47.703961691252793 ], [ 5.032164315725459, 47.704905058316896 ], [ 5.032334965041971, 47.705532347966994 ], [ 5.03262696257402, 47.706193542912708 ], [ 5.033067660643, 47.706906174115375 ], [ 5.033363048149544, 47.707306202716474 ], [ 5.033438284322538, 47.707529985560434 ], [ 5.033576739972125, 47.707662632846521 ], [ 5.033651977545522, 47.707886415509975 ], [ 5.032992314403825, 47.708077956023928 ], [ 5.032019915911638, 47.708464002489919 ], [ 5.030001604156784, 47.709408414798659 ], [ 5.029153936525449, 47.709918322075985 ], [ 5.026269611747863, 47.709491133326772 ], [ 5.024796703652638, 47.709345571792326 ], [ 5.023274598675362, 47.708255465081081 ], [ 5.022576289380368, 47.707781348288862 ], [ 5.022566043533482, 47.707511417431725 ], [ 5.022627573128273, 47.707375299372728 ], [ 5.022613911779923, 47.707015391481356 ], [ 5.022390380464616, 47.706749148708973 ], [ 5.022115237503193, 47.706528815867522 ], [ 5.021377293120266, 47.706415521481134 ], [ 5.018987187304845, 47.705295340494608 ], [ 5.01796222324265, 47.704646763247844 ], [ 5.017897277674668, 47.7046929018234 ], [ 5.017704143738969, 47.704876305941816 ], [ 5.017646011254788, 47.705102398816351 ], [ 5.017519524945873, 47.705284652773074 ], [ 5.017396444178877, 47.705556883782094 ], [ 5.017288395410351, 47.705873873300703 ], [ 5.017163609073516, 47.70610111538803 ], [ 5.016975576133433, 47.706419483923526 ], [ 5.016739327568938, 47.706873737280752 ], [ 5.016674718756819, 47.706928872837899 ], [ 5.016539712127695, 47.706886182665912 ], [ 5.016064637449098, 47.706669282938478 ], [ 5.016237644191221, 47.706306157109445 ], [ 5.016230835205558, 47.706126202696339 ], [ 5.015422514557355, 47.705915044751215 ], [ 5.014899854893738, 47.706203161261584 ], [ 5.013956536164726, 47.705949300953968 ], [ 5.013413469847245, 47.705697547107043 ], [ 5.013116541407634, 47.705252479127758 ], [ 5.013087648892928, 47.704487671542552 ], [ 5.013255569838932, 47.703989583592303 ], [ 5.013376968380862, 47.703672368004412 ], [ 5.013279994005437, 47.703223857684044 ], [ 5.013208247725251, 47.703090038811929 ], [ 5.012799867498447, 47.702871978092929 ], [ 5.01246663216954, 47.702877712807378 ], [ 5.012012332340276, 47.703209658752144 ], [ 5.011344159195759, 47.703176133995122 ], [ 5.010872533961617, 47.703049190253495 ], [ 5.010791641946485, 47.701258865981906 ], [ 5.010724996860168, 47.701260011857535 ], [ 5.010012262767239, 47.701812479669059 ], [ 5.009743982941007, 47.701772072361493 ], [ 5.008127870557073, 47.701358657997098 ], [ 5.007987799492478, 47.701180991303495 ], [ 5.007901045223606, 47.701002409039027 ], [ 5.007739281073894, 47.700248884579018 ], [ 5.006216971233675, 47.700554121241659 ], [ 5.005320979568598, 47.701199739484053 ], [ 5.005057784338791, 47.701294288063067 ], [ 5.004723204142593, 47.701264009615237 ], [ 5.004654866604391, 47.701220163141542 ], [ 5.004578067940813, 47.700951372140743 ], [ 5.004426372962143, 47.700818918517804 ], [ 5.004356344191039, 47.700730082952191 ], [ 5.004009587315744, 47.700375882278081 ], [ 5.003926703132473, 47.699945130577156 ], [ 5.003909314468733, 47.699837385528497 ], [ 5.00376756994692, 47.699614724694669 ], [ 5.003412368224778, 47.699035577260588 ], [ 5.003337608322721, 47.698820771892514 ], [ 5.00311082580219, 47.698464513160062 ], [ 5.002893993118247, 47.69801804765234 ], [ 5.00279373597581, 47.697479549264173 ], [ 5.002568457853777, 47.696808137800232 ], [ 5.002539916414916, 47.696403464732136 ], [ 5.002917772483842, 47.695811759338334 ], [ 5.003025886307552, 47.695494781382493 ], [ 5.003125345569785, 47.694592717088362 ], [ 5.003233455687091, 47.694275738733452 ], [ 5.003426600999293, 47.694092357464179 ], [ 5.003612980172957, 47.693729019513107 ], [ 5.003592888288611, 47.693549291510926 ], [ 5.002750095134969, 47.693833838023551 ], [ 5.002149019270185, 47.693808117057721 ], [ 5.00127261625344, 47.693553011786427 ], [ 5.00071640904663, 47.693301425415562 ], [ 5.000044990853566, 47.693177857653872 ], [ 4.9994967197038, 47.692782072160966 ], [ 4.999148696900912, 47.692391864222969 ], [ 4.998995352513298, 47.692214413759821 ], [ 4.998501924849455, 47.691502559772289 ], [ 4.997660673638727, 47.690760632335007 ], [ 4.997452347376765, 47.690539101166124 ], [ 4.996750792160267, 47.689965849341029 ], [ 4.995864707854869, 47.68944976515435 ], [ 4.995118299462836, 47.689102359683368 ], [ 4.992275225837213, 47.688313503786247 ], [ 4.991342751500123, 47.688338392883608 ], [ 4.98928261286398, 47.688517520258415 ], [ 4.986639806055586, 47.688805552417527 ], [ 4.984772823871934, 47.688801245919741 ], [ 4.982562651775188, 47.688532622134929 ], [ 4.982008258038035, 47.688325935645715 ], [ 4.981188638190554, 47.687799612386463 ], [ 4.980201060526296, 47.686699899283099 ], [ 4.97970463416393, 47.686258127252401 ], [ 4.979570043624153, 47.686224391868883 ], [ 4.979303535767277, 47.686228904025782 ], [ 4.978592313565221, 47.686466031942501 ], [ 4.976815398245062, 47.687090325421494 ], [ 4.976019529803199, 47.687202818444241 ], [ 4.974549041377572, 47.687101612215038 ], [ 4.971999194661212, 47.686658455627011 ], [ 4.971461514521724, 47.686541473604166 ], [ 4.970711979487413, 47.686103932371644 ], [ 4.969556353885427, 47.685862302906642 ], [ 4.969088304978059, 47.685825169073446 ], [ 4.968911720257642, 47.686098249561972 ], [ 4.968672127987469, 47.686831571607044 ], [ 4.968570473183149, 47.687328478233923 ], [ 4.968974897499667, 47.687447717731729 ], [ 4.96938464240723, 47.687710922945556 ], [ 4.969457920179797, 47.687889759498766 ], [ 4.969567796393314, 47.688698227384165 ], [ 4.969706044187385, 47.688830951561002 ], [ 4.970180438671515, 47.689039043656713 ], [ 4.971749234961216, 47.689633842517146 ], [ 4.972293938416541, 47.689939779475324 ], [ 4.972435525760433, 47.690162479586704 ], [ 4.972478818770564, 47.690972067782887 ], [ 4.972418844871823, 47.691153150236815 ], [ 4.972172296763876, 47.691337379703256 ], [ 4.971980718376551, 47.691565699209256 ], [ 4.970290169314457, 47.692368501567096 ], [ 4.968138101893459, 47.693314100060746 ], [ 4.966499089315277, 47.694070959989453 ], [ 4.965461486632651, 47.694502566243663 ], [ 4.963505849083939, 47.695354738850206 ], [ 4.96162043166535, 47.696304737688017 ], [ 4.959844644041361, 47.696973759610408 ], [ 4.959401410401242, 47.697251291282328 ], [ 4.959083088087536, 47.697661780611355 ], [ 4.958476289831117, 47.698932429320642 ], [ 4.957978289697461, 47.699534996485774 ], [ 4.957455051754121, 47.699813859338619 ], [ 4.957325067575474, 47.69990606948015 ], [ 4.957333329239727, 47.700131017470568 ], [ 4.95569077304353, 47.700437604246424 ], [ 4.955032902762555, 47.700682693369615 ], [ 4.954527917319152, 47.701096288947802 ], [ 4.954141238229746, 47.701462888194293 ], [ 4.95389444578962, 47.70200721762253 ], [ 4.953854323700432, 47.70236802514944 ], [ 4.953670873832782, 47.702821261213856 ], [ 4.954412254189217, 47.70303395992385 ], [ 4.954367185020097, 47.70325979874962 ], [ 4.954050437732004, 47.703715262605805 ], [ 4.953881964432696, 47.704213265501842 ], [ 4.953771756899996, 47.70484534591089 ], [ 4.953823026084115, 47.705879882151478 ], [ 4.953659492114853, 47.706512852621124 ], [ 4.953807643894032, 47.706915531235516 ], [ 4.954915156597131, 47.707653311645942 ], [ 4.955598210192426, 47.708092063521363 ], [ 4.956275989569277, 47.708386845198191 ], [ 4.956834126959977, 47.708692628107215 ], [ 4.956914000493709, 47.709051428055297 ], [ 4.957060531520776, 47.709409112622055 ], [ 4.957148781576777, 47.709632721114318 ], [ 4.958219917798694, 47.709740841214767 ], [ 4.958826444541033, 47.709910753604163 ], [ 4.959237635434707, 47.71020998265633 ], [ 4.959810701689142, 47.710920654865504 ], [ 4.960228857438631, 47.711408835283393 ], [ 4.960438434781707, 47.711666421665001 ], [ 4.96064172325687, 47.711753048430907 ], [ 4.961664882023553, 47.712005996347308 ], [ 4.962815993503969, 47.712472870214135 ], [ 4.964398667078354, 47.713427673774916 ], [ 4.965313113205848, 47.71434866795552 ], [ 4.965666343065846, 47.714882937112989 ], [ 4.965826281579083, 47.715240385533171 ], [ 4.965856161645151, 47.716050189294705 ], [ 4.965686099779088, 47.716503216787004 ], [ 4.965177670871594, 47.717187013233207 ], [ 4.964114470466274, 47.718384311916054 ], [ 4.963664380440758, 47.718842036576412 ], [ 4.96347764105678, 47.719205305895805 ], [ 4.963322470917539, 47.720063230430362 ], [ 4.963415462489513, 47.721862343002016 ], [ 4.963493741856952, 47.722176146921285 ], [ 4.964118405982618, 47.722471776044934 ], [ 4.964816659609887, 47.723315371024093 ], [ 4.965176640007447, 47.723669459462783 ], [ 4.966632981785216, 47.724806422247141 ], [ 4.96799940059051, 47.725674779124624 ], [ 4.968829149948316, 47.726101984301067 ], [ 4.970700687003335, 47.72763706129561 ], [ 4.9709273769599, 47.727993377205216 ], [ 4.971284083590525, 47.728617602851429 ], [ 4.971660463062606, 47.729412559466326 ], [ 4.971770458339338, 47.730221007137914 ], [ 4.971655413086166, 47.730718129522892 ], [ 4.971535369793324, 47.731080285748973 ], [ 4.971291964035207, 47.731354486644953 ], [ 4.970583744907852, 47.732050668709206 ], [ 4.970408679007752, 47.732368733256358 ], [ 4.970056852536125, 47.733320006190198 ], [ 4.970006807196611, 47.733771014834119 ], [ 4.970031695412874, 47.735526242735091 ], [ 4.969833292920255, 47.735574599068514 ], [ 4.969293127551491, 47.735403623906755 ], [ 4.967732983957256, 47.735078738416021 ], [ 4.96699808307369, 47.735055079986999 ], [ 4.965946400437139, 47.735126772162971 ], [ 4.964889344348974, 47.735414624249174 ], [ 4.964757626461116, 47.735461852242274 ], [ 4.964487552061141, 47.735376353258204 ], [ 4.962504430739407, 47.734437270914519 ], [ 4.961467913422855, 47.733833421498019 ], [ 4.960984540463372, 47.733391357717778 ], [ 4.960636203266368, 47.732992046060467 ], [ 4.96049620743967, 47.732814325581927 ], [ 4.959296196641142, 47.732843427131087 ], [ 4.956799619076118, 47.732453043413123 ], [ 4.956804577763566, 47.732588009848889 ], [ 4.957365947839962, 47.73297476603797 ], [ 4.957989275569547, 47.733594568448481 ], [ 4.958358874725566, 47.734209610657537 ], [ 4.958710511958006, 47.73469890629049 ], [ 4.959485556585093, 47.735451210550167 ], [ 4.960528707520771, 47.736235031664997 ], [ 4.961210517107945, 47.736628755286318 ], [ 4.962522139743751, 47.737453075955194 ], [ 4.96377706436815, 47.738548432059197 ], [ 4.965030380539499, 47.739598785529473 ], [ 4.965785271683651, 47.740162318287972 ], [ 4.966147033417189, 47.740561388962 ], [ 4.965906825922586, 47.741285686004822 ], [ 4.965931791302097, 47.741600381181073 ], [ 4.965643200254632, 47.742460538823252 ], [ 4.965329969195066, 47.74301499803164 ], [ 4.965213175850765, 47.74346712216996 ], [ 4.964926223207049, 47.744372265560266 ], [ 4.964437497609594, 47.745235777952423 ], [ 4.963772145640871, 47.745291959024009 ], [ 4.963310545405639, 47.745443754527301 ], [ 4.963538920710649, 47.745845069653591 ], [ 4.963676969997136, 47.745968799161552 ], [ 4.963965349846712, 47.74654917158491 ], [ 4.963988646809621, 47.746818877905959 ], [ 4.963926921790171, 47.746954962154632 ], [ 4.963340195005765, 47.747333937635986 ], [ 4.962901536004964, 47.747746439993037 ], [ 4.962581280587067, 47.748111939212251 ], [ 4.962102429952519, 47.749245369989367 ], [ 4.961915573302994, 47.749608630760207 ], [ 4.961738740306283, 47.749881690954787 ], [ 4.961285380625728, 47.750258419616024 ], [ 4.961221987527083, 47.750349513873374 ], [ 4.961046805557375, 47.750667561211458 ], [ 4.960331238508258, 47.751174723024349 ], [ 4.960271155503377, 47.751355793313692 ], [ 4.960007632443014, 47.751450237926576 ], [ 4.959944566968048, 47.751550329091238 ], [ 4.960107558524395, 47.751988757059586 ], [ 4.960160652554109, 47.75306825211473 ], [ 4.960103879490158, 47.753339298627282 ], [ 4.960018580520009, 47.754286062150719 ], [ 4.959891780181709, 47.754468248848227 ], [ 4.9589979618247, 47.75521246720502 ], [ 4.958947802242124, 47.755663465670878 ], [ 4.958937173157369, 47.757914437493817 ], [ 4.958885355056172, 47.758320447115487 ], [ 4.958838502454596, 47.758861421015339 ], [ 4.95862304374341, 47.75990038927219 ], [ 4.958652940758786, 47.760350047047353 ], [ 4.958791347388362, 47.760482778939718 ], [ 4.958866345247492, 47.760706603117072 ], [ 4.958536052689158, 47.76080216018233 ], [ 4.958627704772502, 47.761115737410812 ], [ 4.958914456036987, 47.761651129339064 ], [ 4.958989456059445, 47.761874953291994 ], [ 4.956756078566541, 47.762506506562595 ], [ 4.955627077950486, 47.762669419122936 ], [ 4.95442771304214, 47.7627344607439 ], [ 4.95215318183002, 47.762610348792073 ], [ 4.950819048519493, 47.762641587773075 ], [ 4.950753974046008, 47.762687687589683 ], [ 4.950777211144331, 47.762957394121599 ], [ 4.950541639230615, 47.763816614999755 ], [ 4.950231250669306, 47.764091878638354 ], [ 4.949840788447824, 47.764368474794473 ], [ 4.949588717020171, 47.764777812056408 ], [ 4.949610301299183, 47.765002530400324 ], [ 4.950022195532462, 47.76531078040302 ], [ 4.9500271400987, 47.765445744673649 ], [ 4.949093295178685, 47.76547029585366 ], [ 4.949029863105562, 47.765561382738795 ], [ 4.948907940077238, 47.765878520677347 ], [ 4.947788896804211, 47.765951159067356 ], [ 4.947658734405884, 47.766043355125497 ], [ 4.947541740468579, 47.766495455847725 ], [ 4.947411576311424, 47.766587651603174 ], [ 4.946007322606238, 47.766529969229381 ], [ 4.944996535945324, 47.766276670299483 ], [ 4.944519908112069, 47.766023496685669 ], [ 4.944243137901449, 47.765757999817268 ], [ 4.944084835709067, 47.765445520015646 ], [ 4.944000034763103, 47.764951757874222 ], [ 4.944419260852858, 47.763999471926638 ], [ 4.943942327551833, 47.763737297998652 ], [ 4.942218512208609, 47.762604504737709 ], [ 4.941800232309842, 47.762485398915146 ], [ 4.939383771711159, 47.762129312875231 ], [ 4.939113602797962, 47.762043756610538 ], [ 4.937906370169721, 47.761892685079253 ], [ 4.935290123252159, 47.761548824948321 ], [ 4.93455454448144, 47.761515965493707 ], [ 4.932818461603999, 47.761508624866835 ], [ 4.930742567556667, 47.761335804099822 ], [ 4.928508163905257, 47.760841447168033 ], [ 4.927292844463294, 47.760465323567942 ], [ 4.925748822161439, 47.760229640447449 ], [ 4.924246806184325, 47.759678139579684 ], [ 4.923091762007997, 47.759120921151847 ], [ 4.92268494624836, 47.758947541297061 ], [ 4.922418069640845, 47.758951923635472 ], [ 4.92243594110858, 47.759446798572931 ], [ 4.922681942416099, 47.760343064919368 ], [ 4.922891855728134, 47.760609709328378 ], [ 4.923181837006552, 47.760875038217826 ], [ 4.924616821840242, 47.76178777682842 ], [ 4.92539145353402, 47.762531297801374 ], [ 4.925757947262116, 47.763065453779063 ], [ 4.926314208644909, 47.763677514211011 ], [ 4.926612365490544, 47.764167776427172 ], [ 4.926703517760433, 47.764841505091347 ], [ 4.925866022102418, 47.765314437736123 ], [ 4.92421931297018, 47.765935710052545 ], [ 4.923635359396032, 47.766035334936895 ], [ 4.921764050260515, 47.765985034328217 ], [ 4.919741399820631, 47.765811142869197 ], [ 4.919624534785545, 47.765903088975811 ], [ 4.919565919186445, 47.7661291253672 ], [ 4.918833530555446, 47.766186144244209 ], [ 4.918371296801907, 47.766328763075705 ], [ 4.918044463350634, 47.766523180335732 ], [ 4.917780790337026, 47.766617529100557 ], [ 4.916799683514975, 47.766813653372061 ], [ 4.917136569989534, 47.766898168407401 ], [ 4.918815828406847, 47.767176765856455 ], [ 4.920887365326993, 47.767223829814313 ], [ 4.920889184905153, 47.768754312193671 ], [ 4.920799916561503, 47.769611062125669 ], [ 4.920767637246654, 47.770196786785739 ], [ 4.920655276395526, 47.77078382466874 ], [ 4.920753217017594, 47.771277383172858 ], [ 4.920899351591717, 47.771626103078312 ], [ 4.920865448392793, 47.772166838779022 ], [ 4.920755032877263, 47.772807862083781 ], [ 4.921093262743689, 47.772928356102369 ], [ 4.923795265763627, 47.773415178105786 ], [ 4.923878220537502, 47.775340455079657 ], [ 4.923561447578002, 47.775444691085355 ], [ 4.922438246755109, 47.77577823766476 ], [ 4.921712551680214, 47.776024224719585 ], [ 4.919069578069712, 47.776436683069242 ], [ 4.918602714394192, 47.77645333491833 ], [ 4.917958002519488, 47.777094101769649 ], [ 4.91829982112001, 47.777313577689085 ], [ 4.919740399159621, 47.778001207970057 ], [ 4.920708935421479, 47.778561518382539 ], [ 4.921394241387551, 47.779045440926922 ], [ 4.922032338717524, 47.77970119042665 ], [ 4.923772266399775, 47.779798667061527 ], [ 4.924919629293625, 47.78013093199813 ], [ 4.925803604298244, 47.780566549332697 ], [ 4.927247626184657, 47.781344062090227 ], [ 4.928657142262062, 47.781536932855623 ], [ 4.931005705376536, 47.78184035122284 ], [ 4.932967483647166, 47.78215910940434 ], [ 4.934355515040568, 47.782127192301274 ], [ 4.935244768992777, 47.782337578049273 ], [ 4.937069243200254, 47.782919623118687 ], [ 4.937951725422801, 47.783310160281346 ], [ 4.939869812111113, 47.784259736029583 ], [ 4.94157917555881, 47.784978663182322 ], [ 4.941989535871, 47.785241950272358 ], [ 4.943088656998615, 47.785709884616068 ], [ 4.943362238826626, 47.785885405909731 ], [ 4.945314179334416, 47.786294153414296 ], [ 4.946596969385486, 47.786668975287334 ], [ 4.947694513606338, 47.787091878456145 ], [ 4.950397321602935, 47.787938205369798 ], [ 4.951631733568702, 47.788448823417802 ], [ 4.953878745944932, 47.789248646041898 ], [ 4.955365245235911, 47.789710005713651 ], [ 4.956446592456619, 47.790052071718065 ], [ 4.957547595380139, 47.790564856506428 ], [ 4.958501750409744, 47.791080086195798 ], [ 4.959207540136785, 47.791743510080153 ], [ 4.95996973910514, 47.792487013049254 ], [ 4.960668933603193, 47.792970478603792 ], [ 4.96142287705022, 47.793489035473826 ], [ 4.96205865417176, 47.794063584563133 ], [ 4.963580298668053, 47.795109448416127 ], [ 4.964462845342233, 47.795490785748022 ], [ 4.966081477366978, 47.795904781768449 ], [ 4.967443099540128, 47.796233041816045 ], [ 4.968529651375958, 47.796709956200623 ], [ 4.969480691695149, 47.797135120643937 ], [ 4.971042665636095, 47.797459971573318 ], [ 4.972260807204485, 47.797880620219225 ], [ 4.973493990575453, 47.798346018110074 ], [ 4.973964701859948, 47.798428118921798 ], [ 4.975102757159919, 47.798489967357341 ], [ 4.97557514302209, 47.798617048587445 ], [ 4.976257529085916, 47.799001673464282 ], [ 4.976826763309886, 47.79957726675984 ], [ 4.97765274533588, 47.800229551235226 ], [ 4.978330482098363, 47.800488200629147 ], [ 4.979064952792827, 47.800475797610765 ], [ 4.980316499307155, 47.799995498245259 ], [ 4.981184166383106, 47.799971827570481 ], [ 4.982257505488963, 47.800088719541293 ], [ 4.982400768988487, 47.800347383451985 ], [ 4.982300702090394, 47.800889257641941 ], [ 4.982357648562413, 47.802058686352034 ], [ 4.982756603293786, 47.802006921183384 ], [ 4.983956483251112, 47.801932593548862 ], [ 4.984423885586512, 47.801924678821194 ], [ 4.98509999787204, 47.802138302148414 ], [ 4.986188172515218, 47.802651040512302 ], [ 4.987227991995704, 47.803299634361601 ], [ 4.987784036075659, 47.803875399502921 ], [ 4.988456486492405, 47.803990032769477 ], [ 4.988760488339948, 47.804615085125931 ], [ 4.9891128705441, 47.805104270124836 ], [ 4.989550439309141, 47.805727053004141 ], [ 4.990617300513621, 47.807095399295029 ], [ 4.991263324914881, 47.807930706774734 ], [ 4.991335157391094, 47.808064531315203 ], [ 4.988858264414064, 47.807944539490663 ], [ 4.988591147533964, 47.807949072510297 ], [ 4.988462635122906, 47.808086298174658 ], [ 4.988174047705561, 47.808946479238593 ], [ 4.989276084028107, 47.809467957637978 ], [ 4.990227518244, 47.809892950609616 ], [ 4.990710145388847, 47.810289888288601 ], [ 4.991286057883573, 47.811036355781219 ], [ 4.991525034153198, 47.811707519471071 ], [ 4.991608665982718, 47.812156247756107 ], [ 4.991849336388798, 47.812872396645929 ], [ 4.991927917437704, 47.813186165571111 ], [ 4.992326609226883, 47.813125370899655 ], [ 4.993855594001758, 47.812910306581038 ], [ 4.993872461479088, 47.813360169097272 ], [ 4.99345406910428, 47.814321602547096 ], [ 4.993267197967747, 47.8146849000114 ], [ 4.993160469928313, 47.815046834196572 ], [ 4.993182390941907, 47.815631654858464 ], [ 4.992915235823616, 47.815636197712216 ], [ 4.99230908010416, 47.815511458274329 ], [ 4.991439479704527, 47.815490224875809 ], [ 4.991307587092072, 47.815537480620073 ], [ 4.991334422305537, 47.815897143447131 ], [ 4.991539844340861, 47.816028697702869 ], [ 4.991748637501195, 47.816250223994494 ], [ 4.991693642993848, 47.816566262337204 ], [ 4.991722166393381, 47.816970911047669 ], [ 4.991868891778851, 47.817319533238617 ], [ 4.991466798315887, 47.817290353851661 ], [ 4.990858942807224, 47.817120620851462 ], [ 4.990124581750897, 47.817142094903247 ], [ 4.989460040549318, 47.817243405885598 ], [ 4.989067709340364, 47.81747513826528 ], [ 4.988945906059111, 47.817792308521526 ], [ 4.988840825033742, 47.81819922432036 ], [ 4.988790859112743, 47.818650219497101 ], [ 4.988997968300817, 47.818826764177082 ], [ 4.990438900272745, 47.8194685224342 ], [ 4.99103835845792, 47.819413326747139 ], [ 4.993033395776194, 47.819145344907312 ], [ 4.993502297339893, 47.819173382939603 ], [ 4.993574150635371, 47.819307205245885 ], [ 4.993918239441858, 47.819571441248129 ], [ 4.994125369238172, 47.819747976776441 ], [ 4.991831610340538, 47.820606244809341 ], [ 4.989533064032016, 47.821338506460755 ], [ 4.985982114789129, 47.8225420926859 ], [ 4.985922038492096, 47.822723168831168 ], [ 4.985760207491317, 47.823401128972606 ], [ 4.98567021239739, 47.824212915397879 ], [ 4.985219412208227, 47.824670695829568 ], [ 4.985112609351824, 47.825032620608262 ], [ 4.984920604875279, 47.825260944342354 ], [ 4.984486623792637, 47.824737120548711 ], [ 4.984281185566443, 47.824605554593248 ], [ 4.984311335915684, 47.825055189315442 ], [ 4.984453333330009, 47.825277858159303 ], [ 4.98453692682689, 47.825726587989102 ], [ 4.984699004964039, 47.826128974483417 ], [ 4.984854107316746, 47.826702533790744 ], [ 4.984622423989839, 47.827300646998417 ], [ 4.98469422919911, 47.828865933509846 ], [ 4.984563976794447, 47.828958167277563 ], [ 4.982002774396162, 47.829829758827259 ], [ 4.98042483718813, 47.830180527284504 ], [ 4.976968251843135, 47.830707013310558 ], [ 4.973256388719784, 47.831201681524945 ], [ 4.968350214636565, 47.831941358218387 ], [ 4.968345073641364, 47.833246852780348 ], [ 4.968541704390965, 47.834584970158147 ], [ 4.968646735911016, 47.836698864833288 ], [ 4.968074081298307, 47.837122606411135 ], [ 4.966742561135396, 47.838720434643896 ], [ 4.96617819029391, 47.83936909627355 ], [ 4.965979396758288, 47.839417443238993 ], [ 4.963866710352694, 47.838696612412456 ], [ 4.962993419251619, 47.838585196258997 ], [ 4.961657385734997, 47.83861655736532 ], [ 4.961126158806418, 47.838715470774211 ], [ 4.960748568950695, 47.83899186804198 ], [ 4.960429408351795, 47.839402328519093 ], [ 4.960462684016432, 47.839941937570764 ], [ 4.960624535023953, 47.840704465575449 ], [ 4.960801414726174, 47.84151175554188 ], [ 4.960919775785088, 47.842545092072704 ], [ 4.961170130531231, 47.843531206942089 ], [ 4.961185071042101, 47.843936080249676 ], [ 4.961006260580387, 47.844164138803485 ], [ 4.960259204116753, 47.845301969691825 ], [ 4.960135505951466, 47.84557411900159 ], [ 4.961703585047786, 47.847114373879926 ], [ 4.963024516659051, 47.848478690503534 ], [ 4.963298206831348, 47.850094597752545 ], [ 4.963403060450424, 47.852208478030732 ], [ 4.963297715825429, 47.852615362796335 ], [ 4.963107179968294, 47.85288863279785 ], [ 4.963048653368347, 47.853114679675912 ], [ 4.962562220417839, 47.854068102116216 ], [ 4.96206912535824, 47.854841579542601 ], [ 4.961450971984725, 47.855851215123778 ], [ 4.961322273669381, 47.855988407220835 ], [ 4.960829142745435, 47.856761878565251 ], [ 4.960382831912174, 47.857354511539484 ], [ 4.960078918171056, 47.857818725924531 ], [ 4.959819844906027, 47.858048121074383 ], [ 4.959435378414366, 47.85850467657049 ], [ 4.95899743015265, 47.858962123725156 ], [ 4.958549422086739, 47.859509763421507 ], [ 4.957665421374471, 47.860568825625805 ], [ 4.957040157838854, 47.861389495449195 ], [ 4.955646269872201, 47.862772136867179 ], [ 4.955524163286667, 47.863089264021752 ], [ 4.955363477287425, 47.863812151702469 ], [ 4.955119254503331, 47.864446404848586 ], [ 4.95507901807911, 47.864807179766089 ], [ 4.955015477682819, 47.864898264704081 ], [ 4.954773232131424, 47.865586499246454 ], [ 4.954597631642911, 47.865904515998821 ], [ 4.954537399369999, 47.866085571475416 ], [ 4.95409424959812, 47.866768148099545 ], [ 4.953425710666322, 47.86677928106657 ], [ 4.951616357176687, 47.866692358879178 ], [ 4.948797271612942, 47.866433131089202 ], [ 4.946648724579943, 47.866216727637386 ], [ 4.945445693476189, 47.866245685000777 ], [ 4.943329956895758, 47.866559828537071 ], [ 4.941799224121207, 47.866774227105971 ], [ 4.940203267572411, 47.867034696876203 ], [ 4.939609789540544, 47.867269573538366 ], [ 4.938575153014859, 47.867880841580593 ], [ 4.937923008069408, 47.868341742201203 ], [ 4.93768208196244, 47.868705822963911 ], [ 4.936899813281881, 47.869267894152053 ], [ 4.935923439484129, 47.869644109384893 ], [ 4.934731794269414, 47.869987855979836 ], [ 4.933423062581275, 47.870423544758239 ], [ 4.931564425726815, 47.870823259816483 ], [ 4.929557333637121, 47.870820273626435 ], [ 4.928230267942563, 47.871121167253108 ], [ 4.927456338700762, 47.87154799798742 ], [ 4.927738473977551, 47.871948475327606 ], [ 4.92797169628632, 47.872475790555505 ], [ 4.928252207287379, 47.872831280820726 ], [ 4.928820078781567, 47.873362096928773 ], [ 4.929573217934674, 47.873835848947735 ], [ 4.929644984106712, 47.873969706123326 ], [ 4.93001555861376, 47.874593785686713 ], [ 4.930031905088719, 47.875043641080744 ], [ 4.929973213351149, 47.875269668490667 ], [ 4.929864297887188, 47.875586546638466 ], [ 4.929579298033471, 47.876581505916526 ], [ 4.92935788716342, 47.877485393592764 ], [ 4.929229053564017, 47.877622548724631 ], [ 4.928244324541211, 47.878142871554523 ], [ 4.927404729860945, 47.878606787279736 ], [ 4.927145740603391, 47.878845104543338 ], [ 4.92729547799323, 47.879283765764455 ], [ 4.927591027281401, 47.879684021981383 ], [ 4.927680742418031, 47.879943619443978 ], [ 4.927672593220882, 47.880087792516775 ], [ 4.927658283620231, 47.88116832126866 ], [ 4.927854393399796, 47.882515466136809 ], [ 4.928244607250868, 47.883679372210345 ], [ 4.92832166867386, 47.885064480206289 ], [ 4.928578153681411, 47.886230580912944 ], [ 4.927768156535115, 47.887513228214232 ], [ 4.927730983065233, 47.887963959244154 ], [ 4.927484686331631, 47.888553160558608 ], [ 4.926438096467916, 47.890325810055288 ], [ 4.925813958002704, 47.891200281136513 ], [ 4.925159784918192, 47.891616119297922 ], [ 4.923984214393556, 47.892049503171819 ], [ 4.923525788053794, 47.892327087445587 ], [ 4.922139406253501, 47.892853930147425 ], [ 4.920573846398021, 47.893608746547478 ], [ 4.919541730364348, 47.894309807505543 ], [ 4.919088139269047, 47.894722329538425 ], [ 4.918266080938374, 47.89568101184188 ], [ 4.917822921591219, 47.896012336795444 ], [ 4.916573094338696, 47.896617900146659 ], [ 4.916066270953745, 47.897040280622427 ], [ 4.915424933411801, 47.89781594406022 ], [ 4.914273890630323, 47.900049287549713 ], [ 4.913748444187421, 47.901813302478438 ], [ 4.913791015020653, 47.90262281491848 ], [ 4.914161611405483, 47.904732310662411 ], [ 4.914005102298598, 47.905590078505718 ], [ 4.91350919982034, 47.906318343124212 ], [ 4.913120743001931, 47.906684763860795 ], [ 4.912432204123349, 47.907641218122855 ], [ 4.912314922357337, 47.908102243447829 ], [ 4.912076881172793, 47.908556232753511 ], [ 4.910965368060691, 47.909294507316751 ], [ 4.908905098644328, 47.910831392307884 ], [ 4.907553781636552, 47.91197863017976 ], [ 4.905856631432516, 47.914310753351273 ], [ 4.905755568452786, 47.914852525708895 ], [ 4.905960940000688, 47.916469588446596 ], [ 4.90544382893716, 47.916613012611663 ], [ 4.904529904870526, 47.917266992772312 ], [ 4.903688193221482, 47.917694740171157 ], [ 4.903901538270356, 47.918042366771161 ], [ 4.903937516363542, 47.918671935986254 ], [ 4.904090725176485, 47.919209582668849 ], [ 4.903992862784482, 47.919841321275989 ], [ 4.903677618402933, 47.920386561545854 ], [ 4.902910838852331, 47.921038141118572 ], [ 4.901848449197036, 47.921289405247293 ], [ 4.898280781030133, 47.922265340530124 ], [ 4.896500374884713, 47.922663189837294 ], [ 4.894497748682851, 47.922839543010674 ], [ 4.892751581363044, 47.922696654986218 ], [ 4.89025674453569, 47.922214709806546 ], [ 4.889094743883742, 47.921927333146876 ], [ 4.886666580697513, 47.921435238087888 ], [ 4.882499087541999, 47.9209889888063 ], [ 4.881741566782864, 47.920776075440166 ], [ 4.880527699397586, 47.920534456536124 ], [ 4.878650984630895, 47.920483471710973 ], [ 4.87629817749016, 47.920224013543063 ], [ 4.875348858198723, 47.919888094096024 ], [ 4.8747417889126, 47.919762754613956 ], [ 4.872687716776428, 47.918859307595831 ], [ 4.872012475057459, 47.918699032871814 ], [ 4.870299431294385, 47.917970150258562 ], [ 4.869343852113968, 47.917454240993443 ], [ 4.870106236377114, 47.916667923472367 ], [ 4.870735080297906, 47.91589272968443 ], [ 4.870848300278284, 47.915305789387112 ], [ 4.870548224137455, 47.914770443107749 ], [ 4.869404289437012, 47.913087260022927 ], [ 4.868433523845414, 47.91251757244266 ], [ 4.867885869163239, 47.912175202495376 ], [ 4.867252862344789, 47.911690153435991 ], [ 4.867023642482781, 47.910883607623902 ], [ 4.866649125562089, 47.91013338362297 ], [ 4.866168100518526, 47.909780944420007 ], [ 4.865455580713588, 47.908937064374797 ], [ 4.864689134370837, 47.908463123503168 ], [ 4.864123851518895, 47.907616897059228 ], [ 4.862640260827516, 47.906164091828686 ], [ 4.86140859121858, 47.904257167402307 ], [ 4.860442309144948, 47.903426281512189 ], [ 4.86014555768117, 47.902980876301442 ], [ 4.859790562531919, 47.902401360752556 ], [ 4.859220234879842, 47.901789245623988 ], [ 4.85921235745765, 47.901564316688066 ], [ 4.859534249578551, 47.901199132836638 ], [ 4.860500393248377, 47.900499662639099 ], [ 4.861603461088539, 47.899888034342219 ], [ 4.861600306186313, 47.899798062732906 ], [ 4.861462094936232, 47.899674223932813 ], [ 4.860609686899237, 47.898652487319438 ], [ 4.860386929670718, 47.898025865711752 ], [ 4.860542706085554, 47.897123179737854 ], [ 4.860138504943785, 47.897048565456558 ], [ 4.860376623269024, 47.896585681202055 ], [ 4.860434058413671, 47.896314705636399 ], [ 4.859491569119666, 47.89615859689318 ], [ 4.858015518478908, 47.896055937588116 ], [ 4.857886455615636, 47.89619301283868 ], [ 4.857687350957326, 47.896241174594991 ], [ 4.857004574909452, 47.895855881609407 ], [ 4.856782652696433, 47.895634337613316 ], [ 4.854641565315092, 47.896802456198728 ], [ 4.84651202610511, 47.900531459197865 ], [ 4.845737011730514, 47.90095774333691 ], [ 4.845142737107538, 47.901192137346918 ], [ 4.842816082780151, 47.902813049933719 ], [ 4.841317565288019, 47.903610740503595 ], [ 4.834037192396546, 47.906785391196848 ], [ 4.833316755347272, 47.907246744469383 ], [ 4.8312741844258, 47.909358088748796 ], [ 4.829964388679497, 47.911367955130999 ], [ 4.829473481962333, 47.912275805515549 ], [ 4.829368542322552, 47.912727540795508 ], [ 4.828942462053263, 47.915128709610897 ], [ 4.82901372018477, 47.915253627739979 ], [ 4.830181764572409, 47.915730540117373 ], [ 4.830937727853328, 47.916294884258136 ], [ 4.831087086155957, 47.916742655192763 ], [ 4.830926095313198, 47.917510334164142 ], [ 4.831219578321458, 47.917865837840097 ], [ 4.831964712846375, 47.918115274672793 ], [ 4.833989132181663, 47.918569786496541 ], [ 4.834938166017793, 47.918906040412054 ], [ 4.836524692450157, 47.919862459238217 ], [ 4.836666323295324, 47.920085294174115 ], [ 4.837448574674761, 47.921018267265914 ], [ 4.838149592084571, 47.92153841523043 ], [ 4.839404741659988, 47.922590001151143 ], [ 4.839675566830653, 47.922675779357476 ], [ 4.839852043516869, 47.922357945705464 ], [ 4.840639554497827, 47.921895507760411 ], [ 4.842275570989924, 47.921185706197846 ], [ 4.843473651718253, 47.920977865577406 ], [ 4.84494723933924, 47.920990735236849 ], [ 4.846766408120546, 47.921313223360706 ], [ 4.846860808202054, 47.921716829291299 ], [ 4.846888989563652, 47.922526566439494 ], [ 4.846702847282206, 47.92410484259382 ], [ 4.846742847762675, 47.924869382825243 ], [ 4.846532348388794, 47.926132969923849 ], [ 4.846388771440897, 47.927395503606157 ], [ 4.846624560190151, 47.928012933154434 ], [ 4.84771585613526, 47.92858090055865 ], [ 4.848216270381104, 47.929104144412115 ], [ 4.849095825846456, 47.929360361572698 ], [ 4.851251238577489, 47.929713498113692 ], [ 4.852130818794612, 47.929969692458592 ], [ 4.853649477418837, 47.930881943800834 ], [ 4.855512316764281, 47.932058799179529 ], [ 4.856014414368204, 47.932626993702691 ], [ 4.855928543981368, 47.933618566718827 ], [ 4.856417587453296, 47.934195967470401 ], [ 4.858481116172286, 47.935360602861522 ], [ 4.858753613447272, 47.935491321293156 ], [ 4.859388403155521, 47.9360213939947 ], [ 4.859606577539476, 47.936513048594612 ], [ 4.860043393977057, 47.937127268764598 ], [ 4.860727038727366, 47.93752153141498 ], [ 4.862094799984296, 47.937940957302949 ], [ 4.863450773840387, 47.938405564253287 ], [ 4.863724879397668, 47.938581255637551 ], [ 4.863889547025714, 47.939073751067788 ], [ 4.864243251430925, 47.939608256653059 ], [ 4.865065283744001, 47.940126325965437 ], [ 4.865756065446392, 47.940340407484022 ], [ 4.866096820746109, 47.940506033068019 ], [ 4.865645899914823, 47.941017303186726 ], [ 4.865467933727034, 47.941290187332314 ], [ 4.865209625773079, 47.941564346550862 ], [ 4.864585140580847, 47.942474452448096 ], [ 4.863453777473729, 47.944211769363015 ], [ 4.862322780022462, 47.945579988065766 ], [ 4.861698513820335, 47.946499073285409 ], [ 4.861256655314691, 47.947271234848571 ], [ 4.860398421082738, 47.948779140286078 ], [ 4.859498041404327, 47.949468532704209 ], [ 4.859113626116173, 47.949969718491005 ], [ 4.857599841524834, 47.95189305215689 ], [ 4.857668380322755, 47.951936978112769 ], [ 4.857740070687365, 47.952070872886424 ], [ 4.856313648682837, 47.953047609950659 ], [ 4.85612062673795, 47.953275705052484 ], [ 4.855215708931845, 47.953839106438913 ], [ 4.852043179350452, 47.956238623224372 ], [ 4.850250401671338, 47.957860182113912 ], [ 4.849982518385641, 47.957864398879572 ], [ 4.849913978293724, 47.957820468602932 ], [ 4.849716204153545, 47.957913599408819 ], [ 4.847677037125095, 47.960160116575949 ], [ 4.847477683064367, 47.960208259144906 ], [ 4.847004478922479, 47.96008967084402 ], [ 4.845182055142008, 47.96125251909114 ], [ 4.841009908766615, 47.960750827728646 ], [ 4.838387602236105, 47.960494812415931 ], [ 4.836643462958617, 47.960441062667087 ], [ 4.836180873250668, 47.960628325253758 ], [ 4.835914843835256, 47.960686491327607 ], [ 4.835707690625304, 47.960509691513359 ], [ 4.835506767264424, 47.960512829284994 ], [ 4.83478094362003, 47.960839222974663 ], [ 4.834247011739282, 47.960901566773131 ], [ 4.83296049199882, 47.960516557050681 ], [ 4.832085471295285, 47.960404174532805 ], [ 4.831833113755936, 47.960858195251795 ], [ 4.829503004156813, 47.960912489290926 ], [ 4.827490959953136, 47.960862773249801 ], [ 4.826909882106294, 47.961501927593019 ], [ 4.826777480096685, 47.961548994030657 ], [ 4.825033317939239, 47.961495072070583 ], [ 4.82485383559801, 47.961731903559546 ], [ 4.824395836225647, 47.962054073391215 ], [ 4.823858475874996, 47.962017403855363 ], [ 4.823338131549949, 47.962475562495634 ], [ 4.823072078786654, 47.96253369944062 ], [ 4.822394575815385, 47.962319162298407 ], [ 4.822330690816191, 47.962410169899549 ], [ 4.821995805220681, 47.962415361217943 ], [ 4.821656592354539, 47.962294594642565 ], [ 4.821455661403396, 47.962297708396207 ], [ 4.820817823386355, 47.962847693115201 ], [ 4.821091913999166, 47.963023481273538 ], [ 4.821233595262112, 47.963246328918245 ], [ 4.820845628975547, 47.963657416046715 ], [ 4.819815463997746, 47.964492523655053 ], [ 4.819546001109559, 47.964451686458936 ], [ 4.818594398385506, 47.964061336042406 ], [ 4.817783244419208, 47.963857841837019 ], [ 4.820061344526867, 47.961113076509321 ], [ 4.819418930234164, 47.960357876085304 ], [ 4.816374870106168, 47.959522787782326 ], [ 4.815969947517194, 47.959439027350982 ], [ 4.815574575338711, 47.959634171162634 ], [ 4.815236626803048, 47.959549373680154 ], [ 4.813895922499425, 47.959534064596831 ], [ 4.813693462959582, 47.959492180287107 ], [ 4.812547530871162, 47.95929381610862 ], [ 4.811007449975246, 47.9593265571011 ], [ 4.810541707661344, 47.959423749237871 ], [ 4.810080570222877, 47.95965589407426 ], [ 4.809054917530743, 47.96062586392835 ], [ 4.808762591325681, 47.961485523021373 ], [ 4.804911880178405, 47.96214782674992 ], [ 4.801641308655568, 47.962531062429136 ], [ 4.800640004080154, 47.962645423477703 ], [ 4.79843003936746, 47.962688257742727 ], [ 4.798026951432963, 47.962658417575454 ], [ 4.798020849877085, 47.962478477878783 ], [ 4.796681600777364, 47.96250795743105 ], [ 4.796343664147263, 47.96242310579045 ], [ 4.794801959758368, 47.962410649470776 ], [ 4.793592101122565, 47.962303093492977 ], [ 4.793153387574126, 47.962804876985693 ], [ 4.792555146142022, 47.962949026028262 ], [ 4.791856406315861, 47.963688811602836 ], [ 4.791413387858726, 47.964460702101434 ], [ 4.791256237057286, 47.965363258968466 ], [ 4.791122274161213, 47.965365300200403 ], [ 4.786713543073556, 47.9641991715568 ], [ 4.786512602874469, 47.964202225585737 ], [ 4.785061370779013, 47.968869095571733 ], [ 4.785396943854215, 47.970475282366287 ], [ 4.785711627262136, 47.971460675996688 ], [ 4.786043542539581, 47.971365618397748 ], [ 4.787515482657311, 47.971289238408453 ], [ 4.78771948345062, 47.971376152304558 ], [ 4.788679060015185, 47.973197877953403 ], [ 4.789138433126144, 47.974496115306401 ], [ 4.789728476829078, 47.975693344073719 ], [ 4.790653831188279, 47.976894464870455 ], [ 4.791362729012522, 47.977639797063404 ], [ 4.791870008667733, 47.979162330462657 ], [ 4.792948036269176, 47.980910199397158 ], [ 4.793567490139021, 47.980990767922783 ], [ 4.794634345104126, 47.983197869174482 ], [ 4.794972121978875, 47.98446192870226 ], [ 4.795958620669659, 47.984293840933248 ], [ 4.796363701476105, 47.984377668992202 ], [ 4.796368275310898, 47.984512621990675 ], [ 4.797404547991727, 47.986603143561993 ], [ 4.798608862648302, 47.986530721706032 ], [ 4.798114720165612, 47.985008019486827 ], [ 4.800282050495149, 47.984866841822623 ], [ 4.801439138625381, 47.984984145458199 ], [ 4.803209694243066, 47.985398084945139 ], [ 4.805148367335574, 47.985629386816605 ], [ 4.80692388104018, 47.986187219574369 ], [ 4.808391501684862, 47.986758762410844 ], [ 4.809095560101397, 47.987351037180403 ], [ 4.809874939220319, 47.988185190190343 ], [ 4.810217363876668, 47.98839595689325 ], [ 4.81023691189948, 47.98857568675799 ], [ 4.809789651906977, 47.989221679253291 ], [ 4.809188923180216, 47.990086067184947 ], [ 4.807841411444921, 47.990286818741694 ], [ 4.804427743287539, 47.992031525851239 ], [ 4.802059507696618, 47.992976986255613 ], [ 4.796842060281015, 47.99453305136344 ], [ 4.79632116322747, 47.994991081103919 ], [ 4.795569971551051, 47.996172740735204 ], [ 4.793248928622823, 47.996541203084227 ], [ 4.793262629552586, 47.996946059314986 ], [ 4.793301580011389, 47.999285839679871 ], [ 4.792949370471848, 48.000371380078533 ], [ 4.79359311077218, 48.001162693328958 ], [ 4.79375275238564, 48.001520316029911 ], [ 4.793489211958951, 48.001659355592757 ], [ 4.793632403228457, 48.001927214975758 ], [ 4.793169603951753, 48.002123300213974 ], [ 4.793107143141071, 48.002259273534513 ], [ 4.793384086335916, 48.002516092899825 ], [ 4.7934096729845, 48.002875759368941 ], [ 4.793013893673667, 48.003070822001263 ], [ 4.792157731266534, 48.003533938517911 ], [ 4.792131495718052, 48.004344464469611 ], [ 4.792087000467104, 48.004615184286564 ], [ 4.792167726161718, 48.005019017460263 ], [ 4.793078118962647, 48.005761262529262 ], [ 4.793084208718426, 48.005941197606113 ], [ 4.792619850300251, 48.006092296422658 ], [ 4.792150619921046, 48.006099445321453 ], [ 4.791675304403981, 48.00592665721841 ], [ 4.791206379534115, 48.005942799109469 ], [ 4.79075387541526, 48.006444764057512 ], [ 4.790491822890006, 48.006628780251319 ], [ 4.789903446680893, 48.006682740251826 ], [ 4.789707208280437, 48.006829747769658 ], [ 4.789577698971453, 48.006966738537656 ], [ 4.789856169403951, 48.007268549216818 ], [ 4.789932322684946, 48.007537431962838 ], [ 4.789548383267624, 48.007687294630472 ], [ 4.789420390839878, 48.007869268908976 ], [ 4.789083695644797, 48.007829382573121 ], [ 4.786886017178078, 48.006701604857554 ], [ 4.786144398995038, 48.00658684732467 ], [ 4.783001989572255, 48.006877550696522 ], [ 4.782071077802672, 48.007116689299728 ], [ 4.780799238180671, 48.007189955575406 ], [ 4.780529588266259, 48.0071490300571 ], [ 4.779254724256025, 48.007132311850583 ], [ 4.778580150918115, 48.00701649286524 ], [ 4.777629595049686, 48.006670805290057 ], [ 4.776321729629115, 48.006069466470983 ], [ 4.774964789077731, 48.005603874008827 ], [ 4.774080109305061, 48.005221158869134 ], [ 4.773065594101356, 48.004966412939126 ], [ 4.771405137916775, 48.005450495124443 ], [ 4.76993823683236, 48.005706608099466 ], [ 4.767270927640234, 48.0057647091474 ], [ 4.763492290907516, 48.005479360650256 ], [ 4.759316243159969, 48.004938797038719 ], [ 4.755689650102354, 48.004785945074573 ], [ 4.749300809603172, 48.004251026505287 ], [ 4.747156100258721, 48.004291899119401 ], [ 4.742137014670866, 48.004618367617027 ], [ 4.738211172654959, 48.005153504849702 ], [ 4.736607104322483, 48.005321214095538 ], [ 4.735354250769588, 48.005564732439687 ], [ 4.733038100782503, 48.00651700076348 ], [ 4.730256915201251, 48.007197023741178 ], [ 4.727401581501361, 48.007662039127801 ], [ 4.72499033004247, 48.007760425781228 ], [ 4.719943437560306, 48.008896455208429 ], [ 4.71994489799591, 48.008941439817256 ], [ 4.721935739490799, 48.00993845570283 ], [ 4.722209452956241, 48.010105472147053 ], [ 4.718899500057915, 48.011035990694779 ], [ 4.718297594115558, 48.011089788351924 ], [ 4.717681101195597, 48.010693737130943 ], [ 4.716751577219699, 48.010986339808845 ], [ 4.715508986978151, 48.011553534928431 ], [ 4.712790171953372, 48.013762421985852 ], [ 4.712217922591252, 48.014319820229993 ], [ 4.710658863075005, 48.015476639318564 ], [ 4.709402402544067, 48.01603496637545 ], [ 4.708362209386574, 48.016644146585058 ], [ 4.707465950036533, 48.017557266420567 ], [ 4.706043690289783, 48.018802045099463 ], [ 4.705334316208273, 48.019271383186187 ], [ 4.704354602329742, 48.020095674837734 ], [ 4.704238250439468, 48.020232376221962 ], [ 4.705060257042687, 48.020760534465296 ], [ 4.705558683670054, 48.021239370542212 ], [ 4.705911338479489, 48.021774324146726 ], [ 4.706648936486937, 48.021763629857048 ], [ 4.710108695652275, 48.021290354256344 ], [ 4.712573098937881, 48.020741454052001 ], [ 4.713371913414818, 48.020549804355127 ], [ 4.713788493697313, 48.020984792768637 ], [ 4.714056706611906, 48.020980886518622 ], [ 4.714520254468922, 48.020794111774954 ], [ 4.714788466364104, 48.020790203856976 ], [ 4.714533359983311, 48.021198970750277 ], [ 4.713572986059975, 48.022203079926889 ], [ 4.7127309770573, 48.022719398518092 ], [ 4.712400063011668, 48.02285923036959 ], [ 4.712271768961063, 48.023041118890774 ], [ 4.712238484205769, 48.023671679453031 ], [ 4.710238694523394, 48.024069801570015 ], [ 4.709445913789722, 48.024450363618676 ], [ 4.708739106661366, 48.025000692238606 ], [ 4.708140223605454, 48.025153402889494 ], [ 4.707536695975153, 48.025162160733835 ], [ 4.707334069879586, 48.025120095027255 ], [ 4.705951132528792, 48.025509192498404 ], [ 4.705290680496028, 48.025833800943921 ], [ 4.705038662690498, 48.02634151138286 ], [ 4.704946917958134, 48.027242945667005 ], [ 4.705043033022887, 48.027727609927474 ], [ 4.705605606363419, 48.028529552956208 ], [ 4.707460271288345, 48.032364107130867 ], [ 4.708110378047227, 48.033380791837594 ], [ 4.70879703630757, 48.033865881912938 ], [ 4.709083084443643, 48.033996744388453 ], [ 4.70956244864552, 48.03429581816421 ], [ 4.710657527857545, 48.036206126814513 ], [ 4.712634349691775, 48.037158493737735 ], [ 4.713394309254573, 48.037417465428277 ], [ 4.713872272695673, 48.037671537134727 ], [ 4.714995011208143, 48.038771311404766 ], [ 4.716177874627917, 48.039654174276833 ], [ 4.718491482481861, 48.040637538085527 ], [ 4.721838944144207, 48.040390604482731 ], [ 4.723154654799163, 48.045762954806825 ], [ 4.719778034170301, 48.046775428919275 ], [ 4.71658941786814, 48.047380019662754 ], [ 4.713807622207736, 48.048113616328514 ], [ 4.712509846657053, 48.049077597870458 ], [ 4.711006682460102, 48.049918535434813 ], [ 4.710422058888448, 48.0505210905268 ], [ 4.709108251595796, 48.052655383287487 ], [ 4.708061561710409, 48.054749779188455 ], [ 4.707000281416442, 48.056394329015355 ], [ 4.706256376149297, 48.057890254765979 ], [ 4.705887493200861, 48.058525659765237 ], [ 4.705451499651464, 48.05916203507887 ], [ 4.704506675060446, 48.059841777201406 ], [ 4.704308264279645, 48.059934657212651 ], [ 4.703687055336213, 48.060240673490064 ], [ 4.702074976562151, 48.061884134917563 ], [ 4.701385235850135, 48.062983202062753 ], [ 4.700943368266349, 48.063439625804399 ], [ 4.700623732700167, 48.063939286947452 ], [ 4.699912036731584, 48.066028749796011 ], [ 4.699537242156532, 48.06648419878649 ], [ 4.698483676625038, 48.067129452107196 ], [ 4.697899153030173, 48.067326896139498 ], [ 4.696487199724515, 48.06726623344003 ], [ 4.69602606467096, 48.067542897981696 ], [ 4.69556348345734, 48.067774577462089 ], [ 4.694927677565247, 48.068467787863483 ], [ 4.694173179850098, 48.069648743444304 ], [ 4.692740573433211, 48.070623420733341 ], [ 4.691774574512672, 48.071492370597674 ], [ 4.691582137550745, 48.071774157648477 ], [ 4.690483297528843, 48.072690006915394 ], [ 4.68968964640545, 48.073070423942511 ], [ 4.688818526238874, 48.073127919265822 ], [ 4.687537798667158, 48.072975258735916 ], [ 4.686394184678243, 48.072910628992418 ], [ 4.685337994203519, 48.073060755145313 ], [ 4.684604259884673, 48.073215261720172 ], [ 4.683347871029058, 48.073827269610298 ], [ 4.678082431084363, 48.07464945047743 ], [ 4.677363218821719, 48.074839707144271 ], [ 4.676659136424681, 48.075083748205742 ], [ 4.676619148035039, 48.075093318023505 ], [ 4.67530009279132, 48.075427107654718 ], [ 4.672348672516952, 48.075532046343454 ], [ 4.670959614561641, 48.075776773605327 ], [ 4.669553144538241, 48.075895721513717 ], [ 4.669220648584656, 48.075999440524186 ], [ 4.665432652927652, 48.076836108896138 ], [ 4.664349032126251, 48.076545399864528 ], [ 4.663006823721636, 48.07657335461635 ], [ 4.660741812233807, 48.077154345263196 ], [ 4.660560920372399, 48.077381911319016 ], [ 4.658924694329147, 48.078314027284861 ], [ 4.658263294862535, 48.07863836073038 ], [ 4.657543497355061, 48.079242531485818 ], [ 4.658881325351366, 48.080357781875129 ], [ 4.659072789862772, 48.080895123552338 ], [ 4.659777152862293, 48.081083216898421 ], [ 4.660865360547157, 48.081517913429074 ], [ 4.663517541427049, 48.082137543591294 ], [ 4.664868384504241, 48.082379482042235 ], [ 4.667587788109969, 48.082998071649598 ], [ 4.66913865130103, 48.08319212736896 ], [ 4.669877112853431, 48.08318166393456 ], [ 4.672191437704056, 48.082455792010101 ], [ 4.675045879818031, 48.081821203208605 ], [ 4.676615345238212, 48.081330845732822 ], [ 4.676668479288446, 48.081312088288172 ], [ 4.677040701776405, 48.081189782105923 ], [ 4.67751061310852, 48.081183092572161 ], [ 4.679754187372258, 48.082042194216257 ], [ 4.680225248880387, 48.082071480244359 ], [ 4.683293357891789, 48.083089766925099 ], [ 4.684329525794686, 48.083569996321536 ], [ 4.684466370163528, 48.083649046092738 ], [ 4.684602068978835, 48.08369210940382 ], [ 4.684947764353577, 48.084002189869643 ], [ 4.685356298460034, 48.084176360486609 ], [ 4.686297319072399, 48.08419889952016 ], [ 4.687248670445556, 48.084545307338395 ], [ 4.688420321060424, 48.085059563814738 ], [ 4.689982817584753, 48.085613207140298 ], [ 4.69060880293046, 48.085865246873219 ], [ 4.690880222148833, 48.085951359066087 ], [ 4.691897332724362, 48.086251782825094 ], [ 4.69210564849512, 48.086464807699002 ], [ 4.692251433974528, 48.086822740969325 ], [ 4.693013446825685, 48.087126818513269 ], [ 4.693483408861405, 48.087120065310856 ], [ 4.693666784835511, 48.086973418986119 ], [ 4.694138186073918, 48.087011645835844 ], [ 4.694965908774174, 48.087269762800261 ], [ 4.704024729185996, 48.088660227414039 ], [ 4.704494413533041, 48.088644433812448 ], [ 4.704758620972123, 48.08850560146864 ], [ 4.704960037892268, 48.088502687398524 ], [ 4.70613448031641, 48.089511767729732 ], [ 4.706166770656833, 48.090096344867298 ], [ 4.706046997311797, 48.090548113125251 ], [ 4.706320262795218, 48.091939261865889 ], [ 4.706949591979628, 48.093955298763952 ], [ 4.706972820028585, 48.094675015300233 ], [ 4.706929264764974, 48.094990669213431 ], [ 4.706266500045963, 48.095270286224604 ], [ 4.705510011364848, 48.095560256359668 ], [ 4.704624727058036, 48.096023096694552 ], [ 4.703969183537492, 48.096527611846653 ], [ 4.703668602684203, 48.097207005182909 ], [ 4.70365255713792, 48.09837731945666 ], [ 4.704097983933557, 48.100108000831405 ], [ 4.706695922303893, 48.100250423443057 ], [ 4.707816486442604, 48.100414204785267 ], [ 4.708492447514134, 48.100125388908879 ], [ 4.709368352778556, 48.10020269539055 ], [ 4.711541766077335, 48.10051317896697 ], [ 4.713633453466541, 48.100788808446488 ], [ 4.715057991835894, 48.101209120175064 ], [ 4.716500364129755, 48.101764164815521 ], [ 4.717389163523008, 48.102237252650482 ], [ 4.719496235950345, 48.104222676515683 ], [ 4.720315017423569, 48.104606757542129 ], [ 4.721753436578598, 48.105035787626385 ], [ 4.72415793481093, 48.106242729640719 ], [ 4.724641266764555, 48.106640687662242 ], [ 4.724857131315903, 48.107078560193251 ], [ 4.725212245149488, 48.107253376143781 ], [ 4.726138435933096, 48.108454902375868 ], [ 4.726651100011257, 48.109338456213926 ], [ 4.727921718786233, 48.110795940487705 ], [ 4.728076634812128, 48.111423712746088 ], [ 4.728052303966422, 48.112324130358289 ], [ 4.728286359111295, 48.11290573874529 ], [ 4.728662113610304, 48.113710283922657 ], [ 4.728888336970616, 48.114463016936767 ], [ 4.72878243115153, 48.114923600254535 ], [ 4.729002777054598, 48.11549640692823 ], [ 4.729511436948832, 48.116253996395358 ], [ 4.729859080357487, 48.116608919720861 ], [ 4.7302287019417, 48.117224536406177 ], [ 4.730610406781701, 48.118208998192181 ], [ 4.731034084472872, 48.118832819129324 ], [ 4.731739624132562, 48.119443498449179 ], [ 4.731873979653978, 48.119441525074095 ], [ 4.732844618791207, 48.118707217780653 ], [ 4.733840173241017, 48.118323558226237 ], [ 4.735026758014945, 48.118027084915752 ], [ 4.73689704162207, 48.117675526574821 ], [ 4.739696316322119, 48.116554183170109 ], [ 4.739620374958543, 48.115880257756437 ], [ 4.744042001818674, 48.115049880127756 ], [ 4.748061308424377, 48.114657331058339 ], [ 4.752460275098742, 48.114772038517799 ], [ 4.756642834374405, 48.115249833255341 ], [ 4.761059498709037, 48.115489966591525 ], [ 4.763277679786373, 48.115501816020178 ], [ 4.763952557227813, 48.114780666947546 ], [ 4.765040430516921, 48.114755384696487 ], [ 4.766509178035584, 48.1144633661564 ], [ 4.769353375355626, 48.113502644004342 ], [ 4.770753087304787, 48.113157603293367 ], [ 4.776760972912001, 48.112356154268689 ], [ 4.776988134333366, 48.112316727533404 ], [ 4.778258876673735, 48.112135553388612 ], [ 4.778654384495433, 48.112705633904419 ], [ 4.780080382449665, 48.1119460504421 ], [ 4.781215148551261, 48.110920826932947 ], [ 4.781830650212355, 48.110839519441718 ], [ 4.784460661930876, 48.109917663698113 ], [ 4.785103316473815, 48.109844928559099 ], [ 4.786884779752944, 48.109268891734445 ], [ 4.7869489031443, 48.109177911984155 ], [ 4.788852475264441, 48.108239962057979 ], [ 4.790113028128583, 48.10776178608775 ], [ 4.793766940184779, 48.106923171684173 ], [ 4.796158456001181, 48.106508721257299 ], [ 4.804271386188893, 48.104809673533204 ], [ 4.80527383869756, 48.104650311247987 ], [ 4.806345286384753, 48.104543888147809 ], [ 4.811953339643953, 48.103881757936676 ], [ 4.818367118448267, 48.103206931332799 ], [ 4.819307294958882, 48.10319242347876 ], [ 4.824736924241085, 48.104377619863016 ], [ 4.83155842296152, 48.105000895128192 ], [ 4.8343862136506, 48.105163943063829 ], [ 4.835224872117882, 48.107257103684859 ], [ 4.835619390228278, 48.108556092808314 ], [ 4.835397883055878, 48.111079793329232 ], [ 4.834894288287752, 48.111672690471401 ], [ 4.834820219323338, 48.113023975519695 ], [ 4.834599320828904, 48.114017509414815 ], [ 4.834643972776726, 48.114916901380397 ], [ 4.834259679817466, 48.115462932728036 ], [ 4.833754782371364, 48.116019839264581 ], [ 4.833522931038286, 48.116698509222907 ], [ 4.833349492021612, 48.117511282741717 ], [ 4.833231699595925, 48.11760312279069 ], [ 4.83193782639604, 48.118667331145012 ], [ 4.83160119975352, 48.120202702144525 ], [ 4.830906848285953, 48.121113568366233 ], [ 4.830606201504843, 48.121748293516845 ], [ 4.8307273189729, 48.122916518454169 ], [ 4.831117168805353, 48.124080569635794 ], [ 4.831299252559306, 48.125067829787277 ], [ 4.831255444835296, 48.125743569626714 ], [ 4.831021960577976, 48.12637725051701 ], [ 4.830319729924518, 48.127063210934594 ], [ 4.830036173566885, 48.128192708826028 ], [ 4.829514558543309, 48.128659841623147 ], [ 4.828601375223617, 48.129079039541352 ], [ 4.828673232190234, 48.129212936766187 ], [ 4.829082588552809, 48.129386603627168 ], [ 4.829291938175258, 48.129608375520363 ], [ 4.830108794755793, 48.129901727840355 ], [ 4.831610993392933, 48.130184432399815 ], [ 4.833524755220926, 48.131090773720537 ], [ 4.834983240621115, 48.132049172912559 ], [ 4.836898059279355, 48.132595413318882 ], [ 4.837854082439726, 48.133021556634155 ], [ 4.83934610345444, 48.133394330384093 ], [ 4.839685202074523, 48.133479049045924 ], [ 4.840725029881271, 48.133993869847721 ], [ 4.841435486585655, 48.13470284068152 ], [ 4.842370758242721, 48.136074351878619 ], [ 4.842717721070178, 48.136383958123851 ], [ 4.842931861502317, 48.136740642582893 ], [ 4.843576441598261, 48.137486632566656 ], [ 4.844400591252575, 48.139138886653569 ], [ 4.844928092874634, 48.140381740224122 ], [ 4.846074596154327, 48.142019937802374 ], [ 4.846343413155688, 48.142015730441919 ], [ 4.849344932329701, 48.141320657329871 ], [ 4.849615319970147, 48.141361421556596 ], [ 4.849823228540416, 48.141538176179871 ], [ 4.850093617662653, 48.141578939304438 ], [ 4.850099917169891, 48.141758855401122 ], [ 4.850442237047282, 48.141933500696474 ], [ 4.850849872822815, 48.142053115710517 ], [ 4.851396962326318, 48.142314552564478 ], [ 4.851819935774897, 48.142487928015335 ], [ 4.852366719210244, 48.142740364501925 ], [ 4.85237460344729, 48.142965259291088 ], [ 4.852243346262417, 48.143057327826966 ], [ 4.851171525521688, 48.143173161078181 ], [ 4.851110623038005, 48.143354131573936 ], [ 4.851611843482042, 48.143841305637842 ], [ 4.851621300916696, 48.144111179240383 ], [ 4.850994188377746, 48.145021094117475 ], [ 4.850600392917332, 48.145297294278706 ], [ 4.849930199261756, 48.145361810454673 ], [ 4.848984558874077, 48.145241625321702 ], [ 4.848789229459546, 48.145424701126863 ], [ 4.848948106299358, 48.145737236202606 ], [ 4.848960698548066, 48.146097067484682 ], [ 4.848763792009225, 48.146235164241958 ], [ 4.847820026331777, 48.146168944533756 ], [ 4.847488697185016, 48.146309144589246 ], [ 4.847050854841154, 48.14686504391922 ], [ 4.84678515765371, 48.146959210695456 ], [ 4.846173976054309, 48.146788762955957 ], [ 4.845502186959605, 48.146808274995216 ], [ 4.844906717317285, 48.147087609947896 ], [ 4.844068398539112, 48.147730765841864 ], [ 4.84346851653539, 48.147884152403812 ], [ 4.843271588984784, 48.148022239828045 ], [ 4.842970937630207, 48.148656984995213 ], [ 4.84238798202771, 48.14929613802628 ], [ 4.841740578325832, 48.14963027090716 ], [ 4.840468525588967, 48.149794132997933 ], [ 4.840069939766294, 48.149935360421324 ], [ 4.839234648729933, 48.150668438500702 ], [ 4.838367422096186, 48.150870968853951 ], [ 4.837642130555675, 48.151287297705352 ], [ 4.836989980398593, 48.151486467403075 ], [ 4.836932147699911, 48.151757387343913 ], [ 4.837526818014214, 48.152999216823396 ], [ 4.83974928804649, 48.155790783180926 ], [ 4.840068908898897, 48.156856873940782 ], [ 4.840118390744973, 48.157891173879484 ], [ 4.839924550546907, 48.158119212093247 ], [ 4.839052506342925, 48.158186810494975 ], [ 4.838252380831692, 48.158388291197753 ], [ 4.837671752266615, 48.158712356644159 ], [ 4.837349704746964, 48.159122399001646 ], [ 4.837232461267127, 48.1596192576988 ], [ 4.837061433618418, 48.160116953416917 ], [ 4.836088668698641, 48.160771135802513 ], [ 4.835449207983211, 48.16172614556131 ], [ 4.835412617052085, 48.162221746705576 ], [ 4.835718432439963, 48.162892033200592 ], [ 4.83665249064369, 48.164218585004335 ], [ 4.837579084095374, 48.165329231584224 ], [ 4.837663533125139, 48.165822947712712 ], [ 4.83693836412626, 48.167409335124361 ], [ 4.836886771345449, 48.167860165712263 ], [ 4.837055032611751, 48.168442582345364 ], [ 4.837338068094223, 48.168843200938127 ], [ 4.837947597948635, 48.168959717866009 ], [ 4.838578720865163, 48.169309909492206 ], [ 4.838852375724496, 48.169440654269728 ], [ 4.840295433847444, 48.170309215793054 ], [ 4.840316718933003, 48.170533897478677 ], [ 4.84162534754597, 48.171404538943555 ], [ 4.842124863897006, 48.171837770154461 ], [ 4.842790579329185, 48.173177458562549 ], [ 4.843863027323971, 48.173061703809843 ], [ 4.844680951099663, 48.173363942193745 ], [ 4.845091959531493, 48.173573530787394 ], [ 4.845583979241192, 48.173790851814495 ], [ 4.846203334021645, 48.174186189897256 ], [ 4.846681600332977, 48.174394721005484 ], [ 4.847027266921179, 48.174659328454105 ], [ 4.847056448788188, 48.175108898479287 ], [ 4.847195661672614, 48.175241727916514 ], [ 4.848147817179768, 48.175532841390741 ], [ 4.849636385272722, 48.175770540214771 ], [ 4.850602328529617, 48.176070418628235 ], [ 4.850611786577108, 48.176340286388367 ], [ 4.850297612504886, 48.176975248830225 ], [ 4.850067282082882, 48.177698901219294 ], [ 4.849732609801065, 48.177749148726598 ], [ 4.849055702995292, 48.177633746810272 ], [ 4.847910886762478, 48.177606671736882 ], [ 4.847912460850663, 48.177651649688919 ], [ 4.848221672978573, 48.178411852561631 ], [ 4.847688390476828, 48.178555208805228 ], [ 4.847558925249261, 48.178701243404674 ], [ 4.848578396387468, 48.178991300113502 ], [ 4.848662247425578, 48.17907999208726 ], [ 4.848265036919756, 48.179266222261752 ], [ 4.847076850167271, 48.179923855990523 ], [ 4.847096594510882, 48.180103557085388 ], [ 4.848005197833596, 48.181070391053524 ], [ 4.848505172894468, 48.181512587958366 ], [ 4.848846170188641, 48.18164225533387 ], [ 4.849194730618986, 48.181987815170238 ], [ 4.849753873659446, 48.18373415101513 ], [ 4.85522383724966, 48.191172716780166 ], [ 4.855947592630542, 48.192232396339357 ], [ 4.856074051998073, 48.192383416165292 ], [ 4.856173921062295, 48.192543854310912 ], [ 4.856272525405243, 48.192668310455268 ], [ 4.857166315228588, 48.193968320866844 ], [ 4.858811076384847, 48.195949538382919 ], [ 4.859589883243222, 48.196657310882976 ], [ 4.860140752049037, 48.197008651820731 ], [ 4.861249305215273, 48.197522209613304 ], [ 4.864418714642373, 48.199209295381785 ], [ 4.864626900600402, 48.199386016919171 ], [ 4.864298459492756, 48.199616213157782 ], [ 4.863978705702984, 48.199711264914093 ], [ 4.863317047264331, 48.200036721587765 ], [ 4.863386080749812, 48.201610705162203 ], [ 4.862954297677836, 48.202346550342902 ], [ 4.862511074101349, 48.202758559377344 ], [ 4.862389208974452, 48.203120497242956 ], [ 4.8625380582051, 48.203523167767294 ], [ 4.862706716170588, 48.204105533491926 ], [ 4.86248278674942, 48.205009104157931 ], [ 4.86216699777089, 48.205599108717969 ], [ 4.862199499913045, 48.206138619140589 ], [ 4.862353117976914, 48.20667621963343 ], [ 4.863130225074956, 48.207329991317309 ], [ 4.863554595391362, 48.207908320575704 ], [ 4.863585524775463, 48.208402852965122 ], [ 4.863333840672248, 48.208901844008039 ], [ 4.862230684172693, 48.209693273110986 ], [ 4.861614082544429, 48.210918040571272 ], [ 4.861231722950257, 48.211149074876353 ], [ 4.860360415559318, 48.211261804979408 ], [ 4.859626542179625, 48.211453368001649 ], [ 4.85889773376104, 48.211788852021748 ], [ 4.858426683820175, 48.211796264203159 ], [ 4.857204647349892, 48.211509473446498 ], [ 4.85639713695189, 48.211522167323288 ], [ 4.856198423614094, 48.211615293500429 ], [ 4.854186596220345, 48.211844898595778 ], [ 4.852998256967195, 48.212133556151549 ], [ 4.851804653864022, 48.212656292121984 ], [ 4.851740516567276, 48.212747300697849 ], [ 4.851221933516754, 48.212935435309234 ], [ 4.850280126316062, 48.212959191936569 ], [ 4.848119139275812, 48.212777014871293 ], [ 4.84777983262406, 48.212701320427698 ], [ 4.847308772982303, 48.212708688275306 ], [ 4.845809391749958, 48.213731159944643 ], [ 4.845077003981493, 48.213967609103513 ], [ 4.843731399893374, 48.213997619679475 ], [ 4.84172382320724, 48.214352947388612 ], [ 4.841074047860844, 48.214642084781161 ], [ 4.840086554388547, 48.215287489918126 ], [ 4.838773182445465, 48.215856956819088 ], [ 4.838316196836661, 48.216269080681485 ], [ 4.837518667231992, 48.217730528514615 ], [ 4.836161384473334, 48.218975664419077 ], [ 4.835730331665898, 48.219747382573082 ], [ 4.835250736717409, 48.221059865582632 ], [ 4.835491149881351, 48.221776147681872 ], [ 4.835567845223802, 48.222044962395309 ], [ 4.836503558449275, 48.221841416312181 ], [ 4.836860446778286, 48.222420881806272 ], [ 4.837697257178157, 48.222857879018008 ], [ 4.838063254438995, 48.223698205062448 ], [ 4.838424229935997, 48.224007595862055 ], [ 4.838579225308549, 48.224590197151294 ], [ 4.838588630560384, 48.224860056788849 ], [ 4.839521245377265, 48.224566533991833 ], [ 4.839792052012406, 48.22460731839562 ], [ 4.840001824442638, 48.224829056786106 ], [ 4.840269494830456, 48.224779886919592 ], [ 4.840667076183919, 48.224593689527445 ], [ 4.84080138136146, 48.224582596887167 ], [ 4.841152056455706, 48.224982142041817 ], [ 4.841421296515004, 48.224977946136534 ], [ 4.841951924404031, 48.224744669699021 ], [ 4.842299153700816, 48.225045262994414 ], [ 4.843258099607733, 48.225120308543055 ], [ 4.843804440776359, 48.225336789129209 ], [ 4.844956267886103, 48.225534813813887 ], [ 4.847721673536457, 48.225653603128123 ], [ 4.850169466782001, 48.226317315246121 ], [ 4.851270962265666, 48.226615069529032 ], [ 4.851411900196988, 48.226792865620709 ], [ 4.851663294552102, 48.227814951053297 ], [ 4.851706754829398, 48.22866929016989 ], [ 4.853865243811378, 48.228761447033555 ], [ 4.85367436371973, 48.229079449185441 ], [ 4.852652173640742, 48.230274507740987 ], [ 4.852594335002173, 48.230545420609239 ], [ 4.85246128076271, 48.230592507595382 ], [ 4.852416904255087, 48.230863209248071 ], [ 4.851086800323945, 48.234034117871389 ], [ 4.849790205253709, 48.236628467683822 ], [ 4.848591879086515, 48.238186243603785 ], [ 4.847824212550809, 48.238963260606987 ], [ 4.84742024613474, 48.238969576054913 ], [ 4.847064156083829, 48.238804139354187 ], [ 4.845497050457336, 48.23829761341721 ], [ 4.84264951744675, 48.237775037666907 ], [ 4.839459790467766, 48.237482723814558 ], [ 4.838921182343809, 48.237491105999581 ], [ 4.839009814995415, 48.237714729794988 ], [ 4.841036658814735, 48.239429195576996 ], [ 4.841683367669125, 48.239815124570804 ], [ 4.841862506941213, 48.239929334360681 ], [ 4.842385835012346, 48.240254181539633 ], [ 4.843380218370177, 48.24094968489009 ], [ 4.844787175661257, 48.242268748394928 ], [ 4.845641366841034, 48.243191423469149 ], [ 4.845851237773726, 48.243413148573893 ], [ 4.846300198638652, 48.244306146106808 ], [ 4.846330118497887, 48.24516068762923 ], [ 4.845841109975627, 48.246203335222468 ], [ 4.845763282508367, 48.247059558178314 ], [ 4.843205061448238, 48.247117478192273 ], [ 4.843221673419176, 48.247207219847915 ], [ 4.843791518573077, 48.248089339176509 ], [ 4.844580334040798, 48.249067039402775 ], [ 4.845221588467758, 48.249678035268204 ], [ 4.845827661490111, 48.24966857292091 ], [ 4.846668839286182, 48.249061430538646 ], [ 4.846870861202496, 48.249058274293731 ], [ 4.847380925979002, 48.249770309202766 ], [ 4.847670780558293, 48.250350783045512 ], [ 4.848174247319855, 48.250873916137138 ], [ 4.848114786629478, 48.251099847230066 ], [ 4.846479640369115, 48.252124405404643 ], [ 4.84634810120452, 48.25221646042025 ], [ 4.845245357780012, 48.253052682403542 ], [ 4.844688214343506, 48.253691380015688 ], [ 4.844441170205148, 48.254334236780934 ], [ 4.844352985039135, 48.255280615138297 ], [ 4.844884795075114, 48.256613319935575 ], [ 4.844986076817626, 48.257196740193322 ], [ 4.848431385259918, 48.257439924174243 ], [ 4.851908838455329, 48.258213506136087 ], [ 4.855755628487654, 48.259521191941658 ], [ 4.857119815719022, 48.259985773088822 ], [ 4.857124568934977, 48.260120698797031 ], [ 4.856818692659482, 48.260620504146772 ], [ 4.857025511275009, 48.260752256235818 ], [ 4.857503337782123, 48.26092475071966 ], [ 4.857511261599055, 48.261149626716538 ], [ 4.857004897832835, 48.261697581761247 ], [ 4.856878105910387, 48.261924573403284 ], [ 4.85695655301814, 48.262238341768231 ], [ 4.857665786079796, 48.262857201546673 ], [ 4.858919933219105, 48.263638491502725 ], [ 4.860188401898658, 48.264824543159584 ], [ 4.860329154586058, 48.26499332879952 ], [ 4.861617513705774, 48.266359051995614 ], [ 4.860842007525783, 48.266920258218278 ], [ 4.859137984331237, 48.267910060013833 ], [ 4.857678156974527, 48.268563000714948 ], [ 4.855892401868843, 48.269149038466395 ], [ 4.855294022293634, 48.26938342709888 ], [ 4.854694054776192, 48.269572837702505 ], [ 4.853921591570776, 48.270223947142746 ], [ 4.853087749799737, 48.271047011685354 ], [ 4.849673068698668, 48.274007445833369 ], [ 4.848969429672644, 48.274702441991955 ], [ 4.84798721599346, 48.275527785134251 ], [ 4.847159818512984, 48.276539699047035 ], [ 4.846529477540124, 48.2774045314166 ], [ 4.845867268390191, 48.278899848194953 ], [ 4.84506270156127, 48.280181383136906 ], [ 4.84439047121638, 48.280236866834514 ], [ 4.843865905014148, 48.280659038991807 ], [ 4.843107303325723, 48.281714845122465 ], [ 4.842682130126067, 48.282666453078463 ], [ 4.842578138945611, 48.283163064162508 ], [ 4.842390138796092, 48.283570985133075 ], [ 4.842693601416977, 48.284151247245013 ], [ 4.843126232061561, 48.284954491565408 ], [ 4.843443872237956, 48.285939522532459 ], [ 4.843733366375377, 48.287275983581551 ], [ 4.844251629972892, 48.288212885087624 ], [ 4.844471121127255, 48.288704452444975 ], [ 4.84509591315706, 48.289216698000949 ], [ 4.84559058804228, 48.289478975774585 ], [ 4.846107330410104, 48.290370893251591 ], [ 4.847422184777998, 48.291331345860776 ], [ 4.849150810914685, 48.29332029342131 ], [ 4.849580989183657, 48.293664560787747 ], [ 4.850375333415446, 48.294777113106356 ], [ 4.85074677251818, 48.295752279352008 ], [ 4.850845034125924, 48.296245729904406 ], [ 4.846227708396754, 48.296884854444336 ], [ 4.845765981160485, 48.29718005049881 ], [ 4.844899203379037, 48.297463561583712 ], [ 4.843079648515591, 48.297500918884907 ], [ 4.842629491042005, 48.297741923534467 ], [ 4.841822228025764, 48.297799491232801 ], [ 4.840161031556496, 48.29850931822115 ], [ 4.839517748375732, 48.299014305944489 ], [ 4.839196741994294, 48.299478281959701 ], [ 4.838748180214634, 48.300925207988023 ], [ 4.83880248152136, 48.30209432614042 ], [ 4.838715685104671, 48.3030856419198 ], [ 4.838395902632645, 48.303585593651974 ], [ 4.837879516353534, 48.303863605677272 ], [ 4.837544344787504, 48.303922808975315 ], [ 4.835950938153529, 48.303101570767723 ], [ 4.833746516858157, 48.302163786097253 ], [ 4.833476881733703, 48.302167964285914 ], [ 4.831841429919065, 48.303237256624087 ], [ 4.831308403005671, 48.303425500418861 ], [ 4.830491975266925, 48.303222140351735 ], [ 4.829597208482125, 48.302704997384808 ], [ 4.828915304801865, 48.302490546891988 ], [ 4.827564309669575, 48.302430422990447 ], [ 4.826276360641963, 48.302243315329335 ], [ 4.826514904971443, 48.306010490153461 ], [ 4.826659091327739, 48.306278253968372 ], [ 4.827628857352584, 48.306623266817077 ], [ 4.827636660515973, 48.306848137402497 ], [ 4.827091216181102, 48.307846520085135 ], [ 4.825688976357222, 48.310982029655463 ], [ 4.825399654012092, 48.311976449158337 ], [ 4.825209859257721, 48.31233936034532 ], [ 4.824739463750996, 48.312391611653872 ], [ 4.824341163402897, 48.312577743768145 ], [ 4.824036540753445, 48.313131414132478 ], [ 4.823530886399897, 48.31372417920479 ], [ 4.82316318382443, 48.314404812620062 ], [ 4.822917867968139, 48.314723576432201 ], [ 4.822161468209512, 48.315869169932114 ], [ 4.821135012336732, 48.317009912894491 ], [ 4.821094025319581, 48.317775505824031 ], [ 4.820919221130878, 48.318183174942362 ], [ 4.820127788568483, 48.318708321531496 ], [ 4.818607775593962, 48.319235658781501 ], [ 4.817901259142815, 48.319876478763831 ], [ 4.817381984465494, 48.320469421766525 ], [ 4.816482755970165, 48.321392175825451 ], [ 4.815252055669691, 48.322095017594116 ], [ 4.814397101943788, 48.322738090195706 ], [ 4.814217580453079, 48.323010826673631 ], [ 4.815315160792945, 48.323533970834163 ], [ 4.816295720177258, 48.324184893427315 ], [ 4.817132596529969, 48.324973005969895 ], [ 4.817567792296067, 48.32546129741138 ], [ 4.82069732592629, 48.327375098410791 ], [ 4.821546251251356, 48.328117996973567 ], [ 4.821777629068747, 48.328564411125626 ], [ 4.821796304604719, 48.329104092742476 ], [ 4.821738198668641, 48.329374971252655 ], [ 4.823463641334501, 48.330095366127267 ], [ 4.822893798159312, 48.330788101291603 ], [ 4.822633358045846, 48.331062094995374 ], [ 4.824227091412098, 48.331874501039891 ], [ 4.824564326386885, 48.331869304662284 ], [ 4.824878717749487, 48.331594475245922 ], [ 4.826196782662025, 48.33224011375794 ], [ 4.827445870418555, 48.332841805064433 ], [ 4.828131284880929, 48.333146205755085 ], [ 4.829312966940168, 48.33374891834967 ], [ 4.829966332363422, 48.334683766476338 ], [ 4.830743362477191, 48.33529271809892 ], [ 4.831768903058006, 48.335672833884153 ], [ 4.833687960405802, 48.336129101941196 ], [ 4.834647653313016, 48.336555210166438 ], [ 4.83519166588808, 48.336672772545278 ], [ 4.838001503773418, 48.337511139051223 ], [ 4.839918195615861, 48.338282325566205 ], [ 4.840414878234973, 48.338589588500319 ], [ 4.840513122956424, 48.339083032189578 ], [ 4.841471351526875, 48.339464111323203 ], [ 4.841353076680578, 48.339555945164861 ], [ 4.840821603506927, 48.339798194217465 ], [ 4.840032560102066, 48.340395422055479 ], [ 4.839851539142169, 48.34062322101051 ], [ 4.840199835225714, 48.34093278998035 ], [ 4.839806089758695, 48.341253888678018 ], [ 4.840154389747683, 48.341563457637442 ], [ 4.840174171085786, 48.341743139191834 ], [ 4.840047113803447, 48.341970099603458 ], [ 4.838852009560082, 48.342537628795085 ], [ 4.837235184786906, 48.34378664557034 ], [ 4.836831982288013, 48.343837897126704 ], [ 4.836064169112952, 48.343498826081877 ], [ 4.835658144233457, 48.343469122624505 ], [ 4.835406495105169, 48.343608014339878 ], [ 4.835219791729602, 48.344060878722367 ], [ 4.834720237451887, 48.344833569183443 ], [ 4.833932929938538, 48.345484721460913 ], [ 4.832487263555584, 48.346227050931738 ], [ 4.832220847210697, 48.346330166172137 ], [ 4.83215025051026, 48.34624126436762 ], [ 4.831389352389358, 48.34571306925509 ], [ 4.830215197854988, 48.345335246765565 ], [ 4.827489145342106, 48.344585396911746 ], [ 4.826881976219512, 48.344594764604366 ], [ 4.82615923048853, 48.345163873480104 ], [ 4.825890934785014, 48.345213007124045 ], [ 4.825475230866184, 48.344904436959872 ], [ 4.824518578177902, 48.344568202859371 ], [ 4.823327048179746, 48.34368661493329 ], [ 4.821446511616089, 48.343958536359558 ], [ 4.821270066896623, 48.344321225195692 ], [ 4.820374854701853, 48.345369916836198 ], [ 4.820037532819909, 48.345375101231447 ], [ 4.819200786893644, 48.344991985074493 ], [ 4.818743586426925, 48.345044004043679 ], [ 4.818271649226925, 48.345060250021589 ], [ 4.817643214011653, 48.34484491260617 ], [ 4.817304342286945, 48.344805116227228 ], [ 4.816657790255892, 48.345238005796311 ], [ 4.816387933139352, 48.345242144921585 ], [ 4.815549354163478, 48.344805035322615 ], [ 4.814450384027042, 48.345820805925499 ], [ 4.814405714917414, 48.346091470779911 ], [ 4.814545297588741, 48.34622432252096 ], [ 4.814827566786273, 48.346579971416347 ], [ 4.813913586342596, 48.347088937123374 ], [ 4.813573153175855, 48.347004157167603 ], [ 4.812457270796458, 48.346355287964371 ], [ 4.812253324752324, 48.346313412173004 ], [ 4.811390510873962, 48.34674058122576 ], [ 4.811369044212773, 48.347685839610435 ], [ 4.811235657014075, 48.347732876202549 ], [ 4.810481135945445, 48.347384439363374 ], [ 4.809737759938721, 48.347359803354252 ], [ 4.808666322822059, 48.347610152791965 ], [ 4.80833516685958, 48.347795195911196 ], [ 4.808299434643257, 48.349505611587276 ], [ 4.807692514337908, 48.349523875474034 ], [ 4.8073305351536, 48.350384333556207 ], [ 4.807299726605333, 48.351059751157734 ], [ 4.807580427950962, 48.35137044313845 ], [ 4.807390368277227, 48.351733315240594 ], [ 4.807122021571139, 48.351782406132607 ], [ 4.806640756178369, 48.351528768272388 ], [ 4.806432163183455, 48.351351963867323 ], [ 4.806096345147199, 48.351402081460151 ], [ 4.805567367725549, 48.351725121420486 ], [ 4.805234632143257, 48.35186518239243 ], [ 4.804064757477358, 48.35279193387376 ], [ 4.803796402271931, 48.352841017194173 ], [ 4.803656829186322, 48.352708153439124 ], [ 4.802348942158183, 48.351972122586034 ], [ 4.802017736540009, 48.35215714744632 ], [ 4.801157822530941, 48.352674185988626 ], [ 4.799199337761765, 48.353837857882311 ], [ 4.799216252976529, 48.354332560057564 ], [ 4.798486925772393, 48.354721604348221 ], [ 4.796497919769998, 48.355390733004725 ], [ 4.796642088684898, 48.355658523653183 ], [ 4.796394884510877, 48.355932249913423 ], [ 4.7949336785938, 48.356638341600366 ], [ 4.794326364669495, 48.356647542332716 ], [ 4.793297620392411, 48.356177162394076 ], [ 4.7928896830062, 48.356093345096106 ], [ 4.792478682814288, 48.355919580489399 ], [ 4.789338847356762, 48.35531010750438 ], [ 4.788120274397509, 48.355211518641518 ], [ 4.787991431939967, 48.355393447876907 ], [ 4.788033964001206, 48.356247731397104 ], [ 4.78785877594596, 48.356655340114649 ], [ 4.787467649169425, 48.357066206963189 ], [ 4.786523234221245, 48.357089452929863 ], [ 4.78640201612628, 48.357496245077598 ], [ 4.785770992453817, 48.358000715167364 ], [ 4.785398219160684, 48.358555284766851 ], [ 4.785264781205198, 48.358602291733561 ], [ 4.778647372187169, 48.356182061822899 ], [ 4.778255993693727, 48.356187937742476 ], [ 4.776917347084478, 48.356531996200005 ], [ 4.776186002794304, 48.356866934813276 ], [ 4.775877277819447, 48.357321522258481 ], [ 4.77547694711255, 48.357462510663105 ], [ 4.773785682516482, 48.357361858716096 ], [ 4.773584756502302, 48.357409862981655 ], [ 4.773190481437227, 48.357730736197219 ], [ 4.771583746245849, 48.359338627080291 ], [ 4.771209299979526, 48.359848178390401 ], [ 4.770630576598289, 48.360306786694842 ], [ 4.770303746718434, 48.360626640961968 ], [ 4.768729959767625, 48.361613055036052 ], [ 4.766951838809027, 48.362548499595967 ], [ 4.762587336351472, 48.364485325696464 ], [ 4.759927711171287, 48.365316782335711 ], [ 4.756592779138987, 48.366149192398282 ], [ 4.755048258611538, 48.366406056806774 ], [ 4.754580310189851, 48.366547973379888 ], [ 4.754719796035579, 48.366680893560037 ], [ 4.754994268847282, 48.366811814196822 ], [ 4.755839900357757, 48.367465215797097 ], [ 4.756363379777341, 48.368177381488117 ], [ 4.7567561050308, 48.369422427139604 ], [ 4.756867140817548, 48.370320685042117 ], [ 4.756592711541456, 48.371809594178245 ], [ 4.756574755639383, 48.372889743316158 ], [ 4.756958808222299, 48.373873941645776 ], [ 4.757560388813527, 48.374899907202142 ], [ 4.757872160049833, 48.375741189506449 ], [ 4.758983620326768, 48.377875458212664 ], [ 4.759097864001396, 48.380483468140682 ], [ 4.759635059436672, 48.381600365151662 ], [ 4.759294752493655, 48.384350099976977 ], [ 4.759332328195033, 48.385069458083059 ], [ 4.760187516213949, 48.387612459844547 ], [ 4.760442678108245, 48.388373579386766 ], [ 4.766758093089563, 48.407447225283839 ], [ 4.767408235047507, 48.409498263567237 ], [ 4.767063628744338, 48.410907211184295 ], [ 4.767141762096744, 48.411221004498628 ], [ 4.767806370688603, 48.410887142391175 ], [ 4.768076568547842, 48.410883114142791 ], [ 4.768517746966531, 48.410336607769139 ], [ 4.769182335638976, 48.410002737727204 ], [ 4.769451014920125, 48.409953734920208 ], [ 4.770803191249577, 48.40996954589906 ], [ 4.772159917123858, 48.410120255614117 ], [ 4.775656701390615, 48.406801372124022 ], [ 4.775285943845945, 48.402226506642251 ], [ 4.78222342702322, 48.400367643904936 ], [ 4.782421154869749, 48.40022068904689 ], [ 4.783359023714605, 48.399981612941843 ], [ 4.78540825425616, 48.399041880692742 ], [ 4.78695969928734, 48.39896451319607 ], [ 4.787183397726826, 48.399582066825239 ], [ 4.787199962256193, 48.399671806311176 ], [ 4.788667627650476, 48.399514689334914 ], [ 4.789944351046869, 48.399306443389605 ], [ 4.789930570834112, 48.398901699630848 ], [ 4.793541477762657, 48.398190205840642 ], [ 4.794551090289102, 48.398075939431209 ], [ 4.795866419515762, 48.397417096521544 ], [ 4.796600046526254, 48.397136012423864 ], [ 4.799473025171927, 48.395400632400339 ], [ 4.800467170961899, 48.394836599950438 ], [ 4.801125866244543, 48.394736604174057 ], [ 4.803283370123714, 48.394604815998505 ], [ 4.803817112918954, 48.39440771682321 ], [ 4.805251847002996, 48.393296997521851 ], [ 4.805578667333078, 48.392977054716255 ], [ 4.805896612407192, 48.392792231286585 ], [ 4.807848356180514, 48.392573502666657 ], [ 4.808110724415016, 48.392344525548872 ], [ 4.808173609687448, 48.392208581004091 ], [ 4.809835218560592, 48.39180526473006 ], [ 4.8108446730831, 48.391690859039677 ], [ 4.812722630147554, 48.391293195411031 ], [ 4.814376726595829, 48.390673951938048 ], [ 4.816092092919453, 48.38987376461872 ], [ 4.817365364969906, 48.389575278907863 ], [ 4.818374449269798, 48.389451814615427 ], [ 4.821246586823562, 48.388894772452169 ], [ 4.821981517499134, 48.388658500999512 ], [ 4.82306152318928, 48.388632896080026 ], [ 4.825567248632776, 48.388810309102965 ], [ 4.827388411971403, 48.38872825215077 ], [ 4.829204250642501, 48.388493264547932 ], [ 4.830057544248091, 48.388165124583175 ], [ 4.831634421211258, 48.387276852913736 ], [ 4.83323258717758, 48.386613207777145 ], [ 4.83589087321602, 48.385744142386471 ], [ 4.836190454037753, 48.385424531713078 ], [ 4.836110376873973, 48.385065806488797 ], [ 4.835559582796528, 48.384768366901206 ], [ 4.834813783818164, 48.384689923237787 ], [ 4.834206153050014, 48.384699328193669 ], [ 4.833371814037154, 48.384406266273736 ], [ 4.832814459446452, 48.383919933599408 ], [ 4.832525913291217, 48.383393445763986 ], [ 4.832495173002055, 48.382898967889894 ], [ 4.83281831489521, 48.382480010137968 ], [ 4.833218682204651, 48.38233883065903 ], [ 4.834232923395778, 48.382368133927997 ], [ 4.834418504630566, 48.38226627089243 ], [ 4.834396543439131, 48.381636669493609 ], [ 4.83504402453988, 48.381221683464886 ], [ 4.836641649408582, 48.380548995037373 ], [ 4.83722473280806, 48.380224986071035 ], [ 4.838025092958029, 48.379933601193613 ], [ 4.839175879849388, 48.380005739689032 ], [ 4.839513107316973, 48.379991506622268 ], [ 4.839902424674063, 48.379535503545924 ], [ 4.843066355392167, 48.380773225860317 ], [ 4.846302366574435, 48.382135730704796 ], [ 4.847876925543566, 48.382732135537722 ], [ 4.848910692925042, 48.382931993702051 ], [ 4.851183433126913, 48.383787437256473 ], [ 4.85281451937877, 48.384067922657415 ], [ 4.854164468911878, 48.38403781231721 ], [ 4.855977169039967, 48.38372146565716 ], [ 4.858271968781801, 48.383667509422366 ], [ 4.859427317380859, 48.383865370316947 ], [ 4.85942890748785, 48.383910341446693 ], [ 4.862645146355391, 48.384696766921863 ], [ 4.86552741660939, 48.385587354621514 ], [ 4.86648635436076, 48.385959223972989 ], [ 4.867988947847361, 48.386421510269791 ], [ 4.868742491912592, 48.386715605489812 ], [ 4.870808365772306, 48.387438950970235 ], [ 4.872416773901467, 48.388214484500537 ], [ 4.874436078200184, 48.389523452584193 ], [ 4.875915310399439, 48.390840934785231 ], [ 4.876280544225596, 48.391231119509911 ], [ 4.876200725936774, 48.392402279777855 ], [ 4.876414530916263, 48.392713867658941 ], [ 4.877086182129453, 48.393738141978581 ], [ 4.877874267484196, 48.394616580678552 ], [ 4.878430545382386, 48.395057727004819 ], [ 4.879006124038589, 48.395660550201491 ], [ 4.879394241479599, 48.396689304203228 ], [ 4.880195597529061, 48.397936482720034 ], [ 4.881638609939332, 48.400874315391036 ], [ 4.881784624889013, 48.401177969348417 ], [ 4.882241983650067, 48.402250608018235 ], [ 4.882569117569425, 48.403460299293769 ], [ 4.882718688458695, 48.403862885817652 ], [ 4.883073527881211, 48.405468096524245 ], [ 4.878918842666173, 48.404940063960517 ], [ 4.876055670571291, 48.406893212172136 ], [ 4.875277924730294, 48.407445460938199 ], [ 4.87515406877003, 48.407762388040894 ], [ 4.875791515608054, 48.408202260583451 ], [ 4.874089287651586, 48.409363060930765 ], [ 4.873965420007757, 48.409679986330808 ], [ 4.874271562626772, 48.410305083325802 ], [ 4.874285995169811, 48.410709813554703 ], [ 4.873641666906701, 48.411214944660678 ], [ 4.873255933742846, 48.411769981598269 ], [ 4.873237155716844, 48.412760174770916 ], [ 4.872935352156885, 48.413394875446471 ], [ 4.871981467962313, 48.414318840273879 ], [ 4.871527821664841, 48.414865942592158 ], [ 4.871480589093051, 48.416576503870907 ], [ 4.871345479613578, 48.416578635844203 ], [ 4.870390430195618, 48.416332730077855 ], [ 4.869576577106546, 48.416255572379747 ], [ 4.869581376424086, 48.416390482049763 ], [ 4.869671328908748, 48.417018995348897 ], [ 4.869608035278472, 48.418279854935392 ], [ 4.867949800348338, 48.419169887569659 ], [ 4.867409654727794, 48.419187392400303 ], [ 4.866906664482306, 48.419870235368464 ], [ 4.867655887302111, 48.420029420656682 ], [ 4.869545625471567, 48.419945654220143 ], [ 4.870026540477531, 48.42016304761605 ], [ 4.870960334933637, 48.420949231696298 ], [ 4.871645548561955, 48.421208390715819 ], [ 4.87146758938789, 48.421526163529357 ], [ 4.870263381543247, 48.423398948206845 ], [ 4.869556094809893, 48.424040026400192 ], [ 4.868371595418558, 48.424949587373838 ], [ 4.867184268638568, 48.425400233224039 ], [ 4.864659834648975, 48.427797665627935 ], [ 4.864443712522116, 48.428565971440065 ], [ 4.864878609507116, 48.429009081508269 ], [ 4.86438666251772, 48.430006695089133 ], [ 4.864594377226298, 48.430525367361426 ], [ 4.86413422701319, 48.431657462194686 ], [ 4.862183179056798, 48.431931074125977 ], [ 4.861069270047063, 48.432551479483017 ], [ 4.860637286795114, 48.432954206314506 ], [ 4.859733852953095, 48.433409317073192 ], [ 4.858512422756665, 48.435579186964233 ], [ 4.858477449503562, 48.436119666268453 ], [ 4.858700873716669, 48.436701091779199 ], [ 4.859000626737175, 48.437146338011594 ], [ 4.859243943856194, 48.437907427431732 ], [ 4.859465792361982, 48.438443881436591 ], [ 4.859735868576123, 48.439960452079227 ], [ 4.860026094987628, 48.440135879415642 ], [ 4.860933378900667, 48.440931548014944 ], [ 4.861181973536948, 48.441458579733741 ], [ 4.861222578475312, 48.442222842817806 ], [ 4.860624251160065, 48.444040987884634 ], [ 4.860782508274826, 48.444308470483257 ], [ 4.862405778917979, 48.445839797510878 ], [ 4.86282887799904, 48.446328090332884 ], [ 4.865609171008107, 48.448822073255677 ], [ 4.866938670247732, 48.449692045241193 ], [ 4.867489043487438, 48.449953349297999 ], [ 4.867558240294357, 48.449997254311057 ], [ 4.868039422202772, 48.450214650750105 ], [ 4.869294995425046, 48.450905784561456 ], [ 4.870118672436398, 48.451243760500681 ], [ 4.870393874410455, 48.451374405325524 ], [ 4.8707238628332, 48.451144234606744 ], [ 4.871352685570614, 48.450189447895958 ], [ 4.871773566768214, 48.449093955897887 ], [ 4.872595511851456, 48.447866149824598 ], [ 4.873230676651119, 48.447091225918186 ], [ 4.874273947782417, 48.446381843369153 ], [ 4.876173052462155, 48.445397956314345 ], [ 4.878159626374679, 48.444592629606156 ], [ 4.879768603921473, 48.444198199134298 ], [ 4.883451896608619, 48.443563865686841 ], [ 4.884126175372331, 48.443508166798907 ], [ 4.886153524475129, 48.443466959588498 ], [ 4.889349661324642, 48.442453230938753 ], [ 4.889881949084216, 48.442210782922913 ], [ 4.892542110405842, 48.441340484252684 ], [ 4.894872369469735, 48.440700366026014 ], [ 4.897125567720229, 48.439800463885071 ], [ 4.898303862692713, 48.439097698610091 ], [ 4.89876556652001, 48.438775347681307 ], [ 4.898894229770939, 48.438593309623528 ], [ 4.899093725789171, 48.438500127144046 ], [ 4.899668610807885, 48.437941987925939 ], [ 4.900901393053397, 48.436878363639501 ], [ 4.901792975261263, 48.435730204963697 ], [ 4.902239484123464, 48.435363087542832 ], [ 4.90462063410986, 48.434272003216691 ], [ 4.905808818943557, 48.433847967100064 ], [ 4.905701627933166, 48.433129768816379 ], [ 4.905873358324771, 48.432272104316262 ], [ 4.906317851270534, 48.431851007942235 ], [ 4.906998484536016, 48.431975054028079 ], [ 4.907545605850921, 48.432146238205902 ], [ 4.908084238030517, 48.432083581975242 ], [ 4.909723455276751, 48.431049314501493 ], [ 4.910522878971824, 48.430721476396556 ], [ 4.911730668027173, 48.430468043803636 ], [ 4.913009291571534, 48.43030344686165 ], [ 4.913864378378974, 48.430019683139264 ], [ 4.914694546374418, 48.429052387048898 ], [ 4.91535385181023, 48.42859179051068 ], [ 4.916935092964011, 48.427828324882014 ], [ 4.917867588602689, 48.427444289971994 ], [ 4.918389691368383, 48.427300861286483 ], [ 4.919149404398908, 48.427369564186876 ], [ 4.920785493296236, 48.427739042658771 ], [ 4.922344164985085, 48.42783978086198 ], [ 4.922612792137794, 48.427790431852841 ], [ 4.922538642277411, 48.427611651869107 ], [ 4.923253560728981, 48.427195103632855 ], [ 4.923594689952781, 48.427279563198958 ], [ 4.924913071384563, 48.427834118724554 ], [ 4.925250911894596, 48.427828636014823 ], [ 4.928240662522331, 48.426763175153191 ], [ 4.932559813183283, 48.425451006103003 ], [ 4.93362728118445, 48.425064644955199 ], [ 4.934149317289008, 48.424921146660111 ], [ 4.93520623122981, 48.424615935188349 ], [ 4.936687329355538, 48.424447775248758 ], [ 4.93823929879033, 48.424368430125789 ], [ 4.938134647358751, 48.422264336198147 ], [ 4.938302253428606, 48.421676651121587 ], [ 4.938434055552392, 48.42158450536791 ], [ 4.939889231732431, 48.422181657245154 ], [ 4.941215963495257, 48.422960877262049 ], [ 4.941486209482071, 48.422956454017196 ], [ 4.94453519167357, 48.420584715892332 ], [ 4.945581724848815, 48.421098506062769 ], [ 4.94599040948598, 48.421181793384449 ], [ 4.946328205024912, 48.421176250629593 ], [ 4.947105437561063, 48.419894605542915 ], [ 4.947516139792572, 48.419302913412032 ], [ 4.948620057436521, 48.419905727198326 ], [ 4.948688615393708, 48.419931598432065 ], [ 4.949800064597794, 48.420372291777539 ], [ 4.949933511934486, 48.420325101805432 ], [ 4.950162034678096, 48.419925378916936 ], [ 4.950174544857832, 48.419898175555858 ], [ 4.950369539558819, 48.419687987039929 ], [ 4.952012883100073, 48.418797025493845 ], [ 4.955088043012967, 48.416784536208034 ], [ 4.956152156467724, 48.416317026172869 ], [ 4.95921216170709, 48.414268674007779 ], [ 4.962795176637111, 48.411752615357777 ], [ 4.963563330269164, 48.410965957210934 ], [ 4.965722987357719, 48.4094362875149 ], [ 4.96618065274193, 48.409023729491537 ], [ 4.966284684186127, 48.408914012372641 ], [ 4.971937277100126, 48.410782002389823 ], [ 4.974556277227184, 48.407093678545046 ], [ 4.979595962332414, 48.40847654655704 ], [ 4.980293362509436, 48.408689886085178 ], [ 4.985209394427787, 48.410011588229956 ], [ 4.987861050318031, 48.41078611001609 ], [ 4.988103246872417, 48.412185953691072 ], [ 4.988387182146165, 48.411830217160819 ], [ 4.989661256916796, 48.411205887675223 ], [ 4.996151384790426, 48.408046009205151 ], [ 4.996052916818636, 48.407588695760985 ], [ 4.995452264511218, 48.407076838408003 ], [ 4.99624877132726, 48.40598349817617 ], [ 4.996367824527123, 48.404847562990582 ], [ 4.996074794220424, 48.404249533037927 ], [ 4.995375979418451, 48.40471126839963 ], [ 4.99416788138492, 48.404218624925399 ], [ 4.994240936220312, 48.40365043056601 ], [ 4.994018263117251, 48.402412250282801 ], [ 5.002384326160571, 48.400993321824096 ], [ 5.00356123387142, 48.400667455396771 ], [ 5.004628524882512, 48.401720354596875 ], [ 5.005680759894772, 48.402377520930813 ], [ 5.006502835686243, 48.402669594033433 ], [ 5.008950900821759, 48.403069113882978 ], [ 5.009457188205752, 48.403231524674055 ], [ 5.010883673151117, 48.403423327410486 ], [ 5.011839487862439, 48.403677097683968 ], [ 5.011954953354384, 48.404575088763238 ], [ 5.011878137172524, 48.405746326829984 ], [ 5.011868856940357, 48.406916417842012 ], [ 5.011698678230384, 48.407414276795471 ], [ 5.011869903697537, 48.408356316864705 ], [ 5.011794540125992, 48.409212545371744 ], [ 5.011381715304669, 48.41043447631602 ], [ 5.011633999056449, 48.411375139694456 ], [ 5.011719194079929, 48.412894601234946 ], [ 5.011981824783981, 48.414105069998129 ], [ 5.011913340777512, 48.415141166599241 ], [ 5.012147772118248, 48.417027067995079 ], [ 5.013233432976319, 48.417134634909829 ], [ 5.014397337774905, 48.41751984500528 ], [ 5.017320409240055, 48.417947128974177 ], [ 5.018168047254711, 48.418544668622118 ], [ 5.020487018017878, 48.419081147707118 ], [ 5.02105272764885, 48.419377489307671 ], [ 5.021138615881248, 48.419852995180172 ], [ 5.021127871986366, 48.419925173655571 ], [ 5.021093910604558, 48.420096741418391 ], [ 5.0230900617108, 48.422078578325504 ], [ 5.024146053101167, 48.422816512154327 ], [ 5.024636296159217, 48.423258115299269 ], [ 5.026611541132029, 48.424691285695715 ], [ 5.02661500991963, 48.424781220484988 ], [ 5.026003830769782, 48.424710666897724 ], [ 5.024587108799659, 48.424788853705699 ], [ 5.023849122046661, 48.424936438994997 ], [ 5.023854318165986, 48.425071341272364 ], [ 5.024549001436313, 48.425554452868511 ], [ 5.024920427133626, 48.425719101163324 ], [ 5.025680958975798, 48.426156085104147 ], [ 5.026569347585204, 48.4264018926091 ], [ 5.026843073214948, 48.42648720961126 ], [ 5.027270380312304, 48.428099797495911 ], [ 5.028293942318119, 48.428343282172158 ], [ 5.02814988749251, 48.429515664849582 ], [ 5.029248344120156, 48.429946847992973 ], [ 5.030827406528276, 48.430216804842161 ], [ 5.03090331900807, 48.430431490333284 ], [ 5.029321327179392, 48.432186442630226 ], [ 5.028157092925962, 48.433205281147224 ], [ 5.027173345172474, 48.433996039170559 ], [ 5.026731190983372, 48.434453560740842 ], [ 5.025466693904474, 48.434979119005163 ], [ 5.024757679909117, 48.435531181470687 ], [ 5.024501239950003, 48.435895530739209 ], [ 5.022474987038898, 48.435957088244187 ], [ 5.020740507841173, 48.436220625866447 ], [ 5.019335221820174, 48.43660452539423 ], [ 5.017020476349278, 48.43760682551725 ], [ 5.014911487402916, 48.438686577581166 ], [ 5.014850806407786, 48.438867593580319 ], [ 5.01520739962613, 48.438996526472692 ], [ 5.016613611913995, 48.440043547255655 ], [ 5.017110561763571, 48.440305077933949 ], [ 5.017676782518373, 48.440961396447179 ], [ 5.018011242392883, 48.440865715731597 ], [ 5.018609119729201, 48.440585567338843 ], [ 5.018813595472782, 48.440627084747639 ], [ 5.019307071524719, 48.441149644385732 ], [ 5.019776695792816, 48.441051658251148 ], [ 5.020178735364823, 48.440954820956748 ], [ 5.020585616802439, 48.4409838896824 ], [ 5.021562600807136, 48.441417211773221 ], [ 5.022378450411932, 48.441529298573172 ], [ 5.023052554729586, 48.441472810391438 ], [ 5.023773447807961, 48.441226535370475 ], [ 5.024534186601617, 48.440259632723297 ], [ 5.024865162705361, 48.440073998850643 ], [ 5.02768033203063, 48.439422967987589 ], [ 5.029536144017267, 48.438797282716308 ], [ 5.032810376600299, 48.438129274330826 ], [ 5.033278208145136, 48.437986267695507 ], [ 5.033887810426315, 48.438011816260087 ], [ 5.035589130058557, 48.438288616078545 ], [ 5.036571252988645, 48.43815477015098 ], [ 5.038683109646087, 48.437857519203398 ], [ 5.039159650584482, 48.437939323185255 ], [ 5.039637652145519, 48.439451996398844 ], [ 5.039575658675019, 48.439597051572626 ], [ 5.038922094058565, 48.439833268205362 ], [ 5.036574536927764, 48.440332552819214 ], [ 5.036172880964662, 48.440438439044577 ], [ 5.03531828619594, 48.440723081596687 ], [ 5.03465848752845, 48.44114836656464 ], [ 5.034225045659293, 48.441830746998683 ], [ 5.033572187944693, 48.442435892268314 ], [ 5.032145763337693, 48.443324263245444 ], [ 5.030693603403071, 48.443898081127834 ], [ 5.029416756535387, 48.444108911040566 ], [ 5.026847067780479, 48.44411683577065 ], [ 5.026647777291938, 48.44421023248924 ], [ 5.025809025655855, 48.44490849942455 ], [ 5.024978920142249, 48.44583159352932 ], [ 5.024226774241962, 48.447023328199805 ], [ 5.024009786424554, 48.448061942120184 ], [ 5.024123824454112, 48.448914924270916 ], [ 5.021962921177574, 48.44900575815231 ], [ 5.019668898670188, 48.449152813524456 ], [ 5.018194282418503, 48.449501872777901 ], [ 5.017332879149195, 48.449615510531615 ], [ 5.015345669235048, 48.449298306330114 ], [ 5.014323483625209, 48.449099680606992 ], [ 5.013374070639534, 48.449034799520931 ], [ 5.013016499491838, 48.449940785101987 ], [ 5.013292049589815, 48.450071098542239 ], [ 5.012952513615414, 48.452506637552119 ], [ 5.012781546650789, 48.45439936229657 ], [ 5.013528254451262, 48.454467688688389 ], [ 5.01359930339625, 48.45455647489171 ], [ 5.012185329616393, 48.457199208362077 ], [ 5.012190498969521, 48.457334107800897 ], [ 5.012880330488277, 48.457682376336358 ], [ 5.012644916907997, 48.45930621213332 ], [ 5.012132424458307, 48.461114724705887 ], [ 5.012136215497649, 48.46121365066395 ], [ 5.012816789111374, 48.461319100312785 ], [ 5.012828855707591, 48.461633864578594 ], [ 5.012240807336015, 48.463236676021793 ], [ 5.011658143973873, 48.463921483789555 ], [ 5.010577444313956, 48.46502868228702 ], [ 5.010592689147867, 48.46507341947801 ], [ 5.01105039872583, 48.465011671714613 ], [ 5.012133947360616, 48.465038305523514 ], [ 5.012355483065319, 48.465169536469269 ], [ 5.013064039305168, 48.466003436573516 ], [ 5.014051086802966, 48.466688622515527 ], [ 5.01413077863443, 48.467002238143301 ], [ 5.014175699490497, 48.467820391664524 ], [ 5.014594864454765, 48.468164242856474 ], [ 5.014799444415343, 48.468205766295924 ], [ 5.020611920976097, 48.466631124692903 ], [ 5.022605741305926, 48.466048225116189 ], [ 5.02428502397458, 48.465731629502081 ], [ 5.031750617092491, 48.464929151686505 ], [ 5.033827190425189, 48.464740605904744 ], [ 5.036600378005167, 48.464720057111222 ], [ 5.048093297767188, 48.465530229078574 ], [ 5.052915331960943, 48.465995886367239 ], [ 5.059119145317956, 48.466842353518132 ], [ 5.060408425681396, 48.466936972769325 ], [ 5.061873259649385, 48.466677559567287 ], [ 5.062745189182487, 48.466482427374608 ], [ 5.062776379543009, 48.466931846462188 ], [ 5.062990156774973, 48.468583987062459 ], [ 5.06356759797533, 48.46915889958472 ], [ 5.064779067278275, 48.468993847751442 ], [ 5.065943512839439, 48.46900958605363 ], [ 5.0679964965057, 48.469594787343269 ], [ 5.069331642985699, 48.470507440743823 ], [ 5.0698832397889, 48.470767801287494 ], [ 5.071817812801723, 48.471435995031278 ], [ 5.072564839493164, 48.471503949149742 ], [ 5.075355379134765, 48.473282042169608 ], [ 5.07580239337087, 48.473634195889794 ], [ 5.075905581612528, 48.47453231259589 ], [ 5.078511285751354, 48.475053674789415 ], [ 5.078854755810561, 48.475182649555556 ], [ 5.07879781462734, 48.47545362280183 ], [ 5.077748552183077, 48.477325824090087 ], [ 5.077752112043128, 48.477415753709394 ], [ 5.080772665544496, 48.478154787686293 ], [ 5.080713948532799, 48.478380796494569 ], [ 5.079838727117478, 48.479521028706756 ], [ 5.080820125838026, 48.480034786358253 ], [ 5.081370096586658, 48.480250126944931 ], [ 5.081311379803404, 48.480476135678579 ], [ 5.080077667983047, 48.481451666130042 ], [ 5.079951310249912, 48.481678858719427 ], [ 5.083137959541125, 48.481820979989969 ], [ 5.083214517499731, 48.482044616305778 ], [ 5.083340657721495, 48.483176298881872 ], [ 5.08323497652748, 48.483583115375254 ], [ 5.082699697072502, 48.4847623952394 ], [ 5.082800492186787, 48.485255580832494 ], [ 5.082944692589172, 48.485478030395157 ], [ 5.083423519802278, 48.485604618042295 ], [ 5.084302112514888, 48.48557120242122 ], [ 5.084864659720409, 48.486101276761588 ], [ 5.085038120168542, 48.486719172688851 ], [ 5.085714524242695, 48.486707294965832 ], [ 5.086483596551782, 48.487323725777578 ], [ 5.087159650423656, 48.487302846965299 ], [ 5.088139477106915, 48.487771576704205 ], [ 5.089049248401127, 48.488520504409649 ], [ 5.089791767408182, 48.489488347753387 ], [ 5.089552625144787, 48.489942512533936 ], [ 5.089559787037311, 48.490122369280492 ], [ 5.090439167956115, 48.490106894057966 ], [ 5.091051553339498, 48.490186104949409 ], [ 5.091261296956621, 48.490353395553939 ], [ 5.093032260546382, 48.490628169419963 ], [ 5.094007177646716, 48.490970950057957 ], [ 5.094697634772658, 48.491309741049378 ], [ 5.095868451076517, 48.491811036032644 ], [ 5.097352724725874, 48.491685843563751 ], [ 5.098431472771239, 48.491576797240597 ], [ 5.099986978778743, 48.491540304614077 ], [ 5.101620933989054, 48.491772378312326 ], [ 5.102715530803072, 48.492058975763065 ], [ 5.103189059046394, 48.49205059133309 ], [ 5.105122675687944, 48.492664274665202 ], [ 5.105391462045924, 48.492614514457806 ], [ 5.105455501237575, 48.49252338756132 ], [ 5.106205037338865, 48.492645085557989 ], [ 5.106274489800671, 48.492688849752035 ], [ 5.106545080309002, 48.492684050776326 ], [ 5.106738635682028, 48.492446639186745 ], [ 5.107625274595976, 48.492610892124645 ], [ 5.107845359045036, 48.492696978166435 ], [ 5.108100613481403, 48.49264745194229 ], [ 5.10816464800942, 48.492556323587813 ], [ 5.110837406420413, 48.493030804558565 ], [ 5.112469645780608, 48.493217765016134 ], [ 5.1125409144985, 48.493306489251417 ], [ 5.11249765730402, 48.493577234138726 ], [ 5.115635597533889, 48.494169322391258 ], [ 5.117753776519774, 48.494653526822759 ], [ 5.119348316344928, 48.495246029723923 ], [ 5.119794998555368, 48.495912997886933 ], [ 5.119983800143109, 48.496899538592864 ], [ 5.120278843828722, 48.49716424771993 ], [ 5.121311455338531, 48.497586770593358 ], [ 5.121583887892628, 48.49762690081883 ], [ 5.121591160610097, 48.497806754533329 ], [ 5.124898327792027, 48.498890534948302 ], [ 5.125894571961947, 48.498413750661328 ], [ 5.127400266877551, 48.497477874339609 ], [ 5.127971908652796, 48.496882686411332 ], [ 5.128088976521513, 48.496430628634187 ], [ 5.128033972699561, 48.494406790324817 ], [ 5.128265507197488, 48.493772695872842 ], [ 5.128846615023238, 48.493078339888967 ], [ 5.129318148908379, 48.490685087026421 ], [ 5.12921948832969, 48.489921919051206 ], [ 5.128727805044166, 48.48881482464585 ], [ 5.128704093468942, 48.488230297272125 ], [ 5.12919484385857, 48.487312573047731 ], [ 5.129884844236594, 48.486301279545167 ], [ 5.13018395865828, 48.485665964184335 ], [ 5.130321059961177, 48.485708501250045 ], [ 5.131242733735284, 48.486402907803679 ], [ 5.131584581188852, 48.486486765216306 ], [ 5.132461696158039, 48.486417022463151 ], [ 5.133061308485389, 48.48618127136222 ], [ 5.133700400897093, 48.485584835647593 ], [ 5.133687604029928, 48.485270089910934 ], [ 5.137744745956644, 48.485170125379597 ], [ 5.142835286498243, 48.484187442537575 ], [ 5.143982890963077, 48.484112732301384 ], [ 5.14656886203787, 48.48445298715837 ], [ 5.148348750755038, 48.484942762361861 ], [ 5.149462880685526, 48.485372568890121 ], [ 5.150486282467289, 48.485570024954789 ], [ 5.152315811484351, 48.485617874078102 ], [ 5.153192884359004, 48.485547978197474 ], [ 5.155426392462586, 48.485543457011339 ], [ 5.160321272215875, 48.485733491612088 ], [ 5.161564302932753, 48.486331829778408 ], [ 5.163189100605557, 48.486338241478549 ], [ 5.16529812561985, 48.486596785232045 ], [ 5.166049200325742, 48.486754076693686 ], [ 5.166554804894633, 48.482605123983213 ], [ 5.166801204860404, 48.482015665121587 ], [ 5.167634958596698, 48.481226496452656 ], [ 5.16915077916942, 48.479254933797357 ], [ 5.169874248631284, 48.47874674439749 ], [ 5.170525848151716, 48.478464850699908 ], [ 5.171890828681825, 48.477431949049134 ], [ 5.171873582303165, 48.477342269724545 ], [ 5.172074600585484, 48.477293595078592 ], [ 5.172596626823634, 48.476825070305075 ], [ 5.172936616483111, 48.476863845953488 ], [ 5.175344618707448, 48.477485714262166 ], [ 5.180185821589081, 48.479331810088134 ], [ 5.181344852692907, 48.479535510217815 ], [ 5.18255992933615, 48.479459184548872 ], [ 5.183292623690625, 48.479175729196889 ], [ 5.183938169503415, 48.478749879973776 ], [ 5.184366226980011, 48.477977047226219 ], [ 5.184424330699892, 48.476446059746685 ], [ 5.184753097391517, 48.476215022343148 ], [ 5.185560473234326, 48.476101168094381 ], [ 5.18697833711128, 48.476021062351698 ], [ 5.189601406395905, 48.475954717358761 ], [ 5.191858917935799, 48.476210047816089 ], [ 5.193979329666343, 48.476746855444631 ], [ 5.19630662978283, 48.474786918994269 ], [ 5.207105500296612, 48.473128720646969 ], [ 5.207310251238193, 48.473169912124277 ], [ 5.208160183729061, 48.475035026945896 ], [ 5.208363051222283, 48.475031253671617 ], [ 5.209986702692917, 48.473732095071256 ], [ 5.210941658259382, 48.472625359382612 ], [ 5.211979727817766, 48.471886051250848 ], [ 5.21293320830523, 48.472030275648855 ], [ 5.213201786608882, 48.471980270754621 ], [ 5.213219608589322, 48.471439959465819 ], [ 5.213546321200795, 48.471163878536217 ], [ 5.216144437113557, 48.470512428827021 ], [ 5.21822496672305, 48.470104584913528 ], [ 5.219364551800771, 48.469849293986599 ], [ 5.21936835369188, 48.469939219740432 ], [ 5.220194574422288, 48.470274758199686 ], [ 5.22104003622489, 48.470744926284389 ], [ 5.222571204223594, 48.471427244936066 ], [ 5.223762415427696, 48.472070914175788 ], [ 5.224936320380977, 48.472624899214523 ], [ 5.227887228016333, 48.473271534951714 ], [ 5.228093904354662, 48.47335765320787 ], [ 5.230896126676732, 48.474007005628216 ], [ 5.231345573899243, 48.474709534825749 ], [ 5.23181701271252, 48.474655675052986 ], [ 5.232217004951528, 48.474513159812624 ], [ 5.232421780982817, 48.474554307946498 ], [ 5.233232453734872, 48.47547502965368 ], [ 5.233433407921761, 48.475426251094476 ], [ 5.234467005192413, 48.474587830563699 ], [ 5.23518774164269, 48.474349271056781 ], [ 5.236406451093866, 48.474362319138798 ], [ 5.237221351835252, 48.474427963325887 ], [ 5.23767702110745, 48.47527434802096 ], [ 5.2388066353054, 48.476054026005023 ], [ 5.242989299254877, 48.480492930608392 ], [ 5.242691579790981, 48.48112853195861 ], [ 5.241945409915029, 48.482357578740455 ], [ 5.240554448417578, 48.48402177080083 ], [ 5.239748322577129, 48.485116935892741 ], [ 5.238318376082383, 48.486187855341086 ], [ 5.237356083110178, 48.487114951465138 ], [ 5.236698873501149, 48.487577312523364 ], [ 5.235046729020087, 48.48820239265131 ], [ 5.234394080248475, 48.488772649276441 ], [ 5.234353369862718, 48.489088401136833 ], [ 5.235096643361008, 48.489056415412918 ], [ 5.235106218972964, 48.489281225147977 ], [ 5.232639654960368, 48.493359431264203 ], [ 5.23233203375553, 48.494085178185024 ], [ 5.232228283230364, 48.497056977575035 ], [ 5.232363167993442, 48.497999393220702 ], [ 5.233096309340609, 48.500271490512276 ], [ 5.233830033450772, 48.501283638907161 ], [ 5.234005680759883, 48.501910301131382 ], [ 5.233899086088209, 48.502587268396425 ], [ 5.233806150282446, 48.502948995970122 ], [ 5.233631892193088, 48.503627234696708 ], [ 5.232955687440213, 48.503648946822842 ], [ 5.230853292467942, 48.503571453915427 ], [ 5.230055301484624, 48.503595436543279 ], [ 5.229251690633552, 48.506355357315201 ], [ 5.228577359071088, 48.50642200590989 ], [ 5.228579269234407, 48.506466967350548 ], [ 5.227110499835618, 48.509194343253192 ], [ 5.226768217061993, 48.510064704057463 ], [ 5.227247233032902, 48.51018171701331 ], [ 5.227318718813227, 48.510270371113336 ], [ 5.226989926206962, 48.510501520134333 ], [ 5.224470199763685, 48.510170748592856 ], [ 5.2240641953344, 48.51017834961489 ], [ 5.223934579458124, 48.510315767120943 ], [ 5.225615249766002, 48.511301229118843 ], [ 5.225153393821116, 48.51158886156977 ], [ 5.224815429167434, 48.51160419005263 ], [ 5.224256915344736, 48.511209674001385 ], [ 5.222927568107429, 48.510523600335553 ], [ 5.222380509900962, 48.510398843501982 ], [ 5.222482667104841, 48.510891899842711 ], [ 5.222922975898388, 48.511693608699659 ], [ 5.224043622478641, 48.512248598173016 ], [ 5.226089810834164, 48.513866167762579 ], [ 5.227305235428765, 48.513780394161572 ], [ 5.227444398304034, 48.513867779351024 ], [ 5.227797538639497, 48.515166070783835 ], [ 5.228825157645011, 48.516397714187221 ], [ 5.229149525285106, 48.517336564539107 ], [ 5.229726874408241, 48.518171673606233 ], [ 5.230377587716568, 48.520094326086856 ], [ 5.229791561622996, 48.520330307943873 ], [ 5.228035961371593, 48.521416161460401 ], [ 5.222763965629338, 48.524241683041311 ], [ 5.222274507183243, 48.525159766415868 ], [ 5.221951091930399, 48.526479710675105 ], [ 5.220883690806085, 48.526868632680589 ], [ 5.219160527478977, 48.527449776512348 ], [ 5.217004336940986, 48.527723998492199 ], [ 5.215414584873922, 48.528257601341274 ], [ 5.212253214518113, 48.528793448028914 ], [ 5.212583311546473, 48.529552238824074 ], [ 5.211312319524589, 48.529935862082169 ], [ 5.211342924357186, 48.530340258036134 ], [ 5.212176972880581, 48.532124582476307 ], [ 5.211706893945663, 48.532223322632383 ], [ 5.211393330573444, 48.53249913331549 ], [ 5.211212995695563, 48.533042440943404 ], [ 5.210913076007344, 48.533641967603899 ], [ 5.210253154766709, 48.53405920457152 ], [ 5.208728947075961, 48.534546495739576 ], [ 5.206829171084337, 48.535769673286353 ], [ 5.206579477305863, 48.535954292127222 ], [ 5.206519345509627, 48.536135391792527 ], [ 5.206884640902272, 48.536443581455828 ], [ 5.206969377180124, 48.536846970891709 ], [ 5.208335167765889, 48.538387460815642 ], [ 5.208425883036941, 48.538610754591865 ], [ 5.206327421000342, 48.538658719638988 ], [ 5.205310338618904, 48.538641595676204 ], [ 5.196461641040039, 48.538004499560202 ], [ 5.195094758983441, 48.537723777593214 ], [ 5.194652111700547, 48.53945078183046 ], [ 5.194423476075517, 48.541434805072754 ], [ 5.194515653529397, 48.542018044633636 ], [ 5.195701397198452, 48.543472001469439 ], [ 5.196853060134997, 48.546051459965376 ], [ 5.197028415444572, 48.546678154469078 ], [ 5.196825269913251, 48.546681908167734 ], [ 5.195021812494166, 48.547309154756036 ], [ 5.192705543571679, 48.548314791908183 ], [ 5.191730023121219, 48.548971709673992 ], [ 5.191197675208517, 48.549206497158494 ], [ 5.187942299930095, 48.549149457765779 ], [ 5.187607835469525, 48.549254601093217 ], [ 5.187408432113507, 48.549348259814955 ], [ 5.187166485396568, 48.549721670182777 ], [ 5.187255491075855, 48.551204869149288 ], [ 5.186888972324484, 48.551841540537893 ], [ 5.186164659077422, 48.552349804119594 ], [ 5.185044161700539, 48.55278435276648 ], [ 5.183626092002704, 48.552909391025494 ], [ 5.181807288312386, 48.553176750281601 ], [ 5.180816573414143, 48.553473892017891 ], [ 5.179225588135536, 48.554330963821037 ], [ 5.178236331782656, 48.554664052187022 ], [ 5.174687637190432, 48.555385925281094 ], [ 5.173754378953462, 48.555762945754196 ], [ 5.173113022339201, 48.556314603103004 ], [ 5.172635815917332, 48.557556173896266 ], [ 5.171691174666055, 48.558968258075595 ], [ 5.170766325090916, 48.561513829792091 ], [ 5.170213085706942, 48.562558796462923 ], [ 5.169056140723846, 48.563758752382554 ], [ 5.168019366893749, 48.564587551932512 ], [ 5.16715586786941, 48.565017235416263 ], [ 5.165675631459652, 48.565287165644378 ], [ 5.165067829523054, 48.565343225195335 ], [ 5.16088858300343, 48.564276376438762 ], [ 5.158815454934489, 48.563648110782943 ], [ 5.157106085832563, 48.563292176129004 ], [ 5.156701880976521, 48.563353499332585 ], [ 5.155945666821268, 48.563097245138756 ], [ 5.155836634570865, 48.562424310044882 ], [ 5.155597682594606, 48.561888711746278 ], [ 5.154954543555559, 48.561414430098786 ], [ 5.154038259848553, 48.560891099503344 ], [ 5.153201797134684, 48.560330321511408 ], [ 5.153130368469747, 48.560241626413962 ], [ 5.152133196943484, 48.560718615533609 ], [ 5.151794525041955, 48.560724743620256 ], [ 5.151040218428524, 48.560513418414473 ], [ 5.149246305199948, 48.559744956133663 ], [ 5.148890773859653, 48.559670391364428 ], [ 5.148241734931585, 48.560042069758325 ], [ 5.146285562246169, 48.560275362567623 ], [ 5.146335940606122, 48.561174333892822 ], [ 5.145637907794302, 48.562005819698122 ], [ 5.144914894591029, 48.562558788582805 ], [ 5.144732592339644, 48.562742051895974 ], [ 5.145014584144834, 48.563006929990564 ], [ 5.144489244893589, 48.563421348574131 ], [ 5.144152394451526, 48.563472415610057 ], [ 5.143803034617597, 48.5632177487063 ], [ 5.143528404858341, 48.563132710781844 ], [ 5.14340212527766, 48.563359956047144 ], [ 5.14277941997789, 48.564046084422529 ], [ 5.142117103267351, 48.564426964304346 ], [ 5.141674852545179, 48.564884866652093 ], [ 5.139068703168625, 48.566803504479736 ], [ 5.13849205159168, 48.567623759495035 ], [ 5.137214161254685, 48.568870553586549 ], [ 5.134789283186367, 48.570587856657902 ], [ 5.134454208976631, 48.570683856544136 ], [ 5.134405505969248, 48.570819710870602 ], [ 5.131645000391317, 48.572291002521069 ], [ 5.130736019104155, 48.572946193041176 ], [ 5.127054707981998, 48.576458554415915 ], [ 5.125969333950171, 48.577782755507435 ], [ 5.125248343093571, 48.579064441382442 ], [ 5.125052362838866, 48.579247914158152 ], [ 5.125123769879382, 48.579336624744187 ], [ 5.126082980778511, 48.5795804469698 ], [ 5.126995660691619, 48.580014064163393 ], [ 5.127067072066612, 48.580102773528083 ], [ 5.125343462696851, 48.582077271755921 ], [ 5.125141999014351, 48.582125863236314 ], [ 5.124430760516727, 48.581643642618701 ], [ 5.123660221950872, 48.581036496049883 ], [ 5.123455115359227, 48.580995163917557 ], [ 5.122993542447175, 48.581318351359876 ], [ 5.122608835789681, 48.581865130015224 ], [ 5.122587421108037, 48.582675383781854 ], [ 5.121512675108161, 48.582928514656359 ], [ 5.119993864386192, 48.583603482259861 ], [ 5.11828044573047, 48.584497859235782 ], [ 5.117905583758205, 48.584954459315163 ], [ 5.117773346053259, 48.587386416483533 ], [ 5.11754854221086, 48.588200283891425 ], [ 5.117737634102199, 48.589186755224418 ], [ 5.118175179155687, 48.58994384083131 ], [ 5.119478243640269, 48.591306408939616 ], [ 5.120683657921887, 48.592265770404126 ], [ 5.121261274336775, 48.592795385527467 ], [ 5.120094895303435, 48.593806003754729 ], [ 5.119453239984351, 48.595716110780444 ], [ 5.118359659296436, 48.595510619258981 ], [ 5.115471362820595, 48.594869112980732 ], [ 5.113817796405561, 48.594232608400119 ], [ 5.113546681982464, 48.594237423548591 ], [ 5.113081665612113, 48.594479640948741 ], [ 5.112746398791307, 48.594575577833389 ], [ 5.111963700380381, 48.594004570666705 ], [ 5.111691136545589, 48.593973413507626 ], [ 5.110233860472579, 48.594503175529852 ], [ 5.109828997670824, 48.594555345891116 ], [ 5.109383412221811, 48.593933353168381 ], [ 5.108839375032447, 48.593898002498086 ], [ 5.107578533058194, 48.59425328027212 ], [ 5.104547277103138, 48.594774841259188 ], [ 5.104258989769415, 48.594689954591438 ], [ 5.104230083429208, 48.593970591265602 ], [ 5.101559451704134, 48.593675841083595 ], [ 5.097736494085193, 48.59305940896126 ], [ 5.09569453273417, 48.592879423007595 ], [ 5.08993094216651, 48.592917790375893 ], [ 5.088511918587847, 48.593050682612436 ], [ 5.088541612229015, 48.593455089085495 ], [ 5.086662454102646, 48.593955968363275 ], [ 5.080803263416341, 48.596029195831221 ], [ 5.080702694351507, 48.596570854774988 ], [ 5.080501133538077, 48.5966193701042 ], [ 5.080159006369825, 48.596544365202 ], [ 5.079931387693774, 48.596278393046866 ], [ 5.07801600478617, 48.595870932537487 ], [ 5.075633312749167, 48.595651559216201 ], [ 5.075569095596232, 48.595742662497706 ], [ 5.07530010809177, 48.595801343236047 ], [ 5.074067574916445, 48.595507887452143 ], [ 5.073454339936069, 48.595437587823461 ], [ 5.073322338056895, 48.595529870770129 ], [ 5.073133234299047, 48.595893098019054 ], [ 5.07292988926203, 48.595896639937429 ], [ 5.070888258264775, 48.595725221003647 ], [ 5.070285690258598, 48.595924669002521 ], [ 5.070374138899133, 48.596103096707402 ], [ 5.0699281007717, 48.596830719979693 ], [ 5.069196894304116, 48.598238171439561 ], [ 5.068316873127146, 48.599657200482532 ], [ 5.06816377477109, 48.59990281442596 ], [ 5.068150927717231, 48.599921034216194 ], [ 5.066816205127179, 48.601851851741927 ], [ 5.06589779190764, 48.603676444276239 ], [ 5.065191565068543, 48.60572230058262 ], [ 5.065160772322335, 48.607693445291822 ], [ 5.064726704082086, 48.608384838707231 ], [ 5.064283405591743, 48.608842436747011 ], [ 5.063779389788238, 48.609481049381742 ], [ 5.063844351615984, 48.610784661063306 ], [ 5.063234495449896, 48.610804230088831 ], [ 5.062629598980014, 48.610949684614326 ], [ 5.061223825747343, 48.611432939213209 ], [ 5.060249020198643, 48.612178664352008 ], [ 5.059595517528733, 48.612468914613757 ], [ 5.059677472992218, 48.612827423233639 ], [ 5.059604956667319, 48.614088419445473 ], [ 5.059248827020878, 48.61503938493891 ], [ 5.05919693834673, 48.61544519870597 ], [ 5.05952890098835, 48.616294279869862 ], [ 5.05964565316614, 48.617192073333676 ], [ 5.059524426841423, 48.619974588340739 ], [ 5.059073075076633, 48.621611050154755 ], [ 5.058513434991767, 48.622565525370298 ], [ 5.058278717992287, 48.62315445797676 ], [ 5.058266899824065, 48.624234431244275 ], [ 5.058005016740266, 48.625858608981311 ], [ 5.057901491273325, 48.628748771104966 ], [ 5.057748708326457, 48.629696204444038 ], [ 5.056671378706644, 48.632333236376574 ], [ 5.056535720229725, 48.632335578877161 ], [ 5.056001918790895, 48.632569744934521 ], [ 5.054192052306965, 48.63314985164137 ], [ 5.054023305465295, 48.633692641304563 ], [ 5.053693325964322, 48.633932279139309 ], [ 5.053148910751134, 48.633896675129506 ], [ 5.05203962984119, 48.633303929012136 ], [ 5.05076458527543, 48.63229112162503 ], [ 5.050043134640503, 48.631547710712084 ], [ 5.049328395287416, 48.630975141745139 ], [ 5.048033208191221, 48.629791689671734 ], [ 5.045915249893178, 48.62804648845092 ], [ 5.044388643436987, 48.626147130911995 ], [ 5.043731325940126, 48.625303601768763 ], [ 5.040848868985493, 48.623436457435744 ], [ 5.040280842324936, 48.623140258268634 ], [ 5.038664038451977, 48.622052193944867 ], [ 5.038378764882915, 48.621697156428269 ], [ 5.038806636252524, 48.620835017911666 ], [ 5.038796128134599, 48.620565256643005 ], [ 5.036622585028125, 48.619117775818069 ], [ 5.036566935474636, 48.619082735471771 ], [ 5.035779301088691, 48.617674512861711 ], [ 5.035580810213369, 48.616409180351141 ], [ 5.034892581771728, 48.616160000868987 ], [ 5.034048192818936, 48.615733524143664 ], [ 5.033484767398678, 48.6152032644979 ], [ 5.033134203968744, 48.614912315207071 ], [ 5.032879912891484, 48.614304788730117 ], [ 5.032918734246133, 48.613557285843463 ], [ 5.032284450963602, 48.613298172350319 ], [ 5.029828471510552, 48.612953153153924 ], [ 5.028460180895244, 48.612661541317436 ], [ 5.027546355505262, 48.612191211810668 ], [ 5.02672261377506, 48.611944293622059 ], [ 5.025024395030974, 48.611892208630522 ], [ 5.02298056009765, 48.611675009603964 ], [ 5.021894318944874, 48.611657470037734 ], [ 5.021016348357255, 48.611762357978208 ], [ 5.019806642489466, 48.61206182690502 ], [ 5.018586520489237, 48.612091518541114 ], [ 5.017830279529842, 48.611834397010938 ], [ 5.015866914024381, 48.610886871073625 ], [ 5.014144868442894, 48.610214170130021 ], [ 5.013126462085588, 48.610195403447015 ], [ 5.01278918310568, 48.610246096525024 ], [ 5.012187955021994, 48.61049020898971 ], [ 5.010773094078408, 48.610748063257205 ], [ 5.010385020613477, 48.610889587604149 ], [ 5.007612703094822, 48.611134326800105 ], [ 5.006400867229726, 48.611379706478381 ], [ 5.006067364568393, 48.611529294724384 ], [ 5.004068164997201, 48.61212084092174 ], [ 5.003068649380752, 48.612596559548649 ], [ 5.002144979399136, 48.612927026011342 ], [ 5.000696379198996, 48.613725204404915 ], [ 4.99932756300453, 48.614836953090474 ], [ 4.998312670155175, 48.615978736336544 ], [ 4.997547521486532, 48.616909366727747 ], [ 4.996385077947432, 48.618098595217596 ], [ 4.995561992832916, 48.619291121323762 ], [ 4.994662722922754, 48.621690635866557 ], [ 4.994667863369889, 48.621825518308974 ], [ 4.996337688272953, 48.622193443412243 ], [ 4.997580709487387, 48.622757461837573 ], [ 4.998779461407579, 48.62358314971631 ], [ 4.998847280580819, 48.623582011362551 ], [ 4.998784612647925, 48.623718031769883 ], [ 4.996301829206538, 48.625523264761263 ], [ 4.996305259234963, 48.625613186059113 ], [ 4.999611375063175, 48.626529490085545 ], [ 5.000159113831474, 48.62665526007325 ], [ 5.000164268929224, 48.626790141724335 ], [ 4.998179526623726, 48.627777234173649 ], [ 4.997791292861714, 48.62791871548739 ], [ 4.999456358105055, 48.628511625178255 ], [ 5.0011688448542, 48.628923757758457 ], [ 5.002135266460849, 48.629348410552836 ], [ 5.002479560610891, 48.629477590121823 ], [ 5.003275363559327, 48.630408982925289 ], [ 5.004337000517118, 48.6311919309966 ], [ 5.004611760814213, 48.631277285357193 ], [ 5.004683034628509, 48.631366064317454 ], [ 5.005028381960545, 48.631522212487624 ], [ 5.004915246725584, 48.631758061370597 ], [ 5.004127464370846, 48.632455156879772 ], [ 5.00616236089035, 48.633482645346817 ], [ 5.006169255884741, 48.633662486180249 ], [ 5.005925627052494, 48.634035501177891 ], [ 5.004706362945566, 48.63410101821492 ], [ 5.004709807976019, 48.634190938631001 ], [ 5.005194975050249, 48.634452706944927 ], [ 5.005051558456108, 48.635669828897477 ], [ 5.003651270325409, 48.63597232493801 ], [ 5.002905427996762, 48.635993866697973 ], [ 5.002844476728279, 48.636174848001204 ], [ 5.003938108017945, 48.636372401535617 ], [ 5.004224950096007, 48.636772477309648 ], [ 5.002972004435988, 48.637378410833882 ], [ 5.002975446702192, 48.637468331055317 ], [ 5.003328403563296, 48.637822307800107 ], [ 5.003213181415772, 48.638004201733359 ], [ 5.003147064948954, 48.63805030264502 ], [ 5.003851271686929, 48.638713293576401 ], [ 5.003854715551744, 48.638803213672638 ], [ 5.002412110232912, 48.639421327525817 ], [ 5.002084955138989, 48.639741749282308 ], [ 5.001956156386846, 48.639923869748998 ], [ 5.000769574624331, 48.640492670369952 ], [ 4.998952294668218, 48.640901085868975 ], [ 4.998837050530977, 48.641082975104013 ], [ 4.998725413268701, 48.641714692056958 ], [ 4.998764746673306, 48.642388864376919 ], [ 4.997919337095441, 48.644427539997686 ], [ 4.997624577073554, 48.645242279504558 ], [ 4.997302849158901, 48.64570655819422 ], [ 4.99609016428104, 48.645951825921067 ], [ 4.995566436190916, 48.64610456331102 ], [ 4.994686120587337, 48.646164294238766 ], [ 4.995549227649479, 48.649568970296748 ], [ 4.995694116416582, 48.651231116516207 ], [ 4.99560799768096, 48.652177315569396 ], [ 4.995069361758235, 48.653365030874646 ], [ 4.993612885965954, 48.655413881421921 ], [ 4.993513356421212, 48.656009391222526 ], [ 4.993530560286921, 48.657529704229603 ], [ 4.992811815436962, 48.658270534063334 ], [ 4.993595544986025, 48.658878261165505 ], [ 4.993955439230762, 48.65941209704625 ], [ 4.994233759505764, 48.659587392155522 ], [ 4.995945353199476, 48.659594727445132 ], [ 4.995830057423654, 48.659776610931772 ], [ 4.995041389036624, 48.66046463819734 ], [ 4.994865080600292, 48.660827494173304 ], [ 4.996246456626297, 48.661434195494941 ], [ 4.997959652376617, 48.661837371048222 ], [ 4.997717551208391, 48.662255319740396 ], [ 4.997654834005478, 48.662391335172025 ], [ 5.000666201359143, 48.662997645108121 ], [ 5.000751085768576, 48.663086196196453 ], [ 5.000756245983177, 48.66322107372617 ], [ 5.000143691597521, 48.663186367779296 ], [ 4.999254843565294, 48.663030327512899 ], [ 4.99932787039882, 48.663164066523841 ], [ 5.000435811134219, 48.663721321216343 ], [ 5.004202224599171, 48.665241620692811 ], [ 5.005576583414772, 48.665659383716779 ], [ 5.007660540841273, 48.666515060265809 ], [ 5.009586600863979, 48.667148423185402 ], [ 5.01091366783682, 48.667746875070115 ], [ 5.011052878332615, 48.667834502295044 ], [ 5.010793475156778, 48.66815379504785 ], [ 5.010589845025834, 48.66815723027166 ], [ 5.010111597044688, 48.668084318504981 ], [ 5.00991833581041, 48.668357505680156 ], [ 5.009195629151151, 48.668639618589218 ], [ 5.008949786201999, 48.668958678268808 ], [ 5.008596821649717, 48.668964626972979 ], [ 5.008290347650675, 48.669473656148369 ], [ 5.008333278861154, 48.670237727244412 ], [ 5.008077232134815, 48.673121262767893 ], [ 5.008494548270074, 48.673375160947472 ], [ 5.008444653282746, 48.674905585119618 ], [ 5.0088571486281, 48.675033597529698 ], [ 5.008628545985111, 48.675802240722938 ], [ 5.008229192824198, 48.677077621136611 ], [ 5.008187208286523, 48.677753142726601 ], [ 5.009093712104637, 48.678007794313629 ], [ 5.009097167571922, 48.678097711297987 ], [ 5.008903864029787, 48.678370894524015 ], [ 5.008973481677116, 48.678414708938938 ], [ 5.009046554851149, 48.678548440263221 ], [ 5.008583414290165, 48.67887115753377 ], [ 5.008342700874002, 48.679325088572099 ], [ 5.007433768023345, 48.680069195266327 ], [ 5.004595555314772, 48.681880460250639 ], [ 5.00313991392109, 48.682543747302134 ], [ 5.002532642745371, 48.68265292109718 ], [ 5.001497337523586, 48.682229430312738 ], [ 4.99901614881524, 48.68165923123555 ], [ 4.997952350441995, 48.681910997608881 ], [ 4.994005401504123, 48.683164739313817 ], [ 4.991463915527825, 48.683864030507515 ], [ 4.99092415985911, 48.683963019228223 ], [ 4.990370707495868, 48.68370233717193 ], [ 4.988558343554963, 48.684281421757703 ], [ 4.988427677798425, 48.684418562247238 ], [ 4.988911518822555, 48.684635427309132 ], [ 4.989839954004025, 48.685465692741822 ], [ 4.990131979142052, 48.685640766944168 ], [ 4.990235711939719, 48.686223866938342 ], [ 4.990510738414272, 48.686309249884282 ], [ 4.991206871685395, 48.686747496567854 ], [ 4.991157688454723, 48.686883278979415 ], [ 4.99036854968046, 48.687571259612994 ], [ 4.990309206785601, 48.687797185063488 ], [ 4.99088826963776, 48.688372348327576 ], [ 4.990823790971004, 48.688463398811358 ], [ 4.99048940962122, 48.688603942128857 ], [ 4.99042664200533, 48.688739950735112 ], [ 4.990455631298542, 48.689144349154901 ], [ 4.990662768987905, 48.689230865052323 ], [ 4.990408271256613, 48.689684982625664 ], [ 4.990672150523974, 48.69197490728434 ], [ 4.990290267797474, 48.692296189415906 ], [ 4.989492479054968, 48.692759370097839 ], [ 4.989838871244022, 48.692933537538835 ], [ 4.990882738246285, 48.693222024416478 ], [ 4.991476917232359, 48.693122129383724 ], [ 4.992749713516473, 48.692642001033974 ], [ 4.99380037789568, 48.692039609602851 ], [ 4.994872836052224, 48.691652780686169 ], [ 4.995078274859418, 48.691694330552863 ], [ 4.9964126680198, 48.692472764043373 ], [ 4.997587389808904, 48.692983936382646 ], [ 4.998271294973279, 48.693098441173731 ], [ 4.999089302502534, 48.693165707157796 ], [ 4.999952204808098, 48.694050975915559 ], [ 5.000232450258945, 48.694271209903469 ], [ 5.000366207036315, 48.694214982034858 ], [ 5.000493424227866, 48.693987913587762 ], [ 5.00076850830243, 48.694073272315038 ], [ 5.001598931389232, 48.694464218588891 ], [ 5.002092713324425, 48.694581892814327 ], [ 5.003256431271062, 48.695866968890549 ], [ 5.003845724163986, 48.696702820950406 ], [ 5.004823768756675, 48.697397174803847 ], [ 5.005041312261466, 48.697753411974162 ], [ 5.005211426373486, 48.698290393313684 ], [ 5.0054238004688, 48.698511756216092 ], [ 5.00619826956843, 48.698858624864968 ], [ 5.006401674370828, 48.698846205683559 ], [ 5.006410304927981, 48.699070994357371 ], [ 5.005643739000371, 48.699992620450352 ], [ 5.004205480399335, 48.70218515577659 ], [ 5.003710174146362, 48.703093209779524 ], [ 5.002630074386971, 48.704703873279527 ], [ 5.002053010652642, 48.705253398541743 ], [ 5.000941480750383, 48.706045817090228 ], [ 4.999807384087879, 48.706604673346639 ], [ 4.998761999519215, 48.707350974310209 ], [ 4.997925185219861, 48.708219733532758 ], [ 4.997316718844656, 48.709372574540645 ], [ 4.997257381231443, 48.70959849925854 ], [ 5.000312246156618, 48.710914893727441 ], [ 5.001495840389836, 48.711290919679136 ], [ 5.001753985538346, 48.711286588170921 ], [ 5.005454430774714, 48.709227042655151 ], [ 5.006857824056274, 48.708600622563957 ], [ 5.007981412897299, 48.708122852192567 ], [ 5.008648601143488, 48.70779671382784 ], [ 5.011787133446862, 48.706691136459092 ], [ 5.012478175462816, 48.706985387863973 ], [ 5.01464222289538, 48.708109510166359 ], [ 5.015359024396574, 48.708718215801248 ], [ 5.016001612290839, 48.709517114723326 ], [ 5.018836269119033, 48.708992316284515 ], [ 5.019510351537818, 48.708845946140315 ], [ 5.020173277935751, 48.708762742281301 ], [ 5.020207267640202, 48.710696588787997 ], [ 5.020910359691246, 48.714814436220088 ], [ 5.021171180120163, 48.716987356445649 ], [ 5.021154254325897, 48.720415593933431 ], [ 5.021756638826821, 48.721575027911548 ], [ 5.023126677209784, 48.722892391617968 ], [ 5.025036897886253, 48.724461492103657 ], [ 5.026081589099642, 48.724749663142553 ], [ 5.028547425842847, 48.726264286249496 ], [ 5.028758266273938, 48.726440645950206 ], [ 5.031229505738084, 48.728090080320385 ], [ 5.032538129322131, 48.728517658125405 ], [ 5.033975331215084, 48.728754088979585 ], [ 5.034393217622264, 48.72900788447587 ], [ 5.034835558998124, 48.729540174832387 ], [ 5.035323514551541, 48.729846755479073 ], [ 5.036651951643585, 48.729734118678657 ], [ 5.03881235160674, 48.730030124789558 ], [ 5.040749100992072, 48.730518858460599 ], [ 5.042592380873868, 48.730703255687615 ], [ 5.044294479482718, 48.730755084926258 ], [ 5.04748388709801, 48.73058344199962 ], [ 5.048755834894864, 48.730417656208175 ], [ 5.050046660033871, 48.730386491026977 ], [ 5.050173749341234, 48.730159376658911 ], [ 5.050238176011272, 48.730068297356212 ], [ 5.056233817364049, 48.729668228169253 ], [ 5.056224613360071, 48.729434457861956 ], [ 5.058015444086033, 48.72932261114731 ], [ 5.057999273639413, 48.728567118889828 ], [ 5.057757022372662, 48.727941486953021 ], [ 5.058170436390959, 48.727043625744045 ], [ 5.058935054664048, 48.726085718900123 ], [ 5.05946802580072, 48.725806602264072 ], [ 5.061808211969093, 48.725145374321706 ], [ 5.061086138869391, 48.72407817088753 ], [ 5.065777607951113, 48.724761813307346 ], [ 5.065742018964985, 48.725581186256598 ], [ 5.06671694227222, 48.725474330991908 ], [ 5.067328781024704, 48.725814627986175 ], [ 5.068388508846819, 48.727505754690171 ], [ 5.068982984891711, 48.72706357735936 ], [ 5.069442920554928, 48.727001617798528 ], [ 5.07031382025795, 48.726671604397438 ], [ 5.073199653151049, 48.726054667543835 ], [ 5.074141676943544, 48.725804365615083 ], [ 5.075697026865967, 48.725588375207764 ], [ 5.076989861805393, 48.725610865353424 ], [ 5.078706142143643, 48.726021849402869 ], [ 5.081142752542839, 48.726762147807413 ], [ 5.082751132114271, 48.727534850795962 ], [ 5.083786199669915, 48.72791266409763 ], [ 5.084276221301499, 48.728264000459653 ], [ 5.084511614386276, 48.728709756622834 ], [ 5.084534940699477, 48.729294177175255 ], [ 5.084239258711883, 48.730064116491036 ], [ 5.084654669414691, 48.7312715014872 ], [ 5.085707007172196, 48.731738970133492 ], [ 5.088122552198534, 48.732623454361359 ], [ 5.090067415552757, 48.733300198502853 ], [ 5.092502463154702, 48.734328211315123 ], [ 5.092773946287395, 48.734314453636379 ], [ 5.095140323112997, 48.732950323504788 ], [ 5.096264587320171, 48.732156807431728 ], [ 5.097323879037002, 48.731778300687047 ], [ 5.098537718761968, 48.731523029798225 ], [ 5.099071979240165, 48.73127970175176 ], [ 5.100443892497956, 48.730220862756248 ], [ 5.101824072579325, 48.729368800744972 ], [ 5.102945428568352, 48.728845189747361 ], [ 5.104720926179644, 48.727680212019834 ], [ 5.105739842448606, 48.72765323837767 ], [ 5.106492752550951, 48.727774911035375 ], [ 5.10782791182314, 48.728507118195516 ], [ 5.108722190695406, 48.728761241239951 ], [ 5.111246272560251, 48.728959541300398 ], [ 5.112755433116834, 48.729283731091762 ], [ 5.114793682922646, 48.729238628996782 ], [ 5.115906918221881, 48.729524808101594 ], [ 5.116742881707359, 48.729680933915425 ], [ 5.118193259270389, 48.730231034607179 ], [ 5.118672591369062, 48.730312499854612 ], [ 5.120234826528246, 48.730266758398436 ], [ 5.12158260202635, 48.729963883156849 ], [ 5.124655777456818, 48.728946476659623 ], [ 5.125979288740907, 48.728383055352104 ], [ 5.129668610274824, 48.727471503564075 ], [ 5.131490078871656, 48.727115070691127 ], [ 5.131800128529173, 48.72571491660559 ], [ 5.131776275071658, 48.72513050359688 ], [ 5.130964267545945, 48.723894351429244 ], [ 5.130888984916705, 48.723715745213219 ], [ 5.132399951194607, 48.724084642984529 ], [ 5.132961515369292, 48.724515484996395 ], [ 5.134014156984521, 48.725981256313332 ], [ 5.134407542002697, 48.726954950508166 ], [ 5.136086457430877, 48.726771949322547 ], [ 5.139462961794797, 48.726198597088562 ], [ 5.141066883296742, 48.725845916139647 ], [ 5.141340521247015, 48.725885993533076 ], [ 5.145973402967964, 48.728421051250834 ], [ 5.147382630139841, 48.72928645683173 ], [ 5.148384179135084, 48.730159186263613 ], [ 5.149163765469924, 48.730595025562295 ], [ 5.150607104601029, 48.73096491446735 ], [ 5.154098031254185, 48.731513784123045 ], [ 5.156235697776467, 48.731898063300818 ], [ 5.156575478898369, 48.731891923445275 ], [ 5.156743477266639, 48.73134903404916 ], [ 5.157015299265742, 48.731344121083445 ], [ 5.158970881036764, 48.731929589005951 ], [ 5.161682399365823, 48.733032190842103 ], [ 5.162095728482575, 48.733159666544481 ], [ 5.162297367983073, 48.733102027851018 ], [ 5.162663596483843, 48.732420574247548 ], [ 5.163173175607887, 48.731916472011122 ], [ 5.163305363320271, 48.731824100066966 ], [ 5.163647005652815, 48.731862894192126 ], [ 5.164352826112267, 48.732156012621843 ], [ 5.165584615708513, 48.732340610113859 ], [ 5.166158392408493, 48.731745353730958 ], [ 5.167330318186326, 48.730815318676306 ], [ 5.167466227304535, 48.730812850215301 ], [ 5.167528584372551, 48.730676753665719 ], [ 5.169897468177594, 48.729095111102367 ], [ 5.170218034762079, 48.728954317177276 ], [ 5.170212430545976, 48.728819454826656 ], [ 5.169570465313289, 48.728426235637748 ], [ 5.169632814050261, 48.728290137709507 ], [ 5.170747861325319, 48.727631026908064 ], [ 5.17067430571776, 48.727497400547321 ], [ 5.170184084100817, 48.72715540970956 ], [ 5.170178480165343, 48.727020547148754 ], [ 5.170432952080196, 48.72692594238859 ], [ 5.170359398270925, 48.726792315752803 ], [ 5.169874414868512, 48.726576195213561 ], [ 5.169244202305015, 48.726137772154324 ], [ 5.168936789749102, 48.72561249983066 ], [ 5.168957544245449, 48.724802334716216 ], [ 5.169553582652991, 48.723108937166735 ], [ 5.16964735481263, 48.722747325525525 ], [ 5.170662778179248, 48.72263887968252 ], [ 5.170863044197893, 48.721240596618408 ], [ 5.171489255329499, 48.720275446365243 ], [ 5.171749803819287, 48.720000773189412 ], [ 5.171678125399535, 48.719912101012156 ], [ 5.170517909767112, 48.719807246471355 ], [ 5.17046509452293, 48.718863449566832 ], [ 5.170121664498299, 48.71877972001586 ], [ 5.169369109480361, 48.71866743874503 ], [ 5.169531017732423, 48.716999919795356 ], [ 5.16994779466462, 48.715903616443967 ], [ 5.17000265779583, 48.715587698337934 ], [ 5.170546135255321, 48.715577811265412 ], [ 5.171643928740275, 48.715818766395515 ], [ 5.173113696644967, 48.716502822534522 ], [ 5.174157546729873, 48.716753735244104 ], [ 5.177326450371893, 48.717748676283229 ], [ 5.178864285141038, 48.718431420545464 ], [ 5.179066224361269, 48.718382743674681 ], [ 5.177744943827429, 48.716697300883361 ], [ 5.177454836105907, 48.716261707196573 ], [ 5.177519023690465, 48.716170558223702 ], [ 5.178324498871495, 48.715921912020661 ], [ 5.178666048373245, 48.715960663687248 ], [ 5.179162221496615, 48.716446477238968 ], [ 5.179769514855486, 48.716336407396128 ], [ 5.18412699017758, 48.715185975804623 ], [ 5.184930914546976, 48.71490132124908 ], [ 5.187969810971651, 48.714737650463249 ], [ 5.189654572163412, 48.714382817973799 ], [ 5.189571565850469, 48.714024429844301 ], [ 5.191372535882652, 48.71352347436833 ], [ 5.192925146903381, 48.713260999832073 ], [ 5.193257253145201, 48.713074937997398 ], [ 5.192741734344447, 48.712454568217225 ], [ 5.192141317251815, 48.711754775940371 ], [ 5.192137544614208, 48.711664867072287 ], [ 5.19260701051912, 48.711512273597457 ], [ 5.192463606430477, 48.711334952966254 ], [ 5.192043208260931, 48.711036753100473 ], [ 5.192039435843958, 48.710946844174117 ], [ 5.192963257448864, 48.710605942134308 ], [ 5.192957596500503, 48.710471078736148 ], [ 5.191655687614548, 48.708929383329341 ], [ 5.191834563335872, 48.708656161293895 ], [ 5.190996838398453, 48.708131681553617 ], [ 5.190642513600411, 48.707787273626863 ], [ 5.190674233849526, 48.707246820207885 ], [ 5.190802540535866, 48.707064506596865 ], [ 5.190521424225689, 48.706844723398063 ], [ 5.190581807853579, 48.70666365736303 ], [ 5.191152368076919, 48.706329254342201 ], [ 5.191007475030175, 48.706115967445356 ], [ 5.190584865428135, 48.705763815497725 ], [ 5.189641203288175, 48.704656410512541 ], [ 5.189891762816961, 48.704471852956559 ], [ 5.191483749508908, 48.703533826520179 ], [ 5.193139447113194, 48.702819552792839 ], [ 5.193676747979221, 48.70266570502266 ], [ 5.193520158546911, 48.702497625119165 ], [ 5.193171138527857, 48.702279096421385 ], [ 5.193301311280509, 48.702141734136674 ], [ 5.194161197560426, 48.701577045450499 ], [ 5.193932541658086, 48.701311314851367 ], [ 5.194060822408265, 48.701128996814155 ], [ 5.195989955262894, 48.700454638815771 ], [ 5.197947369926356, 48.700130646289317 ], [ 5.197726989871291, 48.699738798868957 ], [ 5.197673355447192, 48.699109932037658 ], [ 5.198001194896035, 48.698824954109014 ], [ 5.198614296368216, 48.698858642183197 ], [ 5.200138604050906, 48.699226439634529 ], [ 5.200889051802721, 48.699293573946512 ], [ 5.200627285865745, 48.697273865872688 ], [ 5.200730922013602, 48.696507126713257 ], [ 5.200934649495952, 48.696503366807988 ], [ 5.201498375879392, 48.696978851176766 ], [ 5.201837924639224, 48.696972582292553 ], [ 5.202735285913178, 48.696011223324163 ], [ 5.20293294720749, 48.695863604418854 ], [ 5.203016648749839, 48.693657551996928 ], [ 5.20325763222352, 48.693248189823393 ], [ 5.204226599080918, 48.692375471885988 ], [ 5.204399663991031, 48.691967362179092 ], [ 5.204372052023928, 48.691634946230437 ], [ 5.204962009608089, 48.691444077888896 ], [ 5.20603250969921, 48.691046360435713 ], [ 5.206434227713089, 48.690903957129606 ], [ 5.207005857617562, 48.689957582834467 ], [ 5.206507779309569, 48.689426919070428 ], [ 5.205405593231738, 48.688106603207494 ], [ 5.204722524532865, 48.686733536964503 ], [ 5.204374486056295, 48.685570225268904 ], [ 5.203975939391995, 48.68449782608289 ], [ 5.203253486309396, 48.683800332220564 ], [ 5.202346259068568, 48.6832322204272 ], [ 5.202174169880387, 48.682695515043918 ], [ 5.201708179136577, 48.681633350819055 ], [ 5.201053306242948, 48.680925597010962 ], [ 5.199922099746059, 48.680199636430352 ], [ 5.199641089537274, 48.679979869709413 ], [ 5.199767406324512, 48.679752586703216 ], [ 5.198149317476889, 48.678756652076686 ], [ 5.197790138649509, 48.677323579445314 ], [ 5.197637739709283, 48.676930472678016 ], [ 5.197692394657889, 48.676614531397369 ], [ 5.198550230552759, 48.675365971295925 ], [ 5.199400541966732, 48.67458544445504 ], [ 5.200522960814727, 48.672846084628468 ], [ 5.200948576873366, 48.671983402242489 ], [ 5.202184527210793, 48.671006768470185 ], [ 5.204019554580892, 48.669740100079949 ], [ 5.204213701639612, 48.669511555238103 ], [ 5.206012374423989, 48.668029568342085 ], [ 5.206008581094721, 48.667939656581268 ], [ 5.206276275071452, 48.667844719397593 ], [ 5.20686966523135, 48.667419815853911 ], [ 5.207323598573143, 48.667231445389426 ], [ 5.207596980530725, 48.667271372850472 ], [ 5.209058257103995, 48.667775190900144 ], [ 5.209279245331145, 48.667861076723113 ], [ 5.209548452726822, 48.66780209685426 ], [ 5.210307258765527, 48.66711316056162 ], [ 5.210582542946656, 48.667198037022501 ], [ 5.212004383123969, 48.668053481420699 ], [ 5.212343742832323, 48.668047182476428 ], [ 5.213717031881552, 48.667112861883737 ], [ 5.213348880733091, 48.666759770413861 ], [ 5.213411042026642, 48.66662364250157 ], [ 5.214221675172235, 48.66651860217754 ], [ 5.215397214634098, 48.667972466212333 ], [ 5.215472705584868, 48.668151027475872 ], [ 5.215877651300849, 48.668089509918019 ], [ 5.215769915225287, 48.667470635061541 ], [ 5.215967431865168, 48.667322990997171 ], [ 5.216172949945036, 48.667364160718016 ], [ 5.216680678867156, 48.667804630096093 ], [ 5.217087907893168, 48.667797055271301 ], [ 5.219002159719229, 48.666807615923631 ], [ 5.219066214194596, 48.666716440790154 ], [ 5.220219240944169, 48.666676969784227 ], [ 5.22195653063982, 48.666320655246416 ], [ 5.223631854549357, 48.665785505637054 ], [ 5.223835460712719, 48.665781706519589 ], [ 5.224121850332493, 48.666127294699017 ], [ 5.224740323400286, 48.666295716389548 ], [ 5.226440501895757, 48.666344950798674 ], [ 5.226925160409651, 48.666560852482121 ], [ 5.227535604124686, 48.66654044610091 ], [ 5.22980390647164, 48.665895142902926 ], [ 5.230813881671895, 48.665687277750415 ], [ 5.231614872412353, 48.665357341178229 ], [ 5.232462086041836, 48.664837568663472 ], [ 5.23420320072963, 48.664256042865723 ], [ 5.235558223459452, 48.664176641783172 ], [ 5.235902937374292, 48.664296151290188 ], [ 5.236323594378079, 48.66460319948046 ], [ 5.236595061886856, 48.664598105005098 ], [ 5.236666389958068, 48.664677751218015 ], [ 5.237562125953933, 48.66497587783838 ], [ 5.237583394190253, 48.665155444927677 ], [ 5.236088686919625, 48.666416268166103 ], [ 5.235564952984384, 48.666876008752581 ], [ 5.235572641119782, 48.667055830534522 ], [ 5.236070917984988, 48.667271440281695 ], [ 5.237198884249406, 48.667916146076607 ], [ 5.237414039646707, 48.668182056043406 ], [ 5.238256697066368, 48.668508169096434 ], [ 5.238469935683287, 48.668729121690518 ], [ 5.238144044902041, 48.669050182321556 ], [ 5.23864620089531, 48.669355691573571 ], [ 5.238390490179652, 48.669729424180829 ], [ 5.23780079327467, 48.67023540328038 ], [ 5.237754574886528, 48.670425234958145 ], [ 5.23844833091936, 48.670763140570941 ], [ 5.238729454645653, 48.670982817517924 ], [ 5.23843444842864, 48.671708220354382 ], [ 5.238647700844411, 48.671929172035497 ], [ 5.239053033578357, 48.671876566995905 ], [ 5.239515843404746, 48.671579927143888 ], [ 5.239859074443799, 48.671663460303911 ], [ 5.240413640239792, 48.671922985802674 ], [ 5.241173382978336, 48.672214644083766 ], [ 5.242470130974944, 48.673306040592266 ], [ 5.243877539338278, 48.674125391735252 ], [ 5.246778530227516, 48.67618533930964 ], [ 5.251740904684421, 48.680986757420719 ], [ 5.255054989978106, 48.680636168772573 ], [ 5.256573341221678, 48.680868386848843 ], [ 5.25739187358735, 48.68094287256244 ], [ 5.257599419276787, 48.681028924947803 ], [ 5.257161076338669, 48.68157712101366 ], [ 5.257166899758953, 48.681711984632088 ], [ 5.257990883373832, 48.68191233886931 ], [ 5.259239694078389, 48.68250955904422 ], [ 5.259326990649098, 48.682642878540541 ], [ 5.25894141047818, 48.683154087539933 ], [ 5.258945295933523, 48.683243996442791 ], [ 5.259763480180363, 48.683309474838026 ], [ 5.262745603325604, 48.683135933896956 ], [ 5.26450451775946, 48.682958564189995 ], [ 5.264430785429561, 48.682824990615806 ], [ 5.263608709475309, 48.682669635429285 ], [ 5.262425441122769, 48.682332166110562 ], [ 5.262411653819037, 48.680757729389953 ], [ 5.262911983242478, 48.680073361490216 ], [ 5.263105911210681, 48.679844722796496 ], [ 5.262958462854595, 48.679577573155022 ], [ 5.262644199689843, 48.679223606732265 ], [ 5.262706247457938, 48.679087454571338 ], [ 5.26337147298431, 48.678759885385155 ], [ 5.263322862163958, 48.677950961023235 ], [ 5.262876687228288, 48.677374541687456 ], [ 5.262522097557074, 48.677030338389429 ], [ 5.262048866051375, 48.67708431118124 ], [ 5.261715288400453, 48.677225615475514 ], [ 5.261375875140133, 48.677232054912444 ], [ 5.26107362393859, 48.676526922196693 ], [ 5.261133339367285, 48.676336824932939 ], [ 5.262124368817941, 48.676003080759401 ], [ 5.261963320982341, 48.675421246198631 ], [ 5.2614996810822, 48.674440227936479 ], [ 5.259330200154169, 48.673599533892364 ], [ 5.258505880541608, 48.672130431680529 ], [ 5.258410836196694, 48.671817290847038 ], [ 5.258893735097379, 48.671988106664074 ], [ 5.259461974026331, 48.672247286203451 ], [ 5.259597726494091, 48.672244712713059 ], [ 5.260163554612345, 48.671505118769574 ], [ 5.2603652368521, 48.671456302402525 ], [ 5.262583585059531, 48.672799957464839 ], [ 5.262797678003896, 48.672723906465492 ], [ 5.262158777422309, 48.672088153110977 ], [ 5.261881439016309, 48.671958441288105 ], [ 5.260415620026227, 48.671050421237858 ], [ 5.260636612809294, 48.670191386293546 ], [ 5.260198306885053, 48.669794772908361 ], [ 5.259890285488512, 48.668954767869323 ], [ 5.259762235407733, 48.668192334698922 ], [ 5.259005943441807, 48.667981712947352 ], [ 5.258978773949038, 48.66766728500231 ], [ 5.25915907681757, 48.667123964957824 ], [ 5.258672338177183, 48.666863239370201 ], [ 5.257284300129166, 48.666493609081499 ], [ 5.257338583856781, 48.666177637773636 ], [ 5.256245317674327, 48.666027371352939 ], [ 5.255357600990145, 48.665918197099394 ], [ 5.255016340184044, 48.663675060023969 ], [ 5.255099723599545, 48.662773643024408 ], [ 5.255095846274894, 48.662683732445956 ], [ 5.255504968831576, 48.662720981647283 ], [ 5.258339014012157, 48.663549151295797 ], [ 5.265575325333953, 48.665337460635442 ], [ 5.269577087969292, 48.666458107151016 ], [ 5.273589859415497, 48.66751542259216 ], [ 5.276699848525087, 48.668427882572139 ], [ 5.280692825509332, 48.669647312618167 ], [ 5.2821249757641, 48.670087816903681 ], [ 5.284118032565668, 48.67061653896706 ], [ 5.283500660129437, 48.668612719167861 ], [ 5.277841105983907, 48.667182289214381 ], [ 5.275710549830261, 48.666611097892655 ], [ 5.273213162992676, 48.666037868337959 ], [ 5.266389467214069, 48.664062202123958 ], [ 5.263285754712511, 48.663284335249003 ], [ 5.260440404752966, 48.662510486736181 ], [ 5.258589058693552, 48.662104667629123 ], [ 5.254989216622758, 48.661156022065775 ], [ 5.254476566581331, 48.661237709228971 ], [ 5.253777398355695, 48.661088963466646 ], [ 5.253592068250915, 48.660255616763401 ], [ 5.252588889581814, 48.660301579774149 ], [ 5.252395836322659, 48.659288408835423 ], [ 5.252917052969739, 48.658144754824328 ], [ 5.252884518250532, 48.657389502223943 ], [ 5.252357224702514, 48.656499627638574 ], [ 5.252246757802088, 48.655826833085193 ], [ 5.25250082382537, 48.654157318052455 ], [ 5.253090282801122, 48.651761580337741 ], [ 5.253376838985627, 48.650847314917399 ], [ 5.253485420514217, 48.650215367468988 ], [ 5.253619179182053, 48.650167844951206 ], [ 5.254433351778956, 48.650152441323087 ], [ 5.254087551066942, 48.649061168471718 ], [ 5.254591556449905, 48.648781676548545 ], [ 5.255126958616662, 48.648600571535766 ], [ 5.256010526472229, 48.650824468584013 ], [ 5.256305181451491, 48.650728903806517 ], [ 5.256267565408795, 48.650171709714101 ], [ 5.256741327564829, 48.649820793711626 ], [ 5.256684714947973, 48.649452927615243 ], [ 5.257202268996369, 48.648858220225392 ], [ 5.257336020818636, 48.648810693481991 ], [ 5.257527917052472, 48.648537102073028 ], [ 5.257797358673126, 48.648487003459692 ], [ 5.25831026677648, 48.648414292298135 ], [ 5.259317849473707, 48.648161226830766 ], [ 5.260529733445605, 48.647922273246884 ], [ 5.26129697843957, 48.648078684430388 ], [ 5.261778890123067, 48.648231509666545 ], [ 5.262273207086306, 48.648357101840929 ], [ 5.262623236383964, 48.647972516278358 ], [ 5.263121007818977, 48.647864077505169 ], [ 5.263283740421994, 48.647231088494379 ], [ 5.263657340901848, 48.646450115491184 ], [ 5.263734222934923, 48.644774923881215 ], [ 5.264092622726005, 48.643643292210406 ], [ 5.264179372669114, 48.643137723442003 ], [ 5.263896684522008, 48.642567187548572 ], [ 5.264972354165994, 48.642321774936605 ], [ 5.265772382385911, 48.641982611245297 ], [ 5.265454372239919, 48.641223779764104 ], [ 5.266060872536764, 48.6404923557185 ], [ 5.265484440387128, 48.640350344280947 ], [ 5.265691325809941, 48.639797494678461 ], [ 5.266342921495033, 48.639794097326622 ], [ 5.266541482211489, 48.638422530467651 ], [ 5.266862264526644, 48.637678539131137 ], [ 5.267915993932528, 48.636929591111539 ], [ 5.268566695159302, 48.636593248471193 ], [ 5.269159614996933, 48.636177015111308 ], [ 5.268936631668167, 48.635731331055503 ], [ 5.268283762958993, 48.635077866842735 ], [ 5.267570487214306, 48.634596523426346 ], [ 5.267481229173891, 48.634103297099564 ], [ 5.267405394197803, 48.63297990904416 ], [ 5.2668921228248, 48.632413765541493 ], [ 5.265636633826349, 48.631636775344383 ], [ 5.26490786196872, 48.630795764146093 ], [ 5.263700863812913, 48.629882851538753 ], [ 5.262670326663591, 48.629596481141988 ], [ 5.261495963176756, 48.628808907881123 ], [ 5.261136238196626, 48.628023855423436 ], [ 5.260227407919614, 48.627411201114342 ], [ 5.259074801207763, 48.626182255888239 ], [ 5.258977896259641, 48.625824146888988 ], [ 5.260389993201187, 48.625518391409557 ], [ 5.26030858526253, 48.625204982447578 ], [ 5.259942356056002, 48.624896979219066 ], [ 5.259737358564191, 48.624864874833094 ], [ 5.255343728156986, 48.62496616849036 ], [ 5.253445716673746, 48.624075237933077 ], [ 5.252893528503537, 48.623860719479609 ], [ 5.251487717252089, 48.623050431772782 ], [ 5.251781881507335, 48.622315975830524 ], [ 5.251740101012465, 48.62134490734271 ], [ 5.252968072240048, 48.620862745097625 ], [ 5.254348292548881, 48.620764631556497 ], [ 5.257912343382495, 48.620319153124129 ], [ 5.258452874875792, 48.620263908025692 ], [ 5.259156146283181, 48.620205572770899 ], [ 5.259363430573754, 48.619976671414015 ], [ 5.256982755939211, 48.619535891275866 ], [ 5.257027299255785, 48.618995123298532 ], [ 5.256017931289875, 48.618249361028759 ], [ 5.255742830875572, 48.618164586046248 ], [ 5.255530112792288, 48.617952646439271 ], [ 5.255039975491728, 48.617601981406544 ], [ 5.254449114474344, 48.616803284901877 ], [ 5.254174024198774, 48.616718506194438 ], [ 5.253562236178111, 48.616694092801701 ], [ 5.25309927377202, 48.615712993842266 ], [ 5.253023730109385, 48.615534448631117 ], [ 5.252979208005378, 48.614815391630046 ], [ 5.252661935243589, 48.61406550037011 ], [ 5.252016889751513, 48.613582772556782 ], [ 5.251327284282831, 48.613325852781799 ], [ 5.250308736964973, 48.613309114741703 ], [ 5.248170589198303, 48.612818584941955 ], [ 5.247746803884574, 48.612430642226535 ], [ 5.247440815658366, 48.611941487988538 ], [ 5.246813263319639, 48.611548389813301 ], [ 5.246721100264722, 48.611298164155045 ], [ 5.247325150619123, 48.610827826032271 ], [ 5.246664652585065, 48.610615324088315 ], [ 5.246472946647884, 48.610258991564081 ], [ 5.246500172876585, 48.609628564448293 ], [ 5.246608751925319, 48.608996601679664 ], [ 5.246446261760115, 48.607739839910224 ], [ 5.24668077488728, 48.606880529745617 ], [ 5.247937862194501, 48.603923188038877 ], [ 5.248580944256926, 48.603416106463854 ], [ 5.249450202698622, 48.603120718482046 ], [ 5.249717486538618, 48.603025678648429 ], [ 5.249781409516051, 48.602934482188132 ], [ 5.250048691804464, 48.602839441596458 ], [ 5.250112613977814, 48.602748244944408 ], [ 5.250724237472574, 48.602772676338894 ], [ 5.250999248907427, 48.60285746398749 ], [ 5.252081125185593, 48.602774007044694 ], [ 5.252939117526884, 48.602532799051303 ], [ 5.253665024675036, 48.602060115797897 ], [ 5.254226686718546, 48.601554543104839 ], [ 5.254292535751251, 48.601508301699752 ], [ 5.254495889774292, 48.601504450009209 ], [ 5.256199818108588, 48.60263301441536 ], [ 5.256544561546725, 48.602761461829246 ], [ 5.257834481310423, 48.603726873307025 ], [ 5.258708794256558, 48.604493184832485 ], [ 5.261944298853705, 48.60337887777262 ], [ 5.262283233375165, 48.603372436322481 ], [ 5.263518557767943, 48.603699906526089 ], [ 5.263861382173729, 48.603783375290355 ], [ 5.26521674025362, 48.603748590414206 ], [ 5.266541222364127, 48.604254310291068 ], [ 5.267724384652221, 48.604942685541594 ], [ 5.26795104656427, 48.605163338758615 ], [ 5.270000184426637, 48.606420115253613 ], [ 5.270828492621464, 48.606746273328504 ], [ 5.271800978180967, 48.607267649236604 ], [ 5.27416163673078, 48.608194450556276 ], [ 5.279536676502726, 48.610719313039219 ], [ 5.281961113060428, 48.611545753918683 ], [ 5.283946447427642, 48.61194862570914 ], [ 5.285395137100704, 48.612181790738781 ], [ 5.286152299950825, 48.61242822016726 ], [ 5.286997113355846, 48.612816943057467 ], [ 5.290595603256982, 48.614106590542818 ], [ 5.29171364731735, 48.614535017654013 ], [ 5.291849248548743, 48.614532407315416 ], [ 5.292118970733377, 48.615733063637052 ], [ 5.291305026353579, 48.616981575261512 ], [ 5.290697395572665, 48.61798314123741 ], [ 5.290374108361998, 48.618349314520707 ], [ 5.289693336018878, 48.619541256044485 ], [ 5.28957521647814, 48.619633515813938 ], [ 5.288626307464287, 48.619660758008806 ], [ 5.287878461365421, 48.619630136350906 ], [ 5.287351720865707, 48.620000209582045 ], [ 5.286805722555943, 48.619929708011988 ], [ 5.283431526886586, 48.619121581004954 ], [ 5.280959678317595, 48.618773013338604 ], [ 5.280413701416231, 48.618702482393694 ], [ 5.280076628370265, 48.618753931901402 ], [ 5.279573193238306, 48.619348493833968 ], [ 5.278891598042811, 48.619280552294661 ], [ 5.2784653226994, 48.61915372846569 ], [ 5.278263858836589, 48.619202577580651 ], [ 5.277636521799356, 48.620069465048388 ], [ 5.276111201528732, 48.621511441438109 ], [ 5.275055945421895, 48.622215515028493 ], [ 5.275075370572702, 48.622350125331295 ], [ 5.275832631908937, 48.622596618307 ], [ 5.276115609054719, 48.622861172338261 ], [ 5.276224357807643, 48.623489006774982 ], [ 5.276912263363696, 48.623700823812584 ], [ 5.277125482594678, 48.623921715491015 ], [ 5.276929867061081, 48.624105431291348 ], [ 5.276596667195681, 48.624246783470781 ], [ 5.276496114516007, 48.624743637220568 ], [ 5.276569795822047, 48.624877209821385 ], [ 5.27719186261225, 48.625135277827539 ], [ 5.277476425550483, 48.625435793130919 ], [ 5.278261260424784, 48.62569074249064 ], [ 5.278752803573399, 48.626068283362386 ], [ 5.279045603654272, 48.62655761098177 ], [ 5.280299061379226, 48.626974553715463 ], [ 5.280587962486774, 48.627373964775821 ], [ 5.280665576571042, 48.627597446933024 ], [ 5.281165623237883, 48.62785783142953 ], [ 5.281037825554375, 48.628040254247693 ], [ 5.280628955920479, 48.628003091608562 ], [ 5.280210292151138, 48.627741146637675 ], [ 5.279941370525412, 48.627800288029093 ], [ 5.2796159890001, 48.628121472955534 ], [ 5.279436424500874, 48.62867383283993 ], [ 5.279521724341188, 48.628762187390819 ], [ 5.279790651383016, 48.628703046993927 ], [ 5.281312857173045, 48.629366798762327 ], [ 5.281883722068533, 48.629382857838273 ], [ 5.28233737884568, 48.629824100987811 ], [ 5.282134077382871, 48.630142952595229 ], [ 5.281623968329681, 48.629963753484816 ], [ 5.281518355973223, 48.630343723346336 ], [ 5.283720030190208, 48.631021422058389 ], [ 5.283516732499741, 48.631340275708972 ], [ 5.283330920457963, 48.631748780843104 ], [ 5.282889956466371, 48.631910212619985 ], [ 5.282458172962185, 48.632593392098734 ], [ 5.282464056118959, 48.632728260006786 ], [ 5.283355190001776, 48.632927147313318 ], [ 5.284682548719194, 48.633477609124469 ], [ 5.285266205223074, 48.634096321088748 ], [ 5.28543720337847, 48.634902923470847 ], [ 5.285402578277988, 48.635353522976409 ], [ 5.285228368818052, 48.635716813599906 ], [ 5.285309942334635, 48.636030202783651 ], [ 5.285676398722867, 48.636338125156755 ], [ 5.286298253742587, 48.636587151997382 ], [ 5.286641329894091, 48.636670552901009 ], [ 5.287806609914226, 48.638168954699424 ], [ 5.287715965870524, 48.638890590443374 ], [ 5.288251548379092, 48.639960144002288 ], [ 5.288852426578265, 48.640659494473887 ], [ 5.289827689610609, 48.641225664067996 ], [ 5.290033163215248, 48.641266707333685 ], [ 5.289986558518097, 48.641132623235151 ], [ 5.290699311599774, 48.640974939742968 ], [ 5.290965138900847, 48.640843845876631 ], [ 5.292418822060103, 48.641481780387679 ], [ 5.292422488487224, 48.640635833848172 ], [ 5.293080398353215, 48.640776147889675 ], [ 5.293833375935783, 48.639987762593428 ], [ 5.294209139827389, 48.640196494347208 ], [ 5.294445849304831, 48.640020959736695 ], [ 5.295820881805437, 48.639175582965571 ], [ 5.296092211539489, 48.639170352886858 ], [ 5.297090566416902, 48.639951988495199 ], [ 5.29722425923219, 48.639904416634899 ], [ 5.297642089909067, 48.638906499441852 ], [ 5.298324360025417, 48.63898332366076 ], [ 5.299283493042369, 48.639180781894581 ], [ 5.299626606886861, 48.63926414522453 ], [ 5.301387481117197, 48.639167144758545 ], [ 5.302532319701202, 48.638956046104667 ], [ 5.302493032849457, 48.63837188797762 ], [ 5.30261682382221, 48.638099532849147 ], [ 5.303335146933494, 48.637761689341048 ], [ 5.304478362796106, 48.637514607387338 ], [ 5.30576277477595, 48.637390763434382 ], [ 5.306076469059418, 48.637114727644381 ], [ 5.306202220012394, 48.636887323927944 ], [ 5.306770971252935, 48.636237397922123 ], [ 5.307623642038289, 48.634637096500597 ], [ 5.308099141778167, 48.633413046490972 ], [ 5.308025367995366, 48.633279494349175 ], [ 5.306589954800692, 48.633055337092713 ], [ 5.306651833500954, 48.632919156822702 ], [ 5.30826398079954, 48.63161009237276 ], [ 5.308586828064079, 48.631234883435255 ], [ 5.308216703040474, 48.630846110145015 ], [ 5.308316966325521, 48.630349232167625 ], [ 5.309179089936876, 48.628658737504608 ], [ 5.309242940602747, 48.628567511072738 ], [ 5.309653819189147, 48.628649531144944 ], [ 5.311930756007066, 48.629487234327044 ], [ 5.312361169791718, 48.629703848453275 ], [ 5.312632448767097, 48.629698580665945 ], [ 5.312872280194626, 48.629288975445228 ], [ 5.313523838123636, 48.628673396975429 ], [ 5.313941268391426, 48.627675413340455 ], [ 5.313893911324687, 48.626911430877151 ], [ 5.313561382562354, 48.625838028565077 ], [ 5.31375687598599, 48.625654252887102 ], [ 5.316049136513376, 48.624385843473647 ], [ 5.3168250458444, 48.623821817118703 ], [ 5.317320138302277, 48.623047277000886 ], [ 5.317274726671632, 48.622328248734071 ], [ 5.317119202235681, 48.621881330135103 ], [ 5.317179049879338, 48.621700187336657 ], [ 5.317552435769497, 48.621242974847142 ], [ 5.318372113817766, 48.621362001444744 ], [ 5.320171423335814, 48.621839891927486 ], [ 5.320711904659678, 48.621784364355328 ], [ 5.321366465170393, 48.621546631838036 ], [ 5.322050923605016, 48.619229558651227 ], [ 5.322178945899747, 48.617832224901981 ], [ 5.321109656659385, 48.616062283621048 ], [ 5.321157521939512, 48.615611402213702 ], [ 5.321530829663945, 48.615154174955258 ], [ 5.323747845817986, 48.613428112573544 ], [ 5.32505790323431, 48.612673615232431 ], [ 5.325462290732337, 48.612611722638214 ], [ 5.32665509407351, 48.612273451240171 ], [ 5.328541004412076, 48.611957608368641 ], [ 5.331457045493172, 48.611918532724751 ], [ 5.332280214663456, 48.612118385171037 ], [ 5.333467957458396, 48.612581057372523 ], [ 5.333806942608499, 48.612574412364786 ], [ 5.336024330689181, 48.611172066216291 ], [ 5.337150352666308, 48.610556027025929 ], [ 5.338189373416138, 48.609815698339567 ], [ 5.339018159754088, 48.610141381015488 ], [ 5.340634794912976, 48.611090503517737 ], [ 5.340273634179407, 48.611511560990841 ], [ 5.343039225756983, 48.613265972293853 ], [ 5.343994289712938, 48.613985094188727 ], [ 5.344739939836625, 48.614573347342748 ], [ 5.346054866215332, 48.615447347794884 ], [ 5.347961149379172, 48.616795621611793 ], [ 5.349847032156511, 48.618594220103418 ], [ 5.350114212524254, 48.618498956172033 ], [ 5.350245783616805, 48.618406368612469 ], [ 5.350586419561691, 48.618435640164961 ], [ 5.351350038505753, 48.618816519736399 ], [ 5.351621257109421, 48.618811163111673 ], [ 5.352322835103911, 48.618113376125869 ], [ 5.35369231400153, 48.617177405587583 ], [ 5.354075458470262, 48.61694485377474 ], [ 5.356166400758206, 48.615454639908123 ], [ 5.356738751984286, 48.614903365836469 ], [ 5.358101587020913, 48.613823484761348 ], [ 5.358565639472435, 48.613580315235787 ], [ 5.360443427789595, 48.61218423109149 ], [ 5.360907860362762, 48.611950043197162 ], [ 5.363397051059717, 48.610271806467253 ], [ 5.363950838620378, 48.609612871449656 ], [ 5.364243688354509, 48.609787038611167 ], [ 5.366138041210739, 48.610865295297685 ], [ 5.366997246021757, 48.611559147358498 ], [ 5.366696890814871, 48.61242003803256 ], [ 5.366147431872712, 48.613474860324345 ], [ 5.366045717625904, 48.613926838508199 ], [ 5.366864984656912, 48.61403654101349 ], [ 5.366998547848548, 48.613988889856635 ], [ 5.367389069622094, 48.613621159233077 ], [ 5.368477491014749, 48.613680502254333 ], [ 5.369117490056208, 48.613127819033821 ], [ 5.369661492776505, 48.613152988378424 ], [ 5.370555067331594, 48.613405172752408 ], [ 5.370493377923389, 48.613541388367871 ], [ 5.370379486012393, 48.613723639081208 ], [ 5.370383557682138, 48.613813549473711 ], [ 5.370728654492535, 48.613941664946736 ], [ 5.370930011705931, 48.613892659240321 ], [ 5.371374335646458, 48.613514844281745 ], [ 5.371916713757253, 48.613504039165171 ], [ 5.372902776137648, 48.613700368496602 ], [ 5.373461463664717, 48.614049197540034 ], [ 5.373673012083602, 48.614224962853605 ], [ 5.374230894671494, 48.614555806092312 ], [ 5.374500049450149, 48.614505442244592 ], [ 5.374830883071526, 48.614318860058667 ], [ 5.37651318277785, 48.614006315213032 ], [ 5.376852171641749, 48.613999547679072 ], [ 5.378725204524824, 48.614898050928026 ], [ 5.378683223461642, 48.61516886469451 ], [ 5.380139305946047, 48.615850697103014 ], [ 5.380543652770036, 48.615788617636682 ], [ 5.38081076294656, 48.615693284627007 ], [ 5.382424234359832, 48.616551925490896 ], [ 5.383654068197847, 48.616734289696893 ], [ 5.386461410072935, 48.616984021747676 ], [ 5.38638036153348, 48.617885563737921 ], [ 5.386384461005919, 48.61797547327302 ], [ 5.386788816833606, 48.617913372711357 ], [ 5.388130508978945, 48.617571496656254 ], [ 5.389005369630483, 48.617409957966032 ], [ 5.389344378913346, 48.617403154890837 ], [ 5.389771305663035, 48.617835546193 ], [ 5.39039384614904, 48.618093024227747 ], [ 5.390798608834696, 48.618039900996834 ], [ 5.391129406698181, 48.617853274079643 ], [ 5.391336511011678, 48.617930107154812 ], [ 5.392062613607353, 48.618671452555695 ], [ 5.392399575729582, 48.618619686147426 ], [ 5.393583448099234, 48.618091936597345 ], [ 5.393860827080472, 48.618221347683161 ], [ 5.394512995452907, 48.618829177415826 ], [ 5.395182049250406, 48.619805630608816 ], [ 5.395656682815085, 48.619796081436732 ], [ 5.396636313294015, 48.61925441296335 ], [ 5.397048079034346, 48.619354113981942 ], [ 5.397489058132489, 48.619795194802663 ], [ 5.398406329749736, 48.620262677289347 ], [ 5.399852503635856, 48.620719493521271 ], [ 5.40033827851032, 48.62095267960688 ], [ 5.400257782272368, 48.621269274193004 ], [ 5.402194985300402, 48.621185210109175 ], [ 5.402322343909734, 48.621002656485764 ], [ 5.403800997112949, 48.621278786173285 ], [ 5.404506184421167, 48.621264547134999 ], [ 5.404645928420888, 48.621351717033221 ], [ 5.40465625623251, 48.621576488637153 ], [ 5.405615470527276, 48.621773093540178 ], [ 5.406431222372308, 48.621801605398893 ], [ 5.40768971555271, 48.622307117211776 ], [ 5.407960946406596, 48.622301632301792 ], [ 5.408092424711323, 48.622208981151793 ], [ 5.408994202330623, 48.622631701215852 ], [ 5.409197626635127, 48.622627585364405 ], [ 5.409513899449268, 48.622126228613567 ], [ 5.409786785173463, 48.622156702913934 ], [ 5.412394481497833, 48.623660763279119 ], [ 5.413531970073849, 48.624483638734517 ], [ 5.414241182511805, 48.62514420251825 ], [ 5.415192199103095, 48.625160913659165 ], [ 5.415268309625738, 48.625339354204158 ], [ 5.416083707190616, 48.62535880906993 ], [ 5.416048137559499, 48.625764495532714 ], [ 5.4170611640787, 48.625653944720916 ], [ 5.418053976843554, 48.625399808090592 ], [ 5.418327300096054, 48.625439253528825 ], [ 5.418505572023198, 48.62606557847969 ], [ 5.418793444328137, 48.626419700135905 ], [ 5.419263561261268, 48.62631115837457 ], [ 5.4194951110841, 48.626621426563219 ], [ 5.419740900838415, 48.62665242908723 ], [ 5.419726663651912, 48.626931694222058 ], [ 5.419391753506815, 48.627028491446715 ], [ 5.419397566407192, 48.629503155564514 ], [ 5.419289831805477, 48.630990211152373 ], [ 5.419700901458808, 48.631071851397159 ], [ 5.418220076901971, 48.634575609935652 ], [ 5.417637772024008, 48.634902402400591 ], [ 5.411343474312091, 48.638854631860362 ], [ 5.410936499854873, 48.638862870434693 ], [ 5.409909123471906, 48.638667683583236 ], [ 5.407299769005366, 48.638027520593504 ], [ 5.404066053580503, 48.637390906450882 ], [ 5.402621446660892, 48.636979101466821 ], [ 5.401074839967051, 48.636119381425345 ], [ 5.399343363854389, 48.635668325010521 ], [ 5.398320214785588, 48.635562945489959 ], [ 5.397654735887618, 48.63585531582067 ], [ 5.396824846750666, 48.636411963990099 ], [ 5.396623427153249, 48.636461012564894 ], [ 5.395296124779207, 48.637126647066864 ], [ 5.395236529906419, 48.637307826713275 ], [ 5.39553020745935, 48.639866649050006 ], [ 5.395326715070905, 48.639870741499784 ], [ 5.395188995300146, 48.639828515807245 ], [ 5.393852086447579, 48.639099473304647 ], [ 5.392884374206425, 48.638722960978214 ], [ 5.39140817005056, 48.637915698670525 ], [ 5.390785388772453, 48.637658230163908 ], [ 5.389504911583366, 48.636973002329796 ], [ 5.389231549836654, 48.63693349113413 ], [ 5.389339631685905, 48.637516260338721 ], [ 5.389144359457069, 48.637700158173288 ], [ 5.388671614804744, 48.637754635241798 ], [ 5.388193123371685, 48.637683239235834 ], [ 5.387105821359082, 48.637660040805542 ], [ 5.386637586553929, 48.637813408641712 ], [ 5.385993370260453, 48.638276266686567 ], [ 5.385817799447124, 48.638594749217013 ], [ 5.386498143864862, 48.638626114482449 ], [ 5.386775614161465, 48.638755539868363 ], [ 5.387670429127535, 48.640213443798729 ], [ 5.387967632988353, 48.640477456013826 ], [ 5.388466673789249, 48.640998391569013 ], [ 5.389084488508773, 48.642335851874826 ], [ 5.390686124758638, 48.644994416432084 ], [ 5.390425045821887, 48.64522463032359 ], [ 5.390291424239708, 48.645272306518869 ], [ 5.389653309342039, 48.645870042461702 ], [ 5.389529953091996, 48.64614248609444 ], [ 5.390568083301894, 48.646571606338249 ], [ 5.390653599889175, 48.64665987990881 ], [ 5.390203371469668, 48.647208852371328 ], [ 5.389230543085974, 48.647912288333728 ], [ 5.38864460473442, 48.648463975479238 ], [ 5.38825267577074, 48.649695689673912 ], [ 5.388613674672427, 48.649868431036595 ], [ 5.389100491419133, 48.650119638720717 ], [ 5.38835781501867, 48.651403379292894 ], [ 5.388565458653106, 48.651489205742841 ], [ 5.388766943659331, 48.651440171405334 ], [ 5.389155127860409, 48.65101843665569 ], [ 5.38935866408883, 48.651014354784365 ], [ 5.391212273631175, 48.651454108786503 ], [ 5.392718867303966, 48.651729824374179 ], [ 5.394331587543635, 48.652543324866798 ], [ 5.395145754378554, 48.652526959952908 ], [ 5.395330766985748, 48.652118287891753 ], [ 5.395535954162847, 48.652150158143201 ], [ 5.396640864138537, 48.652550887123354 ], [ 5.396939007419822, 48.652832855557349 ], [ 5.397687391236734, 48.652862791543122 ], [ 5.397717447507993, 48.65322214454784 ], [ 5.397666085971926, 48.653583135954669 ], [ 5.398820747374637, 48.653586890366746 ], [ 5.399244335749097, 48.653938318941236 ], [ 5.40087436012841, 48.653941479004054 ], [ 5.40119915743614, 48.653619970138415 ], [ 5.401604184005629, 48.653566811752682 ], [ 5.402152752163103, 48.653681738170739 ], [ 5.402434470900674, 48.653901031769649 ], [ 5.402536539725956, 48.654348921366541 ], [ 5.40319898479247, 48.654281567604698 ], [ 5.403296929481155, 48.654639550198837 ], [ 5.403969227865638, 48.654491002853867 ], [ 5.404121458210582, 48.654847889499216 ], [ 5.40432500816623, 48.654843782080015 ], [ 5.404783008594182, 48.654465581509271 ], [ 5.404960584330562, 48.654192028349684 ], [ 5.405297762466185, 48.654140226977923 ], [ 5.405802818209649, 48.654489988348431 ], [ 5.406072148023544, 48.654439554818893 ], [ 5.406253853392118, 48.65425590587121 ], [ 5.406454918788843, 48.654197851129801 ], [ 5.406626940846208, 48.654689319729478 ], [ 5.40664969535224, 48.655183803117829 ], [ 5.407669105941268, 48.655199203367935 ], [ 5.407629725724706, 48.655523961852381 ], [ 5.408105922991302, 48.655541335150744 ], [ 5.408285555023625, 48.655312730280002 ], [ 5.409101831302177, 48.655341223054592 ], [ 5.409145537596488, 48.655700298044458 ], [ 5.409891483706986, 48.655676213766284 ], [ 5.410003257785634, 48.655448978679125 ], [ 5.410366440015403, 48.655666606260063 ], [ 5.41191302472274, 48.655626309533311 ], [ 5.41261090915626, 48.655738165785117 ], [ 5.412623351752162, 48.656007883162189 ], [ 5.412436801575363, 48.656380618425842 ], [ 5.41244302248485, 48.656515477058718 ], [ 5.413596089942125, 48.656483126011452 ], [ 5.413797570710633, 48.656434049562641 ], [ 5.414477748781732, 48.656456264019887 ], [ 5.415234498608402, 48.656665901075314 ], [ 5.416457081313402, 48.656668109183919 ], [ 5.416822376273671, 48.65693066965963 ], [ 5.417902951659024, 48.659149492436832 ], [ 5.41722273711503, 48.659127297576738 ], [ 5.417289359483358, 48.659980847814218 ], [ 5.417731828740563, 48.660736782541875 ], [ 5.418884347273039, 48.661865259070865 ], [ 5.418962603259891, 48.662088644352515 ], [ 5.418236793990896, 48.662256358048225 ], [ 5.418240951695077, 48.662346263160394 ], [ 5.418613099350006, 48.663049627174352 ], [ 5.420564281901421, 48.6647018107656 ], [ 5.421136320636373, 48.665320115731994 ], [ 5.421645337680092, 48.665750720960808 ], [ 5.42258904058366, 48.666766417820938 ], [ 5.422455393297133, 48.666814129219681 ], [ 5.421638930702081, 48.66678572817554 ], [ 5.420403625937592, 48.666513859113365 ], [ 5.419926492504825, 48.666478554162289 ], [ 5.419727059093868, 48.666572592927942 ], [ 5.419377539266372, 48.66753357437242 ], [ 5.419521383387881, 48.668880490381071 ], [ 5.420548209325494, 48.669930509094392 ], [ 5.420558615071428, 48.670155270210927 ], [ 5.419892404234322, 48.670438765846185 ], [ 5.419776480075034, 48.670576102917238 ], [ 5.420356897853176, 48.671374217329372 ], [ 5.42038087732331, 48.671598702526495 ], [ 5.419839987444361, 48.671654680016161 ], [ 5.419852471109402, 48.671924393033507 ], [ 5.419636167219278, 48.672828672246844 ], [ 5.419977612495617, 48.672866734424012 ], [ 5.420000501144938, 48.673361207710165 ], [ 5.421824340882944, 48.673135186181625 ], [ 5.422363161124551, 48.673034247681429 ], [ 5.422905729201267, 48.673014220465959 ], [ 5.423121849232681, 48.673279793395373 ], [ 5.423058142688137, 48.673371077363953 ], [ 5.42266340004763, 48.67364906804476 ], [ 5.422825222082746, 48.673915745049889 ], [ 5.423345172043471, 48.674580090390521 ], [ 5.424183148833019, 48.675948876308702 ], [ 5.424654022990451, 48.677019162400207 ], [ 5.42530621994373, 48.677896780956502 ], [ 5.42508206117694, 48.6786302486097 ], [ 5.425958823698548, 48.679368311474704 ], [ 5.426658503529643, 48.679804012244574 ], [ 5.428117625295139, 48.681376094042768 ], [ 5.428399184452239, 48.681586330819407 ], [ 5.427455905077586, 48.681758522887151 ], [ 5.426386866253421, 48.682149238985296 ], [ 5.425545057111501, 48.682751293559875 ], [ 5.425551314966955, 48.682886148514719 ], [ 5.426081820969209, 48.683775234986797 ], [ 5.426710089510736, 48.685013282307395 ], [ 5.427382679115322, 48.686034452031961 ], [ 5.429209034391554, 48.688192959024562 ], [ 5.430232253733122, 48.689152974513341 ], [ 5.430748267955378, 48.689727376401649 ], [ 5.431104050528114, 48.690071074944484 ], [ 5.431322373934448, 48.690381580446704 ], [ 5.431186583144824, 48.690384349420732 ], [ 5.430063079065356, 48.690776203168632 ], [ 5.430001453422091, 48.690912440762197 ], [ 5.429797765058997, 48.690916591907474 ], [ 5.429534539335895, 48.691101931306804 ], [ 5.429129668261277, 48.691164173180084 ], [ 5.428921800476537, 48.691078420282828 ], [ 5.428580229743944, 48.691040384306234 ], [ 5.42845070342512, 48.69117800401235 ], [ 5.42790335467572, 48.691099163308238 ], [ 5.427576400721351, 48.691375783491132 ], [ 5.426834083117624, 48.692659719096227 ], [ 5.426646054679629, 48.692708539711582 ], [ 5.425606068191181, 48.692558724680396 ], [ 5.423423729741303, 48.692396129423848 ], [ 5.421726689818095, 48.692439608284943 ], [ 5.421411191744777, 48.692670984096637 ], [ 5.42122623950745, 48.693079682663772 ], [ 5.420999700275575, 48.694938018408216 ], [ 5.421225898364999, 48.695419355873675 ], [ 5.421028439449051, 48.695558345759679 ], [ 5.420691426209185, 48.695619180073955 ], [ 5.420209863178637, 48.69549397462194 ], [ 5.419664563064375, 48.695460047661847 ], [ 5.419086167004577, 48.695885723264837 ], [ 5.418547104887304, 48.69598664500338 ], [ 5.416576668865249, 48.695999598112266 ], [ 5.416177979700214, 48.696196649663335 ], [ 5.415990895788563, 48.696560387596882 ], [ 5.416133348742592, 48.697583350482788 ], [ 5.414784772282226, 48.698699505591946 ], [ 5.414515222822271, 48.698749956926399 ], [ 5.414290029105879, 48.698583541835518 ], [ 5.413732242095587, 48.698279880321977 ], [ 5.41332272928712, 48.698243175366848 ], [ 5.413492884649329, 48.698689664537369 ], [ 5.412340961298635, 48.698766964704454 ], [ 5.41193559541147, 48.698820157549868 ], [ 5.410461135541151, 48.699272906920143 ], [ 5.410127818084287, 48.699414623505611 ], [ 5.410686328325466, 48.700618150225225 ], [ 5.410793643042682, 48.701470850510113 ], [ 5.409085935294015, 48.701289393180041 ], [ 5.398728769343784, 48.699851426241608 ], [ 5.396649915326361, 48.699578272994628 ], [ 5.395579005458464, 48.69934783019751 ], [ 5.394966597327679, 48.699333135206274 ], [ 5.394775234265784, 48.699606935798691 ], [ 5.39441226353788, 48.700289117759937 ], [ 5.394636591860202, 48.700734542224339 ], [ 5.394364952615648, 48.700739996432112 ], [ 5.392515331808268, 48.70042617408636 ], [ 5.391003221731269, 48.70006056405456 ], [ 5.388730967400217, 48.699719162500671 ], [ 5.386945628678729, 48.699322980249406 ], [ 5.384546685959915, 48.698885051610162 ], [ 5.384750123391512, 48.697981127688401 ], [ 5.385027123756128, 48.697795616608651 ], [ 5.375788310526764, 48.696108343668413 ], [ 5.375462589916858, 48.696717735060624 ], [ 5.373049057274603, 48.696252873568127 ], [ 5.372729427100117, 48.696997113488429 ], [ 5.372531833309199, 48.697136022878887 ], [ 5.372336279236253, 48.697319883946079 ], [ 5.372118866845427, 48.697621160228017 ], [ 5.369634842842594, 48.697400591900774 ], [ 5.368476770852436, 48.697342612366747 ], [ 5.366545938932173, 48.697030004930923 ], [ 5.36501849331843, 48.696619381863414 ], [ 5.362055318514821, 48.69602122379704 ], [ 5.361805407948235, 48.696206143829244 ], [ 5.361023452613424, 48.696950506680899 ], [ 5.360857687087921, 48.697493697756762 ], [ 5.360664527511173, 48.697731482272168 ], [ 5.358769467693527, 48.698812804614086 ], [ 5.358118167020775, 48.699140631635387 ], [ 5.356542890128582, 48.700080614782728 ], [ 5.356015825231126, 48.700450966578494 ], [ 5.35579262417875, 48.701229241820783 ], [ 5.355313977079439, 48.702372498359026 ], [ 5.354485203333009, 48.703288705347298 ], [ 5.353804786888077, 48.704480928007406 ], [ 5.352262331132155, 48.705249228411816 ], [ 5.351724028362751, 48.705673769965188 ], [ 5.3511957190624, 48.705414234337638 ], [ 5.350927862581999, 48.705806445126335 ], [ 5.350334399882424, 48.706214070370066 ], [ 5.349459712626957, 48.706717216151027 ], [ 5.3469416139232, 48.70695575819169 ], [ 5.342198029561032, 48.70698601659948 ], [ 5.340549146054848, 48.706901406810466 ], [ 5.338022856042471, 48.706654010318616 ], [ 5.337714947215635, 48.707064970742778 ], [ 5.336929535639157, 48.708655068627621 ], [ 5.33624416358831, 48.71096306282459 ], [ 5.335816846305008, 48.711745284640195 ], [ 5.336030673688285, 48.711966054466899 ], [ 5.336567591779457, 48.7130263343347 ], [ 5.337341925240549, 48.714225931970098 ], [ 5.340012080449619, 48.719194615019255 ], [ 5.340343732577058, 48.720222907335973 ], [ 5.340539119155096, 48.721244873192219 ], [ 5.340938733856927, 48.722271829220205 ], [ 5.341360472107278, 48.724702070440571 ], [ 5.341849321248374, 48.725898235928327 ], [ 5.342520778085706, 48.726919848052368 ], [ 5.343509528839911, 48.727737264476751 ], [ 5.3446340710752, 48.728246066108007 ], [ 5.346298175864626, 48.728654266995498 ], [ 5.346671701123085, 48.729096831297539 ], [ 5.347435292637331, 48.729441739478183 ], [ 5.347441354444754, 48.729576593095835 ], [ 5.346911907251394, 48.729901944129622 ], [ 5.346372354898065, 48.730002536721813 ], [ 5.344538131553896, 48.730047588104128 ], [ 5.343507596526193, 48.729815882855327 ], [ 5.343229749797313, 48.729686366700058 ], [ 5.342961988207989, 48.729781606261014 ], [ 5.342698662026141, 48.729975738007383 ], [ 5.342999779510419, 48.730320754546895 ], [ 5.34387113320999, 48.731248450002397 ], [ 5.34438674587702, 48.732129139432331 ], [ 5.344204955765264, 48.732321672097456 ], [ 5.342973842327622, 48.733380637563059 ], [ 5.342981909996174, 48.733560442075152 ], [ 5.344092970480307, 48.734978325562317 ], [ 5.344912210151789, 48.736257962362416 ], [ 5.345009909068083, 48.73661596782803 ], [ 5.34507988565267, 48.736659583441863 ], [ 5.345890935923705, 48.736544664032529 ], [ 5.346193063430573, 48.73721358449901 ], [ 5.346638456624838, 48.739859272589904 ], [ 5.346732683682157, 48.740442296785382 ], [ 5.346736724525371, 48.740532198370204 ], [ 5.348576975818705, 48.740612975731537 ], [ 5.350099104115213, 48.740879951538986 ], [ 5.350731011145671, 48.74131741292647 ], [ 5.351188823248417, 48.74211822499047 ], [ 5.354257029773433, 48.745593999036601 ], [ 5.355204514862762, 48.746691070531874 ], [ 5.355698564296171, 48.747086235212215 ], [ 5.357861083834788, 48.747970341232275 ], [ 5.358924104708565, 48.74830926230856 ], [ 5.359973768686602, 48.748954373020759 ], [ 5.361047218920747, 48.749823956210555 ], [ 5.361273508738146, 48.750314374589067 ], [ 5.361466281154331, 48.752470097849454 ], [ 5.361789790254837, 48.753003581580771 ], [ 5.361806061301819, 48.753363181921394 ], [ 5.361428050992307, 48.753730581844124 ], [ 5.360562611541569, 48.754152609498171 ], [ 5.359653340371462, 48.754809445760067 ], [ 5.35926983526435, 48.755356907110944 ], [ 5.358900382912028, 48.757118821877221 ], [ 5.358623216823628, 48.758213056998599 ], [ 5.358703390798238, 48.758481413280713 ], [ 5.359498343898633, 48.75890660804906 ], [ 5.359856567656084, 48.759304438374798 ], [ 5.359946505817963, 48.759788552712379 ], [ 5.359655527596617, 48.760577129188739 ], [ 5.359245564238231, 48.760540240570393 ], [ 5.358683831917383, 48.76136115736405 ], [ 5.356575349368594, 48.763796249059951 ], [ 5.355749872669598, 48.765711103963675 ], [ 5.355610211721533, 48.766838600686548 ], [ 5.35544416793015, 48.767381751549287 ], [ 5.355420609833363, 48.768066058185155 ], [ 5.355890904921496, 48.769136530809881 ], [ 5.356061407073504, 48.769897989271726 ], [ 5.355997255619848, 48.770889024064687 ], [ 5.356180959709255, 48.771641222996045 ], [ 5.356781220513037, 48.772574157265844 ], [ 5.35735571660255, 48.773237660259362 ], [ 5.358061150869629, 48.773484672597085 ], [ 5.359082451013681, 48.773491496968937 ], [ 5.35974280498005, 48.773343482867432 ], [ 5.359966520811591, 48.773474030737049 ], [ 5.359644789393641, 48.773885292783852 ], [ 5.358923390285264, 48.775393191373709 ], [ 5.358741963891696, 48.776800441648575 ], [ 5.358358287622865, 48.777347889575971 ], [ 5.356892310200978, 48.777745738535081 ], [ 5.356024405939028, 48.778122775317918 ], [ 5.354790828787097, 48.779145861221274 ], [ 5.354260924519271, 48.779471230849715 ], [ 5.352925207556086, 48.779740491659318 ], [ 5.352957684016933, 48.779856823528526 ], [ 5.352547529559244, 48.780422766899854 ], [ 5.350991404584655, 48.781542139218786 ], [ 5.350665501865205, 48.78186347597628 ], [ 5.349693679666753, 48.782656406243817 ], [ 5.346445845015292, 48.784006929686015 ], [ 5.345851862207938, 48.784423494871334 ], [ 5.345232149479753, 48.785479402062087 ], [ 5.344651744606762, 48.78589569366131 ], [ 5.344423564089182, 48.78657500227672 ], [ 5.344287518441885, 48.786577672088839 ], [ 5.342011802664742, 48.78623540631213 ], [ 5.341121458587983, 48.786117892185516 ], [ 5.338811922668953, 48.786235112652712 ], [ 5.338713665526662, 48.786776899256694 ], [ 5.338507570527973, 48.787950635912864 ], [ 5.337815208963477, 48.788908945042657 ], [ 5.337763299472658, 48.789269868525281 ], [ 5.33807721868514, 48.789893563572321 ], [ 5.339663129768656, 48.791248159782754 ], [ 5.340049146737028, 48.791960414106569 ], [ 5.34020739134061, 48.792452186767093 ], [ 5.340506835854256, 48.792752241981553 ], [ 5.34203338868047, 48.793388155444028 ], [ 5.34224555836817, 48.793563949705714 ], [ 5.343455697145713, 48.794430989656469 ], [ 5.346952118391653, 48.795864972297558 ], [ 5.350219265936209, 48.797042432040449 ], [ 5.351265171390943, 48.797282787704091 ], [ 5.352586253567469, 48.797886621360995 ], [ 5.353352513772408, 48.798267429765616 ], [ 5.353796070836926, 48.798438646494276 ], [ 5.354836531722757, 48.798859032205762 ], [ 5.356254374175281, 48.798588144581899 ], [ 5.357616762743752, 48.798597262194086 ], [ 5.358981591658234, 48.798660302240862 ], [ 5.360205871932616, 48.798627128393889 ], [ 5.360885846090701, 48.798604697658007 ], [ 5.362256380086587, 48.798793555457074 ], [ 5.364457651526641, 48.799280881716058 ], [ 5.367524294750246, 48.799328132987647 ], [ 5.370041321463437, 48.799269237913911 ], [ 5.370513097365825, 48.799160904594515 ], [ 5.373371532067627, 48.799122158842664 ], [ 5.374343816950578, 48.79923780899918 ], [ 5.375223814019004, 48.799121344616204 ], [ 5.376562370142853, 48.798905776713397 ], [ 5.378669088416265, 48.79880987058251 ], [ 5.379687195103111, 48.798735612329786 ], [ 5.381795543063816, 48.798675609437353 ], [ 5.383130210681773, 48.79926984388959 ], [ 5.385756381523521, 48.800108217858465 ], [ 5.387350944939172, 48.800427283711109 ], [ 5.388513385084222, 48.800530022552145 ], [ 5.389401610332292, 48.800593244814991 ], [ 5.391391672981815, 48.800625417060921 ], [ 5.392902575760584, 48.800901095016819 ], [ 5.39380319257916, 48.801233970294227 ], [ 5.394285668350945, 48.801359270870535 ], [ 5.395062176154616, 48.801658632359398 ], [ 5.396651498830953, 48.802157636644573 ], [ 5.397484119066148, 48.8024918484547 ], [ 5.400669878737965, 48.803345665470935 ], [ 5.401025773146793, 48.80338350424163 ], [ 5.402111980382987, 48.803307688116725 ], [ 5.403189898458687, 48.803052072656861 ], [ 5.404312292144516, 48.802579604869258 ], [ 5.407092887571403, 48.802325674405537 ], [ 5.410253137286505, 48.801740099393662 ], [ 5.411932952834434, 48.801247315063364 ], [ 5.413452648476195, 48.800532793877338 ], [ 5.413582485882034, 48.800395203483674 ], [ 5.414586005274213, 48.800006016957994 ], [ 5.4148855810783, 48.802357402588363 ], [ 5.41856947312029, 48.807483652936114 ], [ 5.419384742691347, 48.80890680247569 ], [ 5.419449244708301, 48.810003229651258 ], [ 5.421017765964154, 48.810043448910442 ], [ 5.42384046908221, 48.810688066002555 ], [ 5.426048030422195, 48.81157904885039 ], [ 5.426598314384683, 48.811693847122598 ], [ 5.427585601522432, 48.812123689123752 ], [ 5.427610716335496, 48.812663047985815 ], [ 5.430213785399496, 48.813851847349895 ], [ 5.43141285982145, 48.814439312710199 ], [ 5.432654242649539, 48.814764968614725 ], [ 5.434542761446113, 48.815527323506203 ], [ 5.437269642471181, 48.816443516050889 ], [ 5.438375410548851, 48.816780876661703 ], [ 5.441783316271725, 48.817980001807186 ], [ 5.443641616644759, 48.818382920251643 ], [ 5.444627063063272, 48.818767672932132 ], [ 5.444898890201585, 48.818753115641428 ], [ 5.448727802491367, 48.819916441432447 ], [ 5.45141483099233, 48.82055420111223 ], [ 5.45231658345932, 48.820895618801181 ], [ 5.452823146578405, 48.821236141403041 ], [ 5.453572418187198, 48.822390483226464 ], [ 5.453973834847476, 48.823102069806538 ], [ 5.453748113615117, 48.824096463152905 ], [ 5.453451002021248, 48.82473240784627 ], [ 5.453294255487275, 48.825455448983789 ], [ 5.453158114091989, 48.825458242645496 ], [ 5.452360193826732, 48.824718797727535 ], [ 5.451737417676161, 48.824515624046164 ], [ 5.450716797299654, 48.824545548592312 ], [ 5.450250874770685, 48.824780043885312 ], [ 5.449011285441554, 48.82566023360986 ], [ 5.449140799423533, 48.826386400881042 ], [ 5.449478760602958, 48.827198274831325 ], [ 5.4491398900712, 48.827817065637184 ], [ 5.449717109134494, 48.828210139450199 ], [ 5.451472327914813, 48.829019952916639 ], [ 5.452455495168056, 48.829350702869043 ], [ 5.453155293545193, 48.829741245991059 ], [ 5.453450873436312, 48.83023005809428 ], [ 5.454017711124512, 48.831559091547632 ], [ 5.457105404264732, 48.832008551163767 ], [ 5.458831176605107, 48.832189020409857 ], [ 5.458971576764254, 48.83227611075845 ], [ 5.457745098746822, 48.833435045256991 ], [ 5.45671010044193, 48.834320098664989 ], [ 5.456398559964134, 48.83465041777486 ], [ 5.457436331085153, 48.834980006207402 ], [ 5.457508653298788, 48.835068497252003 ], [ 5.457308642737396, 48.835162585125786 ], [ 5.456491643324835, 48.835179372045175 ], [ 5.455732559975183, 48.834979018343518 ], [ 5.454160721720668, 48.834885321176557 ], [ 5.452784675748118, 48.83460763285715 ], [ 5.450674534306558, 48.834659896903183 ], [ 5.4494435507669, 48.834568149455393 ], [ 5.447932536264676, 48.834608090565446 ], [ 5.447104989465267, 48.834400086730668 ], [ 5.445948007683048, 48.834432756908306 ], [ 5.445109385764647, 48.834278952219044 ], [ 5.443814132633715, 48.834269440690917 ], [ 5.443287303971962, 48.834370183757855 ], [ 5.440975440824968, 48.834480384521008 ], [ 5.440639657809808, 48.834586213274747 ], [ 5.440518226416729, 48.834903610664313 ], [ 5.439571371222125, 48.835057897439654 ], [ 5.437311346350943, 48.835985756395885 ], [ 5.436689931232487, 48.836979165350691 ], [ 5.436069591112991, 48.836829846826632 ], [ 5.435033843258489, 48.836832947342089 ], [ 5.432797681504606, 48.836815478732461 ], [ 5.431836505445278, 48.836664074591233 ], [ 5.43011800753265, 48.836348103144537 ], [ 5.429420807591733, 48.836011362264216 ], [ 5.428424674709968, 48.835401762023672 ], [ 5.427659414439488, 48.835066393274388 ], [ 5.427516965352093, 48.834934320723342 ], [ 5.427016295668964, 48.834719543032158 ], [ 5.425837534526189, 48.834284583423852 ], [ 5.425601031518571, 48.834181409623376 ], [ 5.42957055430638, 48.833084084952382 ], [ 5.430356725156245, 48.83269920387508 ], [ 5.429114923624949, 48.831203832820563 ], [ 5.42625853846898, 48.831324812996137 ], [ 5.423672366997055, 48.831395259362175 ], [ 5.421011845172417, 48.831332190532208 ], [ 5.416524027063699, 48.831539945878816 ], [ 5.414010075478768, 48.831698699341516 ], [ 5.413878495755115, 48.831800329548457 ], [ 5.41416127424158, 48.834080011980667 ], [ 5.413884106784675, 48.836335004004376 ], [ 5.413406274171781, 48.838378098904606 ], [ 5.413408355880504, 48.838423044683012 ], [ 5.416947444944052, 48.839494258065571 ], [ 5.418960292429255, 48.839984415987182 ], [ 5.420829641766553, 48.840612409017055 ], [ 5.421862710549815, 48.840843424090238 ], [ 5.422365507360657, 48.841103167690228 ], [ 5.4224230071665, 48.842046747211327 ], [ 5.422708442749364, 48.843201649972492 ], [ 5.422748569906463, 48.844064601752976 ], [ 5.422091792514147, 48.846651198957503 ], [ 5.421505053462919, 48.846933005180333 ], [ 5.421058685332758, 48.847301942125107 ], [ 5.41976937563469, 48.847427006187317 ], [ 5.41894193276852, 48.84839747867435 ], [ 5.416207710642794, 48.850585146690563 ], [ 5.415246023519699, 48.851603287441527 ], [ 5.415111895494332, 48.851650982939745 ], [ 5.415116062918069, 48.851740873365195 ], [ 5.412878669840041, 48.854359294093427 ], [ 5.412778438168774, 48.854550261766441 ], [ 5.411170867246694, 48.856346168469763 ], [ 5.40982639313081, 48.857641892598267 ], [ 5.40722594498189, 48.858611980237328 ], [ 5.406016894535354, 48.859005194550996 ], [ 5.402677385484549, 48.860214974110662 ], [ 5.400817695214081, 48.860990089598012 ], [ 5.400217470103259, 48.861281050184175 ], [ 5.400766150349649, 48.861351017162427 ], [ 5.40762462537584, 48.865172021547359 ], [ 5.407973556701346, 48.865344946087312 ], [ 5.414971011283806, 48.869198729292499 ], [ 5.415179566827084, 48.869284493113739 ], [ 5.42011980069325, 48.871991841071448 ], [ 5.426733510141602, 48.87547482271993 ], [ 5.425949147154064, 48.876498422889703 ], [ 5.435838375592475, 48.877953054562241 ], [ 5.43723120826243, 48.878275593193635 ], [ 5.440392194644554, 48.878778010172446 ], [ 5.441288139264538, 48.878975673453489 ], [ 5.445983178061261, 48.879608594423757 ], [ 5.446536759066704, 48.879777226161927 ], [ 5.449237129830152, 48.881503468335552 ], [ 5.448832916213741, 48.881610710075535 ], [ 5.447883123278824, 48.881720112751864 ], [ 5.447891576080047, 48.881899886411318 ], [ 5.450878813167321, 48.884789875473409 ], [ 5.452740104589195, 48.886362267874965 ], [ 5.453269833250935, 48.886891250358666 ], [ 5.454121121837895, 48.887584586943468 ], [ 5.454851877573773, 48.888325375944007 ], [ 5.456293882289488, 48.889681378529957 ], [ 5.456581347717711, 48.88999038476765 ], [ 5.457436177586475, 48.890467690162048 ], [ 5.464847151123448, 48.892240746984768 ], [ 5.465207956800024, 48.892368277019699 ], [ 5.468312566461986, 48.893096067153508 ], [ 5.468999696363574, 48.893198862590793 ], [ 5.472342555925266, 48.894056595628442 ], [ 5.473722413322417, 48.894378986478245 ], [ 5.475603732541369, 48.894915926082192 ], [ 5.478156925430143, 48.8955199067872 ], [ 5.482534957769665, 48.896616850255306 ], [ 5.482956370993179, 48.896869033667194 ], [ 5.484138601123544, 48.898194108217716 ], [ 5.486374739339985, 48.900154093150718 ], [ 5.485715713679665, 48.90035672054394 ], [ 5.484148283409785, 48.900398248930806 ], [ 5.482013299670763, 48.900271577544956 ], [ 5.480776424914456, 48.900090273882199 ], [ 5.4791696738039, 48.899592714509069 ], [ 5.477587284377761, 48.899319562110911 ], [ 5.476564784714474, 48.89934071679312 ], [ 5.47629318394355, 48.900515980835017 ], [ 5.476439945990049, 48.903886918337854 ], [ 5.476239705237628, 48.903981032005099 ], [ 5.470739869745606, 48.904274587985753 ], [ 5.470388335551204, 48.904056910502206 ], [ 5.468886822543637, 48.904051890401149 ], [ 5.464977951133783, 48.903934484137778 ], [ 5.464320057751644, 48.904451869111853 ], [ 5.463504100738975, 48.904513645071077 ], [ 5.46247553853313, 48.904408841182004 ], [ 5.46109335943225, 48.904041381432258 ], [ 5.460543723292095, 48.903962705303947 ], [ 5.459330199343282, 48.9042755458618 ], [ 5.458551230453452, 48.904831373110646 ], [ 5.457139727569802, 48.906443846744111 ], [ 5.454614381584366, 48.907593290739065 ], [ 5.453519497623572, 48.908398479172597 ], [ 5.452593453336307, 48.908732348238509 ], [ 5.449256781738036, 48.909178517572329 ], [ 5.445210851426643, 48.909926983615463 ], [ 5.442779950629403, 48.910480430501792 ], [ 5.441858440597138, 48.910913089026955 ], [ 5.440984714920615, 48.91120081304998 ], [ 5.438555550879277, 48.911502218664978 ], [ 5.436880848826118, 48.912175097576274 ], [ 5.436165498616464, 48.912639503079681 ], [ 5.434843193532281, 48.913260197505771 ], [ 5.434062146642219, 48.91377990702447 ], [ 5.433434275308911, 48.914656379014509 ], [ 5.430868773601551, 48.91584209877999 ], [ 5.431907457686509, 48.917620409589738 ], [ 5.431626093499855, 48.917734085830851 ], [ 5.430769195032283, 48.918093364195521 ], [ 5.429921940929398, 48.918659370528168 ], [ 5.429604062718374, 48.919160651616984 ], [ 5.429783476425377, 48.919786798930247 ], [ 5.430272410728469, 48.920901498103234 ], [ 5.43020676452847, 48.922126413551588 ], [ 5.430390395215944, 48.922842442325873 ], [ 5.430907269793545, 48.923677665174587 ], [ 5.431101417752821, 48.924618401620108 ], [ 5.43088324312987, 48.926377226101977 ], [ 5.431036453403022, 48.926733993011439 ], [ 5.431829331462951, 48.927338686300615 ], [ 5.432523987490728, 48.927594489960207 ], [ 5.43417478455172, 48.927857856391441 ], [ 5.437326117852209, 48.928090681084235 ], [ 5.437893827742853, 48.928259067768778 ], [ 5.438655422148907, 48.929359183491933 ], [ 5.439538137581902, 48.93042084003762 ], [ 5.44014762827655, 48.931479058061505 ], [ 5.440360692403174, 48.931654656121196 ], [ 5.440983019156141, 48.931821916105406 ], [ 5.443091651207899, 48.932525678110203 ], [ 5.444148186663283, 48.933214883607789 ], [ 5.445455151935817, 48.934582732064783 ], [ 5.446448732312017, 48.935093264736551 ], [ 5.449117684250848, 48.93609137483179 ], [ 5.450012955282538, 48.93625300952025 ], [ 5.450967551885812, 48.936224489430913 ], [ 5.451566662848551, 48.935897341418958 ], [ 5.452812650851044, 48.935098107346832 ], [ 5.452951198914914, 48.935140255484704 ], [ 5.454115225491047, 48.936366988606892 ], [ 5.455409375810131, 48.937456090284527 ], [ 5.457744900299811, 48.93775008933185 ], [ 5.460899064925834, 48.938027232925997 ], [ 5.461944059885108, 48.938176707617494 ], [ 5.461961958775603, 48.938266308965929 ], [ 5.452665435585897, 48.94500666705747 ], [ 5.45246287379593, 48.945055796686013 ], [ 5.45135259243803, 48.944682653029503 ], [ 5.450623278881879, 48.945147410035069 ], [ 5.450178392229091, 48.945561363236294 ], [ 5.449672090298144, 48.947281105510974 ], [ 5.449040752000659, 48.950406893361546 ], [ 5.449055276708975, 48.951585171956189 ], [ 5.449364734393718, 48.952064672915341 ], [ 5.449641915559432, 48.952148975672813 ], [ 5.44971650509124, 48.952282402440652 ], [ 5.450499398124228, 48.952662255622037 ], [ 5.453272572925752, 48.953532191573323 ], [ 5.453890960388136, 48.953609500435931 ], [ 5.454903500920522, 48.95335485066979 ], [ 5.456875606649659, 48.953170494310839 ], [ 5.459485809343398, 48.952325244865648 ], [ 5.460568660705597, 48.952114087004546 ], [ 5.460696624747371, 48.951931524086 ], [ 5.46160775423668, 48.950113454039162 ], [ 5.462167771995889, 48.949247253044618 ], [ 5.462369915250948, 48.949189119134267 ], [ 5.46314389165492, 48.949668039998265 ], [ 5.464201907335486, 48.950087135364754 ], [ 5.468006393034779, 48.951961163795474 ], [ 5.470454421459343, 48.952882386954215 ], [ 5.471919849743434, 48.95324803336316 ], [ 5.471930534147402, 48.95347273351468 ], [ 5.471606438218378, 48.95383928978427 ], [ 5.471366787916164, 48.954258084697223 ], [ 5.4714388724083, 48.954337569686075 ], [ 5.472471005076451, 48.954496219740086 ], [ 5.472684272637056, 48.954671756569731 ], [ 5.473372652429614, 48.954783509074772 ], [ 5.473374790621632, 48.954828449018748 ], [ 5.472736397941008, 48.955480394019354 ], [ 5.47314968851494, 48.955552838557963 ], [ 5.473158240660966, 48.955732598209309 ], [ 5.473655988919651, 48.955857279231203 ], [ 5.473600578670597, 48.956128326845644 ], [ 5.47464811323539, 48.956322628142658 ], [ 5.474469059375345, 48.956866132732145 ], [ 5.474207213582561, 48.957105454591897 ], [ 5.474167592423601, 48.957421160251599 ], [ 5.474587318470831, 48.957628419146786 ], [ 5.477216534244501, 48.958329843647242 ], [ 5.477381663604719, 48.958641318888823 ], [ 5.478247367351232, 48.959891972080378 ], [ 5.478262302128138, 48.959918653685413 ], [ 5.478515767107634, 48.960363252661075 ], [ 5.478656546307605, 48.960450309709344 ], [ 5.479038863740285, 48.961018198110118 ], [ 5.479982613102555, 48.961898355877949 ], [ 5.481620907079572, 48.963016040308133 ], [ 5.483569548769214, 48.964622096076852 ], [ 5.484289348026303, 48.965102004648578 ], [ 5.485514442370495, 48.966147227120096 ], [ 5.486917703069071, 48.967773530580516 ], [ 5.488215473861395, 48.968907185226612 ], [ 5.488488504110427, 48.968901518671601 ], [ 5.488755078096919, 48.968761034254513 ], [ 5.488893744997521, 48.968803139519913 ], [ 5.490807308165944, 48.971093558674525 ], [ 5.491531142085003, 48.971654310939364 ], [ 5.491416890055649, 48.971836619715063 ], [ 5.491013784442309, 48.971979946020348 ], [ 5.491231495025802, 48.972245324783209 ], [ 5.491301911302563, 48.972288845380476 ], [ 5.491914113546, 48.972231140109749 ], [ 5.49265522004946, 48.973151395784335 ], [ 5.492804680552929, 48.973418190462553 ], [ 5.493181210825594, 48.973860198254748 ], [ 5.492912466778614, 48.973955753049331 ], [ 5.492232412224134, 48.974023869941782 ], [ 5.491679834246841, 48.973900402987724 ], [ 5.490724568231625, 48.973929246310959 ], [ 5.489984429650167, 48.974169535956626 ], [ 5.488595519618801, 48.974846132164181 ], [ 5.486445758217791, 48.976474145144763 ], [ 5.485772111658547, 48.976677041630261 ], [ 5.485223819486706, 48.976643422855012 ], [ 5.484200231605643, 48.976673628972918 ], [ 5.483656236446697, 48.97672988069408 ], [ 5.482018662810757, 48.976781779992812 ], [ 5.481408542034653, 48.976884373382958 ], [ 5.480946112992402, 48.977217821056698 ], [ 5.481055930231073, 48.977800331218042 ], [ 5.48150881786685, 48.978411728838296 ], [ 5.481671114368993, 48.978948168804557 ], [ 5.481545303745773, 48.979175688263943 ], [ 5.480375554439373, 48.980153531078777 ], [ 5.479924170389683, 48.980432764883673 ], [ 5.478387267545131, 48.980878381094485 ], [ 5.477290663078946, 48.98109896401273 ], [ 5.475339788874009, 48.981463124646936 ], [ 5.473057386925488, 48.982328901881871 ], [ 5.472086648835091, 48.982897706642177 ], [ 5.471377052776787, 48.983497108102704 ], [ 5.470934163483773, 48.984243951598415 ], [ 5.470659854586791, 48.98537417158456 ], [ 5.47030656836986, 48.986281102768302 ], [ 5.470000185826215, 48.98673723947423 ], [ 5.469797477773916, 48.986786396473931 ], [ 5.469586224399517, 48.986655798462323 ], [ 5.468529556119967, 48.986281703659422 ], [ 5.466479419908, 48.986287895212371 ], [ 5.46584612065719, 48.985905070056887 ], [ 5.465297744034833, 48.985871360496304 ], [ 5.464624319507216, 48.986083124174328 ], [ 5.464445923893493, 48.986356685418592 ], [ 5.464219693972789, 48.98735094982208 ], [ 5.464382705880272, 48.987617495760588 ], [ 5.464794108260705, 48.987645028196951 ], [ 5.464798372515977, 48.987734905620826 ], [ 5.464600345968634, 48.987882918946191 ], [ 5.464258930250793, 48.987889933941148 ], [ 5.463699877781242, 48.987631523543826 ], [ 5.463015344844997, 48.987609596443846 ], [ 5.462212989893069, 48.987985930003617 ], [ 5.461120881868005, 48.988017340579177 ], [ 5.460382534141336, 48.988302383122374 ], [ 5.460078180665717, 48.98880343236285 ], [ 5.459982932764395, 48.989390156832123 ], [ 5.460202686039783, 48.989700526264123 ], [ 5.460761743376988, 48.989958952452376 ], [ 5.461378020332068, 48.989982293640224 ], [ 5.461783476913476, 48.989884008042544 ], [ 5.462669062142773, 48.989820846725074 ], [ 5.462878180437414, 48.989906517874893 ], [ 5.463974117274748, 48.990819643894895 ], [ 5.464532778999704, 48.991069064522954 ], [ 5.464816589680219, 48.991288144817979 ], [ 5.464893406718542, 48.991466495800154 ], [ 5.464531450073616, 48.99219365070536 ], [ 5.463819934727568, 48.992757051414017 ], [ 5.463151955336857, 48.993085645561138 ], [ 5.462403321335916, 48.993154994353119 ], [ 5.461287682277548, 48.992692082440342 ], [ 5.46067350199104, 48.992713679421293 ], [ 5.460539051459032, 48.992761419627001 ], [ 5.460355467431836, 48.993215007450459 ], [ 5.460426597015324, 48.994428067628427 ], [ 5.459448219509635, 48.995131859204811 ], [ 5.459123775684247, 48.995498367405673 ], [ 5.458935359056961, 48.996716745447614 ], [ 5.458418777523544, 48.997357081089625 ], [ 5.458012685287233, 48.998310023823493 ], [ 5.458058245723596, 48.998983819460712 ], [ 5.458218237432268, 48.999475342399329 ], [ 5.458253592053238, 48.999933433357249 ], [ 5.458057201811886, 49.000117384819255 ], [ 5.457513358177189, 49.000182504399469 ], [ 5.456823985850891, 49.000061677945226 ], [ 5.45605781723077, 48.999762492356865 ], [ 5.455286920133763, 48.999652322532278 ], [ 5.4553027043115, 48.999696981347284 ], [ 5.454965457941007, 48.999793846556322 ], [ 5.45476905658539, 48.999977792661618 ], [ 5.454997320172104, 49.000467921927779 ], [ 5.455296926472124, 49.000731681601707 ], [ 5.455740725316011, 49.001442307066775 ], [ 5.456953346465236, 49.002218155977005 ], [ 5.457036530727347, 49.002531324817326 ], [ 5.456974606047296, 49.00266753822347 ], [ 5.455836043924689, 49.002879772080441 ], [ 5.455507276767226, 49.003156391392245 ], [ 5.455379168317613, 49.003338939990321 ], [ 5.455041898447371, 49.003435805080215 ], [ 5.454356736176478, 49.003404841265088 ], [ 5.453727563969401, 49.003111834824914 ], [ 5.453439489605551, 49.002802854212419 ], [ 5.453329929164695, 49.002220332539054 ], [ 5.453319315182284, 49.001995641022475 ], [ 5.453248890466824, 49.001952099350049 ], [ 5.452293087441078, 49.001980635848007 ], [ 5.452162848803062, 49.002118242895897 ], [ 5.452206639222608, 49.002756087688063 ], [ 5.451815914719712, 49.003168907769329 ], [ 5.450438030617659, 49.00410568544153 ], [ 5.449695156125457, 49.004300781364059 ], [ 5.448743545785372, 49.004419166072111 ], [ 5.447472536108449, 49.004723984810667 ], [ 5.447342277823999, 49.004861586269534 ], [ 5.44756202102242, 49.005171974309363 ], [ 5.447907365390004, 49.005245895821439 ], [ 5.448590429266075, 49.005231958147384 ], [ 5.448808062458984, 49.005497405555182 ], [ 5.448856575842377, 49.005946230204053 ], [ 5.447855266361462, 49.006461457993453 ], [ 5.447557463288453, 49.007106269074256 ], [ 5.447587539423863, 49.007744391208696 ], [ 5.44804453114039, 49.008445774102505 ], [ 5.44785442755763, 49.008764521730882 ], [ 5.446717811905314, 49.009021605965977 ], [ 5.446331230744755, 49.009524281950362 ], [ 5.446346050180587, 49.009838848678626 ], [ 5.446568884657295, 49.009924268091844 ], [ 5.447121738538747, 49.010047938639467 ], [ 5.447136562911246, 49.010362505113747 ], [ 5.446871780467808, 49.010547829559442 ], [ 5.445710875350229, 49.010580492159939 ], [ 5.445518633231881, 49.010854297378749 ], [ 5.445369679889607, 49.011756956445929 ], [ 5.444924180869389, 49.012170864248318 ], [ 5.444928412756673, 49.012260740289896 ], [ 5.445567499639171, 49.012472623472128 ], [ 5.445996023944586, 49.012859723632012 ], [ 5.446028739551537, 49.013263886824809 ], [ 5.445569992658668, 49.013687062516851 ], [ 5.445096001883506, 49.013786683091141 ], [ 5.445126594873471, 49.014145908239257 ], [ 5.445201261836979, 49.014279330033354 ], [ 5.444938568566483, 49.014509587443868 ], [ 5.443898051878262, 49.015358431933045 ], [ 5.443776217782275, 49.015675779711863 ], [ 5.443881469045643, 49.016168426926228 ], [ 5.444275191431746, 49.016106431483323 ], [ 5.444542127240561, 49.015966051612736 ], [ 5.444994554222761, 49.015408067124824 ], [ 5.445477026173863, 49.015488198605468 ], [ 5.446031630311296, 49.015647823812294 ], [ 5.447190530449534, 49.015570220429844 ], [ 5.448475894945601, 49.015274116604665 ], [ 5.449864712233516, 49.014562060578541 ], [ 5.45039429480067, 49.014191399280485 ], [ 5.451193659539438, 49.014031134796213 ], [ 5.453035268479629, 49.013930531045062 ], [ 5.454510215942205, 49.013306620224292 ], [ 5.455019715174265, 49.012801404070821 ], [ 5.455620781207666, 49.011340707243932 ], [ 5.456171546071246, 49.011419398078239 ], [ 5.457208594101961, 49.011659059115985 ], [ 5.459113144187425, 49.012600639290632 ], [ 5.459733946583487, 49.012713863924276 ], [ 5.461509219297582, 49.013523112495285 ], [ 5.46305866146171, 49.014471914645711 ], [ 5.46404967784343, 49.01489238798149 ], [ 5.467016414927977, 49.015443183988261 ], [ 5.467934890051708, 49.015775154322505 ], [ 5.468580523697689, 49.016121726616902 ], [ 5.468858077895524, 49.016205979867586 ], [ 5.470417896729176, 49.015930981518885 ], [ 5.471783865157239, 49.015893858871863 ], [ 5.472338982410335, 49.016062349948932 ], [ 5.473461644383375, 49.016659960839142 ], [ 5.473170094408089, 49.017430653611413 ], [ 5.473279909461585, 49.018013148742973 ], [ 5.473649355402531, 49.018590292552432 ], [ 5.47451031397809, 49.019148305875007 ], [ 5.475629590051313, 49.019386115541721 ], [ 5.476821115520949, 49.019991271203722 ], [ 5.477050475849379, 49.020211444547726 ], [ 5.476815764149159, 49.021025952518208 ], [ 5.476978946405508, 49.021292472834958 ], [ 5.477533709312797, 49.021451951613692 ], [ 5.478027012410019, 49.021756637004025 ], [ 5.47863406812003, 49.022724694500617 ], [ 5.479731403875427, 49.023646635556169 ], [ 5.480078070604216, 49.024889951556347 ], [ 5.480279928918734, 49.025965329260664 ], [ 5.479994868545663, 49.02687084207507 ], [ 5.47956926404779, 49.027698290501121 ], [ 5.479105941437409, 49.028022727691543 ], [ 5.477893920382134, 49.028425593451004 ], [ 5.477040662119952, 49.028893013508537 ], [ 5.476567021754808, 49.029001744238769 ], [ 5.474697676978685, 49.029679025061256 ], [ 5.4728526554499, 49.030580678519925 ], [ 5.471640526168831, 49.030983480175351 ], [ 5.469706981583307, 49.031751962475532 ], [ 5.468914680579725, 49.032353008700007 ], [ 5.468868557322734, 49.032533880002184 ], [ 5.469989824721628, 49.033095564607869 ], [ 5.4701410522164, 49.033398321701611 ], [ 5.470161136729235, 49.033532850452943 ], [ 5.470868098663994, 49.034013089526212 ], [ 5.471326064021683, 49.034723353515119 ], [ 5.471906293037507, 49.036276733460674 ], [ 5.472291663777195, 49.036898526429383 ], [ 5.472859854083787, 49.037336630506424 ], [ 5.473408350900785, 49.037361316567754 ], [ 5.474422857575161, 49.037115509424694 ], [ 5.475037557413156, 49.037093842981932 ], [ 5.475810817425149, 49.037527705931986 ], [ 5.476164993295808, 49.037781289379254 ], [ 5.476704115674381, 49.037896115035196 ], [ 5.47714394790512, 49.037077390079489 ], [ 5.477210324104655, 49.037894667849692 ], [ 5.478945855513937, 49.039280233936012 ], [ 5.481080070233048, 49.040702517977472 ], [ 5.482283239737513, 49.041253401263262 ], [ 5.483048021684863, 49.041507471498704 ], [ 5.485659645253133, 49.041750307381925 ], [ 5.48647773288674, 49.041688388459143 ], [ 5.488220993712963, 49.041229457901615 ], [ 5.489510639605777, 49.041013806854963 ], [ 5.491160019518071, 49.040880640067009 ], [ 5.495283843330386, 49.040129293750091 ], [ 5.498553005127721, 49.039818411788247 ], [ 5.498896921477484, 49.039856235432637 ], [ 5.499604235312638, 49.040336302403084 ], [ 5.500175106410476, 49.040540324898977 ], [ 5.502879386513252, 49.041284644238381 ], [ 5.504533721292224, 49.041538026139932 ], [ 5.505440314621397, 49.041609074215955 ], [ 5.508241903008558, 49.041532590373158 ], [ 5.508208940185802, 49.041983088884571 ], [ 5.507666062340389, 49.043208913505119 ], [ 5.506783981948605, 49.044495792479516 ], [ 5.50409910314724, 49.047277645428657 ], [ 5.503602752455111, 49.048052665783935 ], [ 5.502787916883544, 49.050453621172025 ], [ 5.502593588499682, 49.051816081594559 ], [ 5.503306100389367, 49.052116095227667 ], [ 5.508261761338547, 49.053551030450485 ], [ 5.509370433619483, 49.05383373838567 ], [ 5.50992825257458, 49.054046984588517 ], [ 5.513694109656447, 49.054930808643817 ], [ 5.515552300020597, 49.055143794500339 ], [ 5.516711977715299, 49.055065522979511 ], [ 5.518202596033662, 49.054755398785723 ], [ 5.518544444256269, 49.054748230747869 ], [ 5.519714751101071, 49.057143639494662 ], [ 5.519915951764937, 49.057904087312302 ], [ 5.519448247070431, 49.058138801308168 ], [ 5.518147225142482, 49.059254611129568 ], [ 5.517066977234368, 49.060689636783877 ], [ 5.516504493337491, 49.061511067867613 ], [ 5.515924991754876, 49.061982005778631 ], [ 5.514585724102423, 49.062594792132039 ], [ 5.514180235073713, 49.062702236223892 ], [ 5.514515430613825, 49.062839156686998 ], [ 5.515167357385265, 49.063014425043264 ], [ 5.51569767508347, 49.062940347642872 ], [ 5.516794220476771, 49.063250231659239 ], [ 5.519205298840168, 49.063847406785833 ], [ 5.519369125262743, 49.064401725795321 ], [ 5.519430818805653, 49.06538999618153 ], [ 5.519649066636851, 49.065655299748627 ], [ 5.520065920019775, 49.065781496252811 ], [ 5.52061255621625, 49.065761031692553 ], [ 5.521007572567903, 49.065437881277084 ], [ 5.521281107148253, 49.065432140598901 ], [ 5.522197625533222, 49.065979651700253 ], [ 5.522425196397211, 49.066154794296715 ], [ 5.52347938460094, 49.066717397081646 ], [ 5.526295986863273, 49.067764712023575 ], [ 5.529471568645802, 49.068309622119301 ], [ 5.530312030352183, 49.068417867788128 ], [ 5.531216416013199, 49.068713677844457 ], [ 5.531293575898023, 49.068891973060033 ], [ 5.532160376592051, 49.069539413888194 ], [ 5.533293733704091, 49.070037291441281 ], [ 5.533726022004327, 49.070477977534402 ], [ 5.533543749457022, 49.070670738325468 ], [ 5.533075991330621, 49.070905502468243 ], [ 5.533011990065672, 49.0709968122164 ], [ 5.532599890692062, 49.070969515875781 ], [ 5.530932639213405, 49.070473884335989 ], [ 5.530021122585445, 49.070313162670956 ], [ 5.528230183949857, 49.070368856532305 ], [ 5.526681837691203, 49.070626330273498 ], [ 5.525334597169945, 49.071077468846141 ], [ 5.52486942334588, 49.071366121791961 ], [ 5.52497336985371, 49.071813737295841 ], [ 5.525343886513856, 49.072111813830823 ], [ 5.526612268976445, 49.072570930794846 ], [ 5.5266916080091, 49.072794162243923 ], [ 5.526365402471723, 49.073124877717603 ], [ 5.525180830665759, 49.072699980656502 ], [ 5.522924730370877, 49.07276536913156 ], [ 5.522520927621704, 49.072908787516575 ], [ 5.522260466177508, 49.073184135050873 ], [ 5.522178878820177, 49.074040465222311 ], [ 5.522514148171973, 49.076147477690881 ], [ 5.522587282095921, 49.077369391098443 ], [ 5.522320241643065, 49.077509936143109 ], [ 5.522203679125556, 49.077647322007678 ], [ 5.522276450072026, 49.077735753852608 ], [ 5.530714846554988, 49.083126814857067 ], [ 5.53037500584546, 49.083178950749215 ], [ 5.528912069906267, 49.082948864398219 ], [ 5.526300359146439, 49.0827519121205 ], [ 5.524848946493147, 49.082476555084298 ], [ 5.524493235188338, 49.082484028278458 ], [ 5.524209629846484, 49.083128694734121 ], [ 5.524107815012157, 49.083850504811601 ], [ 5.52442091032998, 49.085499170935407 ], [ 5.525113763848741, 49.08566453258311 ], [ 5.528900147551373, 49.086916306557569 ], [ 5.53058948628698, 49.087573429901148 ], [ 5.535816297350602, 49.089145491144265 ], [ 5.535840969520117, 49.089369867731612 ], [ 5.53553455442972, 49.089826126556304 ], [ 5.534548806495988, 49.090395666615144 ], [ 5.53313446047836, 49.090884273105672 ], [ 5.532333650738168, 49.091314957755465 ], [ 5.531822377961611, 49.09178451718131 ], [ 5.531508812200136, 49.092375851902652 ], [ 5.531595426179535, 49.093588465727066 ], [ 5.531498082234822, 49.094400140525408 ], [ 5.531213540070261, 49.095305714905955 ], [ 5.530104129871181, 49.09699329574525 ], [ 5.529901486455472, 49.097051535631877 ], [ 5.528972406425629, 49.096540334029783 ], [ 5.527628419785145, 49.095947892786235 ], [ 5.52596260227537, 49.095497137282926 ], [ 5.524861703183447, 49.095394325850499 ], [ 5.522912926760628, 49.095039429956266 ], [ 5.521937958229161, 49.094709054129531 ], [ 5.521723948099948, 49.094533628379217 ], [ 5.521512125077451, 49.094403135311588 ], [ 5.521416807382956, 49.095259734352148 ], [ 5.521935598647294, 49.096913069187195 ], [ 5.522411874206526, 49.097973571923433 ], [ 5.522558403185071, 49.099014004854823 ], [ 5.523161070152446, 49.099855952946136 ], [ 5.523326365130107, 49.100437206830946 ], [ 5.522904785199136, 49.101345628845657 ], [ 5.5226419959962, 49.101576036829279 ], [ 5.521951037623282, 49.102580063496347 ], [ 5.522068140552234, 49.103297264102849 ], [ 5.522222500869749, 49.103653854191066 ], [ 5.521852299755045, 49.105055954200488 ], [ 5.521662295761669, 49.105374788879949 ], [ 5.520011829307657, 49.106371933003999 ], [ 5.515475934023393, 49.109462471145598 ], [ 5.514896323182315, 49.109942368617574 ], [ 5.510160603101144, 49.116275266499102 ], [ 5.509703644593642, 49.116743577284538 ], [ 5.508943780404303, 49.117748942831284 ], [ 5.507606241881916, 49.118145657561975 ], [ 5.506381032494684, 49.118315127724486 ], [ 5.505425285915283, 49.118389016427891 ], [ 5.504544506573725, 49.118596268919106 ], [ 5.504339143831483, 49.118600545691656 ], [ 5.503489468775435, 49.118033528527214 ], [ 5.501375315762033, 49.117106006653266 ], [ 5.500427697020306, 49.11649602789474 ], [ 5.500290793850534, 49.116498874436068 ], [ 5.499200442697034, 49.117475063756551 ], [ 5.496774309726718, 49.119171634183978 ], [ 5.49566538326072, 49.120049221841086 ], [ 5.495346905835823, 49.120550581002711 ], [ 5.49540820816404, 49.12153880952841 ], [ 5.499091084041917, 49.121174481829975 ], [ 5.508196807855231, 49.121002911992043 ], [ 5.508285482582536, 49.121135995167911 ], [ 5.509764009219719, 49.121950726998705 ], [ 5.510251927067009, 49.122120454059875 ], [ 5.511393193375302, 49.122762295109652 ], [ 5.512298419355843, 49.123058231818597 ], [ 5.51660808618426, 49.124875178271338 ], [ 5.517023225441057, 49.124956446198517 ], [ 5.517347633515046, 49.124580841003237 ], [ 5.524491755541752, 49.123801412194283 ], [ 5.527003211836035, 49.123586750359898 ], [ 5.528079424508721, 49.12401391082291 ], [ 5.531360384607749, 49.124961398947512 ], [ 5.531369166590395, 49.125141125195555 ], [ 5.531044417593344, 49.125507781674891 ], [ 5.530366471078092, 49.126781422061015 ], [ 5.529606152383415, 49.128614510850731 ], [ 5.529749668680167, 49.128746425273086 ], [ 5.53002968104733, 49.128866473028005 ], [ 5.531975077713644, 49.130246829403788 ], [ 5.53309650636356, 49.130753953767687 ], [ 5.533883145951694, 49.131142183575108 ], [ 5.53502930154569, 49.131873657101814 ], [ 5.536804939400878, 49.132861711682914 ], [ 5.536811541050174, 49.132996505022213 ], [ 5.535519802911547, 49.133212644532456 ], [ 5.534523995271768, 49.133593449497582 ], [ 5.531181326198246, 49.136164570345329 ], [ 5.531364914463577, 49.136835366344833 ], [ 5.531270201651725, 49.137422063236116 ], [ 5.530520197055599, 49.138346380601106 ], [ 5.528592542511131, 49.139862160146514 ], [ 5.528485604176944, 49.139918380128243 ], [ 5.528084364027698, 49.140124711090287 ], [ 5.527905773118059, 49.140398325873051 ], [ 5.528130960382451, 49.140798387339302 ], [ 5.529436161317292, 49.141976337758692 ], [ 5.529372065837896, 49.1420676392082 ], [ 5.529104710300499, 49.142208190402826 ], [ 5.52911348738133, 49.142387913750433 ], [ 5.53411260070842, 49.145359151127423 ], [ 5.536361071222706, 49.146193323272001 ], [ 5.538349789318074, 49.147041929504887 ], [ 5.538908290620877, 49.147246035621208 ], [ 5.539051882225536, 49.147377936514019 ], [ 5.538923711571234, 49.147560548632114 ], [ 5.538349618260775, 49.148157360086984 ], [ 5.538294781302451, 49.148437373401123 ], [ 5.54013028589373, 49.149235210380681 ], [ 5.544341482377386, 49.150657465039338 ], [ 5.549418221398164, 49.152663931826929 ], [ 5.549621502940155, 49.152614648247081 ], [ 5.550645802713987, 49.151693403937891 ], [ 5.551086786399584, 49.151180314261396 ], [ 5.551290060531138, 49.151131027791244 ], [ 5.552848293194359, 49.151583732672897 ], [ 5.553124494643892, 49.151622849990659 ], [ 5.553875740203929, 49.151561931966562 ], [ 5.554539911605062, 49.151403908225525 ], [ 5.555315938479697, 49.151567340199556 ], [ 5.555594359344779, 49.151651381791318 ], [ 5.556620919127226, 49.151611585681955 ], [ 5.559374705283982, 49.150725469744259 ], [ 5.562000746460024, 49.150030912245107 ], [ 5.564278911012643, 49.149235763748813 ], [ 5.565360998381706, 49.148933840043597 ], [ 5.565877429303396, 49.148563010213756 ], [ 5.566453773657901, 49.147741126062108 ], [ 5.566837658223932, 49.147463073117272 ], [ 5.567177438433619, 49.147401851469162 ], [ 5.568542791545011, 49.147282758948521 ], [ 5.568877664815036, 49.147122686720792 ], [ 5.569781421687874, 49.145439220050918 ], [ 5.570569374624492, 49.144738729212939 ], [ 5.572017311051265, 49.143799237397296 ], [ 5.573072594487462, 49.143236941536337 ], [ 5.573350999380224, 49.143320942752403 ], [ 5.573703696056991, 49.14352029628229 ], [ 5.573840666543139, 49.143517366271169 ], [ 5.574150638384564, 49.143960512186005 ], [ 5.576511385308505, 49.145385251517339 ], [ 5.578340658730938, 49.146047718789958 ], [ 5.578005374285282, 49.14619883156152 ], [ 5.576336361448902, 49.146828284441526 ], [ 5.57472478125586, 49.147510457085247 ], [ 5.57224941310791, 49.148471944371991 ], [ 5.571726334171338, 49.148708012278433 ], [ 5.569902911561081, 49.149268707130915 ], [ 5.569299851381568, 49.149551449398473 ], [ 5.568572192595051, 49.150916303961637 ], [ 5.568243533904084, 49.151202177961864 ], [ 5.568133612889244, 49.1514743875262 ], [ 5.572155445049821, 49.153205572663296 ], [ 5.573620257694555, 49.153704986916956 ], [ 5.574274572203922, 49.154176746607284 ], [ 5.575037914187019, 49.155185896861525 ], [ 5.579579275522955, 49.158524900867015 ], [ 5.579928517229189, 49.15865234646116 ], [ 5.581429663795221, 49.159600660660672 ], [ 5.582410715735782, 49.160020391008864 ], [ 5.584003864224724, 49.160337019484636 ], [ 5.584556407935811, 49.160415109829707 ], [ 5.584354641080957, 49.161318985384014 ], [ 5.584054956045796, 49.16191012223463 ], [ 5.583048180219, 49.164549395082112 ], [ 5.582451425941378, 49.16578557193796 ], [ 5.583417354982278, 49.165899775707736 ], [ 5.585450294628735, 49.166503795347566 ], [ 5.58648924929495, 49.1667063601721 ], [ 5.588336022373474, 49.166603696237416 ], [ 5.588735879286146, 49.166370212707903 ], [ 5.589062723264843, 49.166048344157467 ], [ 5.589330039071512, 49.165907663153071 ], [ 5.591364119274621, 49.165710968485158 ], [ 5.592624929581853, 49.164865235588024 ], [ 5.593847037183379, 49.163795435963316 ], [ 5.595375602342854, 49.161999377372496 ], [ 5.596033752530413, 49.160626867843263 ], [ 5.596276234945601, 49.159991953865564 ], [ 5.597231071093552, 49.158792943420778 ], [ 5.598918930505051, 49.157443163232074 ], [ 5.599254677864665, 49.157300979675028 ], [ 5.599852700915317, 49.156919246016805 ], [ 5.600843510732944, 49.156439065867346 ], [ 5.602338800405509, 49.156172857791141 ], [ 5.603279290855792, 49.155783699986593 ], [ 5.60376105471667, 49.155818255445411 ], [ 5.604943198177367, 49.156143499766621 ], [ 5.605356465411152, 49.156179531532416 ], [ 5.605625947246715, 49.156083741780677 ], [ 5.608650414372328, 49.155136655348848 ], [ 5.61177092023922, 49.154736136371177 ], [ 5.613957441840712, 49.154580715974618 ], [ 5.616203367420246, 49.154244051985636 ], [ 5.617164613206116, 49.154268128974294 ], [ 5.617856232341109, 49.153299550188748 ], [ 5.617434348247639, 49.153092832119505 ], [ 5.617133035735553, 49.152829516714853 ], [ 5.616790554099104, 49.152836964547966 ], [ 5.616470853638354, 49.153023828519537 ], [ 5.61605760385619, 49.152987834793564 ], [ 5.615953161415392, 49.152549319790182 ], [ 5.615172473041318, 49.15202655081945 ], [ 5.614615434996248, 49.15185874268608 ], [ 5.613729988063437, 49.15197692986704 ], [ 5.612810432361572, 49.151691048249369 ], [ 5.612783129866308, 49.151421772452004 ], [ 5.613349144799915, 49.150680835724891 ], [ 5.613388157868704, 49.150095272313564 ], [ 5.613625751394391, 49.149640330064599 ], [ 5.613527777693725, 49.149057741272522 ], [ 5.613203833619221, 49.148345125050213 ], [ 5.613888738426102, 49.148330248751364 ], [ 5.615753413255013, 49.148595580180661 ], [ 5.616093597010218, 49.148543206322529 ], [ 5.616583778241485, 49.147659968582239 ], [ 5.616846383204435, 49.147429365955254 ], [ 5.617531274855959, 49.147414468917098 ], [ 5.618295560072107, 49.147613736634575 ], [ 5.619318354952171, 49.147501519393664 ], [ 5.620132950163058, 49.147339853060743 ], [ 5.622251100801191, 49.147194758030878 ], [ 5.623996706716681, 49.146733905028022 ], [ 5.625201701932593, 49.146158882123387 ], [ 5.625710842039375, 49.145653007977138 ], [ 5.626091684863033, 49.145050978480718 ], [ 5.627591075566044, 49.144874311601662 ], [ 5.628191132978121, 49.142648251662784 ], [ 5.630249714910444, 49.142684227087251 ], [ 5.632333415274609, 49.142944512101728 ], [ 5.634690630402481, 49.143459649735526 ], [ 5.636326993556801, 49.144089492719992 ], [ 5.636742016583241, 49.14416136018243 ], [ 5.63824821219999, 49.144119346654385 ], [ 5.639147207526145, 49.1442705504465 ], [ 5.638725171592114, 49.146213898639154 ], [ 5.63907447571711, 49.146341174188258 ], [ 5.641023735909092, 49.146919112606035 ], [ 5.641181284105822, 49.147050590944552 ], [ 5.640606083892455, 49.147602961388188 ], [ 5.640418946033333, 49.147966898442697 ], [ 5.642580571257916, 49.148405215722654 ], [ 5.64285911654091, 49.148489055695919 ], [ 5.642735895414331, 49.148761634854864 ], [ 5.641788716251741, 49.150086817461549 ], [ 5.640942726150477, 49.150708102035502 ], [ 5.640340037245214, 49.150991199685095 ], [ 5.639852062206506, 49.151910473879305 ], [ 5.639530335742456, 49.153131952534125 ], [ 5.639603412970411, 49.153220306693406 ], [ 5.640224002494831, 49.153287653976143 ], [ 5.640246866325366, 49.153467066502344 ], [ 5.640119037499829, 49.153649785117899 ], [ 5.640205863237974, 49.154007708377272 ], [ 5.640431976881046, 49.154407553913217 ], [ 5.640427588421559, 49.155397176647824 ], [ 5.640808992357491, 49.155883570728228 ], [ 5.641379453578998, 49.156311840098901 ], [ 5.641479992629469, 49.156669460798987 ], [ 5.641461869650874, 49.157389512964585 ], [ 5.641400244984339, 49.157525800646944 ], [ 5.642185809312409, 49.15786838373424 ], [ 5.64238237826964, 49.158763635247752 ], [ 5.64227747547355, 49.159395634907234 ], [ 5.641248288436114, 49.16046172128555 ], [ 5.641214114575608, 49.160867275318083 ], [ 5.641527113596906, 49.161625035816755 ], [ 5.641821945972444, 49.162832975433084 ], [ 5.643493166051492, 49.163057155696301 ], [ 5.645273482512799, 49.163000050593816 ], [ 5.646449159581891, 49.163190101787542 ], [ 5.646583880840693, 49.163142161338982 ], [ 5.646949070055523, 49.162504435436929 ], [ 5.647382298128578, 49.16185621562758 ], [ 5.64795484722026, 49.159909551614312 ], [ 5.648056747305473, 49.158683896521339 ], [ 5.648024573470362, 49.158054905923727 ], [ 5.648933123064117, 49.157315255779579 ], [ 5.648857725352538, 49.157181979708241 ], [ 5.647775146038455, 49.156396188827756 ], [ 5.647412427258149, 49.156008357334052 ], [ 5.647471736771029, 49.155827138345259 ], [ 5.648117292199733, 49.155309174772725 ], [ 5.648503001975005, 49.154805921900568 ], [ 5.649520527182434, 49.153784997202841 ], [ 5.651078612605589, 49.152608222343851 ], [ 5.651404982212162, 49.152286180258471 ], [ 5.652267793437945, 49.151727420572563 ], [ 5.652475131309576, 49.150688336488813 ], [ 5.652905889411556, 49.14999516098846 ], [ 5.65361566401066, 49.149394784115849 ], [ 5.655328808392034, 49.14830448255735 ], [ 5.656302805099977, 49.147509344308155 ], [ 5.656996368533688, 49.146594448190051 ], [ 5.657270316172015, 49.146588398458228 ], [ 5.663873288393063, 49.14779177059139 ], [ 5.663830906965618, 49.149366981065327 ], [ 5.664533670336104, 49.149432383768278 ], [ 5.665013103384583, 49.149421766338143 ], [ 5.665121801972818, 49.148069982162042 ], [ 5.665464245077121, 49.14806239679482 ], [ 5.666847437602303, 49.148292627960103 ], [ 5.668237394614065, 49.148387755560563 ], [ 5.669403559322699, 49.148397873558686 ], [ 5.669692217954193, 49.149740848285404 ], [ 5.670586767941888, 49.149801960665407 ], [ 5.67050077213251, 49.148400514731691 ], [ 5.671187978799145, 49.148430240324181 ], [ 5.672762759284692, 49.148386274620968 ], [ 5.673504537247039, 49.148144898392275 ], [ 5.673447647333537, 49.148371059441608 ], [ 5.672859078683929, 49.148923887580445 ], [ 5.672877415099887, 49.149013438992043 ], [ 5.674350040793688, 49.149646412709728 ], [ 5.675354640501265, 49.150244796190577 ], [ 5.675557792463432, 49.150195299893831 ], [ 5.676475100565458, 49.149635147226846 ], [ 5.676465810969143, 49.149455436231534 ], [ 5.676319541644215, 49.14927877197227 ], [ 5.676424244683311, 49.148916607730612 ], [ 5.677080799292864, 49.148353252837538 ], [ 5.677000696608383, 49.148130137614814 ], [ 5.676135416107895, 49.147573648052301 ], [ 5.675927631295398, 49.147533289758691 ], [ 5.675918343975394, 49.147353578345829 ], [ 5.676410744841415, 49.14653299523593 ], [ 5.67584892421997, 49.146275613797386 ], [ 5.675775794974157, 49.146187281040049 ], [ 5.675837315703212, 49.146050974238065 ], [ 5.676159080846436, 49.145908879282359 ], [ 5.67622245784817, 49.145808514583756 ], [ 5.67695675032, 49.145423347073098 ], [ 5.677193764057837, 49.144968277390518 ], [ 5.67709901095464, 49.143665975817662 ], [ 5.677420516556501, 49.143254004325996 ], [ 5.678162199326193, 49.143012598165129 ], [ 5.67966367798868, 49.142880210300092 ], [ 5.680799743682859, 49.142576027056307 ], [ 5.68203379550318, 49.142575511230156 ], [ 5.683483068085629, 49.142759097914031 ], [ 5.68561687947437, 49.142657509640664 ], [ 5.686365507488347, 49.142550836448137 ], [ 5.687189140817986, 49.142568427066564 ], [ 5.688581613548271, 49.14297812108228 ], [ 5.690044150097422, 49.143152337061061 ], [ 5.6928408758628, 49.144196280656914 ], [ 5.69369506119859, 49.144536999342137 ], [ 5.696479896842399, 49.1450863466615 ], [ 5.697954691837462, 49.145494089396522 ], [ 5.69905699649845, 49.145595310804666 ], [ 5.70057021215416, 49.145687299915558 ], [ 5.701471760237533, 49.145882965363093 ], [ 5.703042871193016, 49.146558364620681 ], [ 5.703248327716295, 49.146553748781919 ], [ 5.704925169200489, 49.143214518986255 ], [ 5.70533685571854, 49.142170716229579 ], [ 5.70553055828308, 49.141941458859456 ], [ 5.706014139361394, 49.142011547590563 ], [ 5.707285830908518, 49.142468725308795 ], [ 5.707776936837425, 49.142682574792836 ], [ 5.708050857802166, 49.142676409465359 ], [ 5.709534569230248, 49.141419537243905 ], [ 5.710530235624167, 49.140794371003793 ], [ 5.711229807684931, 49.140013939054874 ], [ 5.711293579960477, 49.139922540813622 ], [ 5.711318618370349, 49.139876996004745 ], [ 5.710935838775357, 49.138851070013871 ], [ 5.710992554579644, 49.138624889136509 ], [ 5.714024589013706, 49.136829265946105 ], [ 5.714352822523852, 49.136551975857131 ], [ 5.714117231024884, 49.136242426452164 ], [ 5.713902399313361, 49.136067350418422 ], [ 5.71395909912, 49.135841167519857 ], [ 5.714998076265944, 49.13499907224471 ], [ 5.715465587517254, 49.134763615448051 ], [ 5.717682707775555, 49.133121221370651 ], [ 5.718187461529809, 49.133334720970993 ], [ 5.71868324244302, 49.133638383180951 ], [ 5.718819706695206, 49.133626302629864 ], [ 5.718966076722683, 49.133802917961049 ], [ 5.720398216587973, 49.134706141403193 ], [ 5.721028130545054, 49.134952783519985 ], [ 5.722322921438183, 49.135589205810717 ], [ 5.722400838281343, 49.135767366142282 ], [ 5.722011265617335, 49.136181010158296 ], [ 5.721253339933317, 49.138195306879261 ], [ 5.721158414592034, 49.138737223369503 ], [ 5.722055196548905, 49.138842881276616 ], [ 5.722258259149104, 49.138793305613916 ], [ 5.722565680539214, 49.138381521505963 ], [ 5.723004368574705, 49.137597922267574 ], [ 5.723698511443824, 49.13671857507191 ], [ 5.724249072322029, 49.135716527656065 ], [ 5.724733093334583, 49.135795527091886 ], [ 5.727284122622716, 49.137114135286893 ], [ 5.728371764792709, 49.137980094906247 ], [ 5.730000134417269, 49.138698832375574 ], [ 5.730481823305573, 49.138732881269497 ], [ 5.730616403129226, 49.138684845658055 ], [ 5.730934609239653, 49.138218816641825 ], [ 5.731206134479614, 49.138167671394754 ], [ 5.731973089738132, 49.138411146113178 ], [ 5.73286514647858, 49.138426869181458 ], [ 5.733266505040215, 49.138237826705343 ], [ 5.733639937244829, 49.137779531139074 ], [ 5.73381926858448, 49.137280664209094 ], [ 5.734071811686948, 49.136870094948542 ], [ 5.734393360010899, 49.13672784306322 ], [ 5.735892139120128, 49.136549825750414 ], [ 5.735887392440387, 49.136459971408833 ], [ 5.736986897990207, 49.135472362478609 ], [ 5.737658057147546, 49.134422520998733 ], [ 5.738134485886975, 49.134357699502665 ], [ 5.739489118392533, 49.134047972269116 ], [ 5.740513759018703, 49.133979651038089 ], [ 5.741147942312052, 49.134046167288922 ], [ 5.74234757731232, 49.134693544422824 ], [ 5.742968077952724, 49.134760363220863 ], [ 5.745889372302242, 49.135296464487581 ], [ 5.747768552981266, 49.135829315966888 ], [ 5.749417973430795, 49.136682260198853 ], [ 5.750261098256865, 49.137067819763409 ], [ 5.751190698047186, 49.137532362432971 ], [ 5.751681938329806, 49.137746033779798 ], [ 5.753537064652157, 49.138855109493136 ], [ 5.753683567789353, 49.139031681665166 ], [ 5.754195695451819, 49.139379809037713 ], [ 5.754755128560364, 49.139843802621584 ], [ 5.754800515417535, 49.139923729785487 ], [ 5.755720542965893, 49.141494998499823 ], [ 5.755973794377986, 49.142388823359404 ], [ 5.756358363050957, 49.144719037671734 ], [ 5.756518763757096, 49.14515617840496 ], [ 5.756633469704445, 49.14576529411714 ], [ 5.756988801080649, 49.146000050608947 ], [ 5.758096017627635, 49.146190583905074 ], [ 5.759378326687097, 49.14683589957847 ], [ 5.759571894140674, 49.14866668972261 ], [ 5.759810495951465, 49.150055629770137 ], [ 5.75983952088783, 49.151629298473253 ], [ 5.760255254230513, 49.151709724625832 ], [ 5.76026243976183, 49.151844502647748 ], [ 5.760137055349789, 49.152836959050958 ], [ 5.758798147432688, 49.153191524849959 ], [ 5.757636165407038, 49.153263139749498 ], [ 5.757610502115457, 49.153038823677605 ], [ 5.757093909991451, 49.152609848700529 ], [ 5.756632773532249, 49.152449486246809 ], [ 5.756577023368426, 49.152432771042839 ], [ 5.755568914588203, 49.152302925702593 ], [ 5.753869051173139, 49.152575740039033 ], [ 5.753011465348126, 49.15295520923317 ], [ 5.752270467058156, 49.153206059358105 ], [ 5.751935166935274, 49.15334866995201 ], [ 5.750776036332795, 49.1534741299415 ], [ 5.750421636525827, 49.153257327308481 ], [ 5.750083944554151, 49.15335500660774 ], [ 5.749685393541843, 49.153598013692481 ], [ 5.74971102278649, 49.153822331327895 ], [ 5.749930821806399, 49.154087192557284 ], [ 5.749876645409462, 49.154358314383821 ], [ 5.749480471662036, 49.154646246633696 ], [ 5.749001007839752, 49.154657200421767 ], [ 5.748724643116248, 49.154618532763557 ], [ 5.748245179390706, 49.15462948354169 ], [ 5.747980738663411, 49.154815444749161 ], [ 5.748023054126599, 49.155354245158023 ], [ 5.747827581864176, 49.155547626958821 ], [ 5.747215885239036, 49.155651553763484 ], [ 5.746769180121227, 49.15602159458853 ], [ 5.746646488069236, 49.156294277837624 ], [ 5.746729287047064, 49.156562270878027 ], [ 5.746873433268231, 49.156693922178725 ], [ 5.746891900407158, 49.156783461584176 ], [ 5.74646721445102, 49.156793154455492 ], [ 5.74521805425493, 49.156515789170349 ], [ 5.744467916779597, 49.156595871249166 ], [ 5.744517342459708, 49.157269450168059 ], [ 5.746020884948115, 49.160014938115431 ], [ 5.746469557812662, 49.160715388671733 ], [ 5.746794864966988, 49.163226857348711 ], [ 5.747298290871334, 49.164699712143239 ], [ 5.748020500717135, 49.166158572577032 ], [ 5.748845075992242, 49.167219265655795 ], [ 5.749501156141397, 49.167690065458054 ], [ 5.750554621665125, 49.168151781910574 ], [ 5.751639005655586, 49.168936638705929 ], [ 5.75237320382981, 49.169585557396374 ], [ 5.753518990345945, 49.170234053535616 ], [ 5.755004516410186, 49.170820788118959 ], [ 5.755982400974934, 49.171149247976423 ], [ 5.75580077364955, 49.171603205886846 ], [ 5.755323545946211, 49.171659109875726 ], [ 5.755392611638761, 49.177594866224482 ], [ 5.756231661491811, 49.17789051838507 ], [ 5.755491788678897, 49.178941986326585 ], [ 5.755380401466675, 49.179169433685637 ], [ 5.756631598734921, 49.179473642145844 ], [ 5.757046114505433, 49.179527122244053 ], [ 5.758066616959463, 49.180394346044544 ], [ 5.758149513607138, 49.180662324769983 ], [ 5.758031864464323, 49.182059386656583 ], [ 5.758128469835357, 49.182327050990686 ], [ 5.758430670791264, 49.182590005315873 ], [ 5.758655427028001, 49.182944692288459 ], [ 5.758712248410547, 49.183753021431414 ], [ 5.75921785381347, 49.184227214768434 ], [ 5.759475497500724, 49.184940981902713 ], [ 5.759644094937801, 49.187330021717372 ], [ 5.760360257005051, 49.188662986822315 ], [ 5.761106832605254, 49.189536460984279 ], [ 5.763415854711522, 49.191138734194702 ], [ 5.764081971980514, 49.191789139847423 ], [ 5.764399357285871, 49.192591480629275 ], [ 5.765162957816709, 49.195578557026394 ], [ 5.765773502362692, 49.197498636707259 ], [ 5.765780708624111, 49.19763340821644 ], [ 5.765544232834612, 49.198088628056659 ], [ 5.764550049753968, 49.198750152454359 ], [ 5.764164447511463, 49.198983896957529 ], [ 5.762194495430917, 49.200396446281566 ], [ 5.761315390440658, 49.201415131350785 ], [ 5.760911246283738, 49.201559331652902 ], [ 5.759609150064021, 49.201598165832884 ], [ 5.758697013376457, 49.2014841236523 ], [ 5.757366177768359, 49.200983847874006 ], [ 5.756637696604068, 49.200451782218707 ], [ 5.756608837953614, 49.200425455467787 ], [ 5.755128807636493, 49.199442800092172 ], [ 5.753566730631215, 49.198722879088145 ], [ 5.752865098516933, 49.198693938651004 ], [ 5.752410890572074, 49.198929212351779 ], [ 5.7519338852195, 49.198994086180917 ], [ 5.750735652588836, 49.198661627971553 ], [ 5.750386198760503, 49.198543668059287 ], [ 5.749483070840307, 49.198339394489508 ], [ 5.749071754856782, 49.198348783164654 ], [ 5.748871349191817, 49.198452310071559 ], [ 5.747696927859657, 49.199342696240812 ], [ 5.747422711687802, 49.199348951442488 ], [ 5.747283694685487, 49.199316139510373 ], [ 5.743932705251874, 49.197476440198038 ], [ 5.742018563790145, 49.196584479010689 ], [ 5.741602498292885, 49.196503993497103 ], [ 5.741085042327212, 49.197100492268042 ], [ 5.740312312506843, 49.197801749044018 ], [ 5.740040483364332, 49.197852911785183 ], [ 5.738989361601408, 49.197445026381054 ], [ 5.736052273878886, 49.196675183677222 ], [ 5.734863156705102, 49.196252406436855 ], [ 5.734064999218901, 49.195694803639384 ], [ 5.73284185568373, 49.195146839678358 ], [ 5.731572864597061, 49.194509946532889 ], [ 5.731364848151006, 49.194469685837468 ], [ 5.729061230172101, 49.195034660965092 ], [ 5.726005387476754, 49.195391727155815 ], [ 5.725126551060128, 49.19564550253989 ], [ 5.724998509686472, 49.196862812298392 ], [ 5.72381381922953, 49.198607775544936 ], [ 5.723419527085071, 49.198940533853587 ], [ 5.723191653257016, 49.199305510707717 ], [ 5.724396835797631, 49.200033888769333 ], [ 5.726863147472868, 49.202029079323545 ], [ 5.726943548580921, 49.202252149271494 ], [ 5.724935580311374, 49.20374587967801 ], [ 5.724739838952946, 49.203939214595003 ], [ 5.725581034802911, 49.204271011882867 ], [ 5.72560184959541, 49.204405474597046 ], [ 5.724958840663946, 49.205229623316114 ], [ 5.724755993277687, 49.205288185097416 ], [ 5.723989973579777, 49.205080620143001 ], [ 5.723715724143323, 49.205086821358002 ], [ 5.722599839825228, 49.206839192773678 ], [ 5.721965736965212, 49.207573165106631 ], [ 5.720889939535693, 49.209045747007778 ], [ 5.720766985344936, 49.209318389346464 ], [ 5.723157896761232, 49.209876064666211 ], [ 5.723164993729019, 49.210010837017641 ], [ 5.72185745650879, 49.210993908764891 ], [ 5.720720597379215, 49.211568312900845 ], [ 5.72060473272001, 49.211714857246406 ], [ 5.72089320026812, 49.211978207604389 ], [ 5.721258753468037, 49.212401734976034 ], [ 5.720921565914325, 49.212517296281696 ], [ 5.720599509478966, 49.212659501369906 ], [ 5.720833592052559, 49.213193944199645 ], [ 5.720637326889256, 49.213378285801568 ], [ 5.720509634024222, 49.213561078680563 ], [ 5.721022276226951, 49.213909321167769 ], [ 5.721598770085714, 49.214427033163332 ], [ 5.720699717166783, 49.215086016079574 ], [ 5.719172098799974, 49.21580415555789 ], [ 5.719044394768754, 49.215986946434604 ], [ 5.719488462263124, 49.216597610252734 ], [ 5.71995618141047, 49.217396642592632 ], [ 5.721666862552819, 49.219372991740066 ], [ 5.722632691897643, 49.220241719972478 ], [ 5.723964160311373, 49.220751354254432 ], [ 5.725457906432719, 49.221473194099758 ], [ 5.725892622418853, 49.221904136828421 ], [ 5.726466482358159, 49.223150512538894 ], [ 5.726924890308411, 49.223769818843749 ], [ 5.728359660325357, 49.22467286602496 ], [ 5.728718725101869, 49.224970579992913 ], [ 5.732995127681987, 49.226106045822966 ], [ 5.734789872269741, 49.226281221473471 ], [ 5.737454258295653, 49.227057304163147 ], [ 5.738839883429575, 49.227286689746691 ], [ 5.739357546176703, 49.227724695381724 ], [ 5.739969525937852, 49.228646306989027 ], [ 5.740555708358515, 49.230117221406729 ], [ 5.739685400808535, 49.230541800824248 ], [ 5.739621566965136, 49.230633205776577 ], [ 5.739416255812976, 49.230646867875109 ], [ 5.73856678928454, 49.231205895651385 ], [ 5.737013637583179, 49.232743402874256 ], [ 5.73679577652575, 49.233557932234497 ], [ 5.736844452591851, 49.234996082857961 ], [ 5.736361681704288, 49.235996530500451 ], [ 5.736099160222607, 49.236227373006862 ], [ 5.73521016993492, 49.236301520803472 ], [ 5.733231121940282, 49.236544309065835 ], [ 5.732621287924117, 49.236702060467856 ], [ 5.732102798974798, 49.237028649145685 ], [ 5.731010060917318, 49.238186818739479 ], [ 5.729933719248752, 49.23861598706057 ], [ 5.728885787319133, 49.239323355506116 ], [ 5.728571683963569, 49.239879176971023 ], [ 5.728404479474211, 49.242176751209421 ], [ 5.728051589435948, 49.243039285004677 ], [ 5.727337628693469, 49.243829028647433 ], [ 5.726845109535174, 49.244649739374204 ], [ 5.725610517387794, 49.244686652531307 ], [ 5.725272181356899, 49.244784253215883 ], [ 5.723928758867725, 49.245102460323011 ], [ 5.723041492248914, 49.24521245572808 ], [ 5.722987079354208, 49.245483540488458 ], [ 5.722554098621887, 49.246131977190949 ], [ 5.721188373071776, 49.247332182606989 ], [ 5.720933295684269, 49.247706741191102 ], [ 5.722299066681821, 49.249375996446737 ], [ 5.723294359864465, 49.251053603480045 ], [ 5.724027519526883, 49.252710137658724 ], [ 5.724689196630637, 49.253270876063631 ], [ 5.725400558180126, 49.253470682858428 ], [ 5.726162086089018, 49.253579400082479 ], [ 5.726938317032504, 49.253966629084282 ], [ 5.729329178112812, 49.255783523754353 ], [ 5.730300564626292, 49.256742001925105 ], [ 5.73044732252205, 49.256918581363479 ], [ 5.729006218446971, 49.25799463500416 ], [ 5.727075239178093, 49.259945275149171 ], [ 5.727082353236372, 49.260080040378874 ], [ 5.727574658613164, 49.260293783673077 ], [ 5.728369473195907, 49.26077053372547 ], [ 5.728307954462689, 49.260906851533818 ], [ 5.726902160255344, 49.261613276001356 ], [ 5.724088111100555, 49.263502863896967 ], [ 5.7229756896213, 49.264301556455408 ], [ 5.72312954832988, 49.264612908263146 ], [ 5.724146423670914, 49.265390501156318 ], [ 5.726355468390071, 49.267400444450047 ], [ 5.726579899080951, 49.267746176334136 ], [ 5.725928984301841, 49.26817465852622 ], [ 5.72465361878688, 49.268752168861234 ], [ 5.724721851359535, 49.269785050043843 ], [ 5.724063314050211, 49.270069773044277 ], [ 5.721467919855187, 49.270380216749082 ], [ 5.720996842420882, 49.27057074320863 ], [ 5.72081219189113, 49.270979681069946 ], [ 5.720806966451806, 49.271924267910009 ], [ 5.721292258085675, 49.272003270305035 ], [ 5.72105505003234, 49.272458368195046 ], [ 5.721821583368736, 49.272656953249644 ], [ 5.723671426704344, 49.27332580007581 ], [ 5.723226385393216, 49.274010467560018 ], [ 5.722662963714912, 49.274796748629804 ], [ 5.72287603353883, 49.274926863318633 ], [ 5.726453775082651, 49.276033386178241 ], [ 5.729900962057211, 49.277007835618363 ], [ 5.729645801319103, 49.277382401176766 ], [ 5.728364654103721, 49.278634690004374 ], [ 5.727673310116532, 49.278560373850198 ], [ 5.727164835151611, 49.279345430335304 ], [ 5.725507642103691, 49.281289793823731 ], [ 5.724405327719287, 49.28306868740939 ], [ 5.72374197011245, 49.285611212767357 ], [ 5.723398623834818, 49.285618962842889 ], [ 5.720084982602809, 49.285360900723347 ], [ 5.720121874581998, 49.286844211626423 ], [ 5.719956090221507, 49.287612506139965 ], [ 5.71975244039328, 49.287662070435879 ], [ 5.718845983171046, 49.287421649422505 ], [ 5.717948520094221, 49.287351920039306 ], [ 5.717957428940325, 49.288566014356576 ], [ 5.716953827793223, 49.288831474263525 ], [ 5.716079973844597, 49.289210937050818 ], [ 5.715753614967019, 49.28954209363453 ], [ 5.71559440384901, 49.290175309208621 ], [ 5.715945727797848, 49.291102855982707 ], [ 5.716990063067434, 49.291349189505759 ], [ 5.719343063357917, 49.291637989294919 ], [ 5.719345429436635, 49.291682909719562 ], [ 5.718689421909487, 49.292021501425772 ], [ 5.717962343273368, 49.292577563632598 ], [ 5.717836809952139, 49.292805259212102 ], [ 5.719690152619004, 49.293788904983231 ], [ 5.720381688968875, 49.293863265690689 ], [ 5.721126270984643, 49.294422141936387 ], [ 5.721808344473709, 49.294316813376852 ], [ 5.722835261875325, 49.29527407424964 ], [ 5.726003798654454, 49.297199375732696 ], [ 5.728368645447303, 49.298746998734316 ], [ 5.728650515203633, 49.298875547251001 ], [ 5.731167108613583, 49.300428680271722 ], [ 5.732473836779221, 49.301469474965458 ], [ 5.732369217514865, 49.301831631614199 ], [ 5.735177228714468, 49.302649513824207 ], [ 5.735594139434548, 49.302730012756946 ], [ 5.735774571655258, 49.302501055540105 ], [ 5.735977788415082, 49.302442481061959 ], [ 5.741186116891117, 49.303907381655748 ], [ 5.742364980897239, 49.304348329674838 ], [ 5.74195759187217, 49.304447531798544 ], [ 5.741445162261437, 49.304899912011471 ], [ 5.741292899132143, 49.305658925463504 ], [ 5.740673973018351, 49.306437528923617 ], [ 5.740550891377069, 49.306710164125526 ], [ 5.741201988031648, 49.30705516803733 ], [ 5.742452381610704, 49.307287613133248 ], [ 5.743219991808293, 49.307495038925865 ], [ 5.743773872287707, 49.307563402974175 ], [ 5.743901715264446, 49.307380603145667 ], [ 5.743880221954007, 49.306976330209444 ], [ 5.743793009384685, 49.306888365565477 ], [ 5.743778681177704, 49.306618850142598 ], [ 5.744051079209142, 49.306567684681688 ], [ 5.746315211385504, 49.307496617894351 ], [ 5.746800876370493, 49.307575514788105 ], [ 5.747330850855477, 49.307194671051391 ], [ 5.747671945565513, 49.307141933937153 ], [ 5.748586059884544, 49.307516890869834 ], [ 5.748453927304443, 49.307618841246999 ], [ 5.747298020272283, 49.307870021500328 ], [ 5.747667207852165, 49.308086486406587 ], [ 5.749982937852137, 49.308690368438313 ], [ 5.750231499889153, 49.309224388306383 ], [ 5.749628039089982, 49.309516970807714 ], [ 5.749166279920372, 49.309887275387545 ], [ 5.748055586022177, 49.309696691726536 ], [ 5.747771217248509, 49.309523270938456 ], [ 5.74602371498985, 49.309257215205946 ], [ 5.745197402905363, 49.309240030118588 ], [ 5.745000859637111, 49.309424393151012 ], [ 5.743925395701659, 49.31067211872324 ], [ 5.743719289773707, 49.310676803209439 ], [ 5.743091898836667, 49.310520162091478 ], [ 5.740463292932177, 49.309464524261351 ], [ 5.740184197981231, 49.309389907765954 ], [ 5.739203194509308, 49.310086770829663 ], [ 5.737782235983622, 49.311567141977029 ], [ 5.737311319479405, 49.311766707788756 ], [ 5.736968277763612, 49.31178348007596 ], [ 5.733839718800406, 49.310118405144657 ], [ 5.733560154030544, 49.310034789536374 ], [ 5.732728346661047, 49.310953084361408 ], [ 5.732387211512744, 49.311005779056117 ], [ 5.732039417230454, 49.310932698828985 ], [ 5.731786006583373, 49.311343191098352 ], [ 5.73102522823596, 49.312304837484469 ], [ 5.730414967919726, 49.312471549220369 ], [ 5.729948291971515, 49.312751940730706 ], [ 5.729583065342678, 49.31338982004165 ], [ 5.729400705517362, 49.3138436720253 ], [ 5.728217377045131, 49.316442863339319 ], [ 5.728342579992382, 49.317249543404792 ], [ 5.728084359186002, 49.317570187130045 ], [ 5.727830884503649, 49.317980668248325 ], [ 5.728454044399987, 49.318056533207759 ], [ 5.729028888264279, 49.318259410583501 ], [ 5.72896134418807, 49.319843974359188 ], [ 5.728951402431776, 49.319916155224185 ], [ 5.728871939205479, 49.321015282036335 ], [ 5.729220272143754, 49.321097354383362 ], [ 5.729122718132328, 49.321594257275322 ], [ 5.728637423384336, 49.321524274214852 ], [ 5.728367306450638, 49.321620322949173 ], [ 5.727476359484715, 49.321685423418117 ], [ 5.725811505388101, 49.321687039586941 ], [ 5.72504660100199, 49.32153340892215 ], [ 5.724556093996335, 49.321364587842702 ], [ 5.724281226821788, 49.321370789602312 ], [ 5.724091677403383, 49.321689873025598 ], [ 5.723334365040376, 49.32167997208488 ], [ 5.723305471168778, 49.322175320132544 ], [ 5.723004553545022, 49.322991608915082 ], [ 5.721715004215215, 49.324109011148991 ], [ 5.721408839283487, 49.324565633915427 ], [ 5.721204559870319, 49.325649570433661 ], [ 5.722388961264448, 49.325928686101612 ], [ 5.722462424916454, 49.326016974310463 ], [ 5.722303183589576, 49.32665017460301 ], [ 5.722026391980735, 49.326620436217645 ], [ 5.721682772633268, 49.326628181081354 ], [ 5.721502666141201, 49.327126933553004 ], [ 5.721159043342913, 49.327134676922931 ], [ 5.721163781920178, 49.327224514366158 ], [ 5.720853329351041, 49.327600280570806 ], [ 5.720426265267546, 49.328374426664446 ], [ 5.720634812862489, 49.328414700691091 ], [ 5.720781741493655, 49.328591278728027 ], [ 5.71968820013398, 49.330558699411633 ], [ 5.720550378718298, 49.331249837013281 ], [ 5.720830037332691, 49.3313334808755 ], [ 5.722191848537387, 49.332103293818427 ], [ 5.722611347727291, 49.332228753554375 ], [ 5.725829990666427, 49.333757154070589 ], [ 5.728041932438535, 49.334984415153492 ], [ 5.730294831957428, 49.336723389787657 ], [ 5.731086092128551, 49.337110247853332 ], [ 5.73311184953863, 49.337676044278325 ], [ 5.736485484898099, 49.33848111010802 ], [ 5.737052084016564, 49.338783075723057 ], [ 5.737194330777946, 49.338869796160125 ], [ 5.737371781453801, 49.339360465398258 ], [ 5.737596598944454, 49.339706150838104 ], [ 5.737103804549919, 49.340535805207935 ], [ 5.736018041644376, 49.341864583007059 ], [ 5.735982109575016, 49.342225170415396 ], [ 5.736491188955581, 49.343517817599405 ], [ 5.736586153032002, 49.344010354280663 ], [ 5.736868290546749, 49.344138877510467 ], [ 5.737104967754976, 49.344448316548373 ], [ 5.738680768451648, 49.34534801259899 ], [ 5.738827329965534, 49.345515582032604 ], [ 5.738967212636444, 49.345557382263266 ], [ 5.739327657098094, 49.345864010804618 ], [ 5.737979006379139, 49.348206118892563 ], [ 5.737812732667642, 49.348704572701486 ], [ 5.738289088957846, 49.349638176483076 ], [ 5.737814965086124, 49.349783835492062 ], [ 5.738520275489753, 49.3519174801677 ], [ 5.73818889342667, 49.352158841222909 ], [ 5.737515627322023, 49.352443924751029 ], [ 5.737454023432136, 49.352580234173473 ], [ 5.737901788115081, 49.352974829655764 ], [ 5.738747884646021, 49.353351401019268 ], [ 5.738968477513541, 49.353616227977255 ], [ 5.739157926779269, 49.354331472393163 ], [ 5.737510859484001, 49.355466094763777 ], [ 5.737005514137245, 49.356062166374961 ], [ 5.737036511855009, 49.35664608772057 ], [ 5.735559393748981, 49.357093269906997 ], [ 5.734957195842402, 49.357421697960511 ], [ 5.73373628702245, 49.358546614913294 ], [ 5.732771403766428, 49.359566791674169 ], [ 5.731706022514601, 49.361029943615179 ], [ 5.731571339561637, 49.361086952869364 ], [ 5.731519229131142, 49.361402925607926 ], [ 5.731025653761208, 49.362223552767347 ], [ 5.731099183896774, 49.362311832339451 ], [ 5.731931102137345, 49.362418946600691 ], [ 5.732263055523902, 49.36218658869663 ], [ 5.732950764754826, 49.362171038387508 ], [ 5.73530470223302, 49.362414588813316 ], [ 5.736172317788455, 49.362934596720997 ], [ 5.736513315691392, 49.362872910873477 ], [ 5.737044411316572, 49.362501117811426 ], [ 5.737326651129, 49.362629637454269 ], [ 5.738198585092643, 49.3632304807522 ], [ 5.739758472908074, 49.363042226787002 ], [ 5.739985595958978, 49.36420631701781 ], [ 5.74146996628675, 49.364928162682403 ], [ 5.741452588653932, 49.36537826391389 ], [ 5.741493197442573, 49.366141844246975 ], [ 5.744587137340122, 49.367087960942541 ], [ 5.744100888942934, 49.368043385481378 ], [ 5.744179232198758, 49.368221489196401 ], [ 5.745167848771811, 49.368423891956823 ], [ 5.748816544762106, 49.369438248783979 ], [ 5.752844488114583, 49.369814271042195 ], [ 5.753155596796874, 49.370481745354631 ], [ 5.753211899703539, 49.371020110903828 ], [ 5.753091609154766, 49.371346639507202 ], [ 5.750300236024677, 49.372723326671235 ], [ 5.749634436205249, 49.373152202560142 ], [ 5.749575235770849, 49.373333431127918 ], [ 5.749828898016045, 49.37395724727736 ], [ 5.749924045559561, 49.374449757565067 ], [ 5.749243921485119, 49.375643452168241 ], [ 5.748994504428816, 49.375873976196033 ], [ 5.748866509679925, 49.376056768201124 ], [ 5.749519157325048, 49.376671509847263 ], [ 5.74970102767517, 49.376982165217619 ], [ 5.747903431743189, 49.37788646936508 ], [ 5.747367467009529, 49.378168472480027 ], [ 5.747453020571383, 49.378481319456654 ], [ 5.747524249742337, 49.379558984444728 ], [ 5.745973463833483, 49.379926998200254 ], [ 5.746006970858053, 49.380555818109983 ], [ 5.744598041183998, 49.381001536721222 ], [ 5.744685960310981, 49.382393609956708 ], [ 5.745117408426267, 49.382734579832402 ], [ 5.745359098218155, 49.383133821193141 ], [ 5.745235858242511, 49.383406439079792 ], [ 5.744899041559703, 49.383548996209583 ], [ 5.743523537801237, 49.383589211252605 ], [ 5.742772006406184, 49.383705196477592 ], [ 5.742454199844508, 49.383946248907925 ], [ 5.742131712996249, 49.384358291768208 ], [ 5.741983903174005, 49.384946251189987 ], [ 5.742197477011584, 49.385076316695056 ], [ 5.742361373998525, 49.38556726661723 ], [ 5.74296619536942, 49.386318032277309 ], [ 5.743122930129577, 49.386674234148479 ], [ 5.742990105638733, 49.386767186926498 ], [ 5.740036809681799, 49.386933083399569 ], [ 5.739640613778764, 49.386996024807502 ], [ 5.7400056512517, 49.387383485702635 ], [ 5.739882850479253, 49.387665079989333 ], [ 5.739310799286646, 49.388307615346413 ], [ 5.739263962130592, 49.388722396209474 ], [ 5.739853967077318, 49.38919469938984 ], [ 5.739993491404542, 49.389227513411342 ], [ 5.73999874622613, 49.38932632727461 ], [ 5.739865909267289, 49.389419276358034 ], [ 5.738625471841371, 49.389411401754025 ], [ 5.738217403342887, 49.389510582341856 ], [ 5.737529808225184, 49.389535145240103 ], [ 5.737173841267285, 49.389318356476885 ], [ 5.736692192205568, 49.389329258603659 ], [ 5.735942946782099, 49.389490116132244 ], [ 5.73510989966943, 49.390408350160079 ], [ 5.734699909316166, 49.390471586431488 ], [ 5.734569443736689, 49.390609445018242 ], [ 5.734310894159655, 49.390930077134691 ], [ 5.733694470670221, 49.390997977644084 ], [ 5.733210480371083, 49.391224771063534 ], [ 5.732748824233899, 49.391612947017506 ], [ 5.732042300613172, 49.392060616572884 ], [ 5.731046756680863, 49.392514809323494 ], [ 5.730624068982515, 49.393378768866043 ], [ 5.730348516173166, 49.394419280192366 ], [ 5.730490085458346, 49.39527049591748 ], [ 5.730858445985568, 49.395720862359482 ], [ 5.731631137110432, 49.396000206793971 ], [ 5.73324863937049, 49.396359387430252 ], [ 5.734169475541777, 49.396833231425369 ], [ 5.735359605198465, 49.397966519445546 ], [ 5.735962084607679, 49.398672395119462 ], [ 5.73563468328541, 49.398994584151396 ], [ 5.734986478519507, 49.399503902972413 ], [ 5.734720733574057, 49.399689787946464 ], [ 5.735022725878386, 49.40018661069621 ], [ 5.735433069825981, 49.401166645736495 ], [ 5.736246353578208, 49.401948694440399 ], [ 5.736559275333562, 49.402391302941894 ], [ 5.737346817091664, 49.402688263352367 ], [ 5.737991547242561, 49.403150339445794 ], [ 5.738138748429192, 49.403326882341737 ], [ 5.738558866236075, 49.403452277205176 ], [ 5.739237092368601, 49.403248049905173 ], [ 5.739773362440912, 49.402966090397449 ], [ 5.740323963419406, 49.402953616828547 ], [ 5.740449665700446, 49.402725924395654 ], [ 5.740720185239126, 49.402629856919134 ], [ 5.74055921231368, 49.402453628929692 ], [ 5.740414394851621, 49.402322003569374 ], [ 5.740476050374366, 49.402185699871765 ], [ 5.740606529460369, 49.402047836627354 ], [ 5.740392889299827, 49.401917770679518 ], [ 5.740520978337648, 49.401734992704405 ], [ 5.741574443474211, 49.401072558405048 ], [ 5.742253104547216, 49.400877296637795 ], [ 5.743282089452858, 49.400791004750992 ], [ 5.743823096646104, 49.400598856118741 ], [ 5.744603605388545, 49.399987554523548 ], [ 5.744902832948802, 49.399396165153391 ], [ 5.745208636905353, 49.398669717738805 ], [ 5.745754996012286, 49.397802899808234 ], [ 5.747161979827669, 49.397312260871686 ], [ 5.748413496667053, 49.397265837270496 ], [ 5.749248412097262, 49.397417743209957 ], [ 5.749319626595467, 49.397461093567081 ], [ 5.750863683167681, 49.397731772980841 ], [ 5.752167535427148, 49.397890979272674 ], [ 5.754426684321323, 49.397875521956088 ], [ 5.756663719848294, 49.39744680759415 ], [ 5.757738893221402, 49.397710099355095 ], [ 5.758317626669733, 49.397966717752645 ], [ 5.759195214628512, 49.398657216095167 ], [ 5.759633921599266, 49.398872053492774 ], [ 5.760471302968936, 49.399068796252386 ], [ 5.761225907564748, 49.399006600370292 ], [ 5.761613019621302, 49.39877291396494 ], [ 5.7620488477857, 49.398933845182135 ], [ 5.763164407647039, 49.399178179479073 ], [ 5.7639281680968, 49.399286641679048 ], [ 5.764778107857293, 49.399716909529026 ], [ 5.765951906579835, 49.399762021316526 ], [ 5.766663037687113, 49.399916639687078 ], [ 5.769621821524, 49.399839924027532 ], [ 5.769963023556078, 49.399778146275672 ], [ 5.77024071877598, 49.399816755379796 ], [ 5.770582403052446, 49.39976395873709 ], [ 5.770914422684955, 49.399531504005992 ], [ 5.77153089913797, 49.399463414464172 ], [ 5.771931248357863, 49.399220396881233 ], [ 5.772109439958049, 49.39894649448928 ], [ 5.772856775788437, 49.398749483172303 ], [ 5.773527549418715, 49.398410319762803 ], [ 5.774149330237289, 49.398441028229321 ], [ 5.774780305125756, 49.398642407666017 ], [ 5.775534886195988, 49.398580122511319 ], [ 5.77621048106162, 49.398330772670157 ], [ 5.776625808917316, 49.398366207554901 ], [ 5.777050822434599, 49.398581297861078 ], [ 5.777532549364726, 49.39857023514768 ], [ 5.777868889524449, 49.39841860660912 ], [ 5.778421855099508, 49.398450873814397 ], [ 5.778839123711554, 49.398522232443788 ], [ 5.779524395519593, 49.398452520811695 ], [ 5.780205302235954, 49.398301959812187 ], [ 5.781237081945232, 49.398269241899918 ], [ 5.78160948485489, 49.398530496435619 ], [ 5.781616760628919, 49.398665238782201 ], [ 5.781828065865316, 49.398750318275425 ], [ 5.782044223089218, 49.398925225578438 ], [ 5.782663103763401, 49.398901993364404 ], [ 5.783194237659341, 49.39853001194696 ], [ 5.783540753993764, 49.398567006811611 ], [ 5.783828161610856, 49.39878524106792 ], [ 5.783835443221802, 49.398919983244177 ], [ 5.784319113964316, 49.398944824757315 ], [ 5.784584676114783, 49.398758830732291 ], [ 5.784842952133225, 49.398438093921847 ], [ 5.785118222967958, 49.398431754876462 ], [ 5.785331961522652, 49.398561742319394 ], [ 5.785810771792533, 49.398496749791541 ], [ 5.786661997086035, 49.397928504393995 ], [ 5.787890493129646, 49.397711316201544 ], [ 5.788428870438729, 49.397474053470063 ], [ 5.789263907080981, 49.39762568320868 ], [ 5.789676805982231, 49.397616159309578 ], [ 5.790469376608852, 49.397238112908234 ], [ 5.791562642767261, 49.397068976976108 ], [ 5.792019523039648, 49.396599733750122 ], [ 5.792631066991405, 49.396441708467876 ], [ 5.793388029661788, 49.3964242258198 ], [ 5.794168865570009, 49.396846895228876 ], [ 5.794785766489601, 49.396787669793291 ], [ 5.795326539516426, 49.396595290081535 ], [ 5.79629677445506, 49.396698776117695 ], [ 5.796579349221804, 49.396827152710877 ], [ 5.796797986855848, 49.397046947903377 ], [ 5.796989480743852, 49.397528198021305 ], [ 5.797488266831609, 49.397831452794996 ], [ 5.797697155603702, 49.397871590816891 ], [ 5.798178871451054, 49.397860445889322 ], [ 5.7986980714829, 49.39752464552268 ], [ 5.799386231973215, 49.397508717911286 ], [ 5.800244830454476, 49.397839608455044 ], [ 5.800794873475004, 49.397817876891622 ], [ 5.802122745364551, 49.397148537468446 ], [ 5.802803568803994, 49.396997849082233 ], [ 5.803909012399526, 49.397053170385277 ], [ 5.805021795133734, 49.397243222723255 ], [ 5.807788936959907, 49.398204334347355 ], [ 5.808783226654882, 49.398747873263815 ], [ 5.809453089390125, 49.399406870233641 ], [ 5.809858159098565, 49.399253554215143 ], [ 5.810709621818819, 49.398694122821198 ], [ 5.811992141267989, 49.398205609429148 ], [ 5.813815325351139, 49.397776455928877 ], [ 5.81340888761638, 49.39714732953383 ], [ 5.812950870857241, 49.396330524692132 ], [ 5.812186626344343, 49.395709716198283 ], [ 5.811626911986896, 49.394796335284568 ], [ 5.812191301393205, 49.393775867351366 ], [ 5.815192405187605, 49.39397586178459 ], [ 5.816652197725041, 49.393456183097996 ], [ 5.817172198624227, 49.393641941443896 ], [ 5.817748725620641, 49.393853362974063 ], [ 5.818405862302677, 49.394278763169488 ], [ 5.818956351167521, 49.394265931671065 ], [ 5.819157868876726, 49.394171292075413 ], [ 5.819793392247393, 49.394453282055267 ], [ 5.820491340954329, 49.394616888509717 ], [ 5.821866152412839, 49.395565179654447 ], [ 5.822156166000759, 49.395828236976698 ], [ 5.822505152860611, 49.395910033774449 ], [ 5.823465582973872, 49.395833648321613 ], [ 5.824003776837645, 49.395596226828715 ], [ 5.824187562534592, 49.395178202391044 ], [ 5.824277832107168, 49.393557139437988 ], [ 5.824195622933384, 49.39230886479308 ], [ 5.824381857563822, 49.391935752164343 ], [ 5.825099860721591, 49.391460273886281 ], [ 5.825640464667734, 49.391267757590285 ], [ 5.827428949130447, 49.391216956227765 ], [ 5.828679306477994, 49.391403574234168 ], [ 5.829809327004134, 49.391907794178657 ], [ 5.830240868702736, 49.391987636651592 ], [ 5.830912222444041, 49.391917955584702 ], [ 5.831376597271329, 49.391592284265599 ], [ 5.830936607386418, 49.391107902406119 ], [ 5.830868060349797, 49.390111144807321 ], [ 5.83074897255606, 49.389448357348094 ], [ 5.831060417500357, 49.388847443680199 ], [ 5.831854334493681, 49.387749538138365 ], [ 5.832247395421916, 49.38738055980545 ], [ 5.832654772005387, 49.387272079130454 ], [ 5.833342785063803, 49.387255958198246 ], [ 5.83481817467961, 49.387527181217834 ], [ 5.835594766198119, 49.387868742832737 ], [ 5.835937787467981, 49.387842709086371 ], [ 5.836384786603196, 49.387202622221487 ], [ 5.837240708654079, 49.386732824074677 ], [ 5.837517889204112, 49.386762296577245 ], [ 5.837821693301949, 49.387024995887899 ], [ 5.837762787015977, 49.387206264830951 ], [ 5.836806845499514, 49.388361980305177 ], [ 5.836961761823098, 49.388673146076556 ], [ 5.837685320947038, 49.389051916078941 ], [ 5.838105564243275, 49.389176967125294 ], [ 5.838324346473358, 49.389396689044027 ], [ 5.839306907601676, 49.389724397934032 ], [ 5.839594501953145, 49.389942501730502 ], [ 5.84029878539621, 49.389970931467694 ], [ 5.841024863899562, 49.390394594290477 ], [ 5.841614940117619, 49.391100272272034 ], [ 5.842341045348237, 49.39152392668224 ], [ 5.843041504391508, 49.391732316762557 ], [ 5.843874129275997, 49.391838657281852 ], [ 5.845937843278757, 49.391781108906741 ], [ 5.846500705977868, 49.391992717710657 ], [ 5.847240129055254, 49.392407035735822 ], [ 5.847756539480442, 49.393024476294741 ], [ 5.848075826810833, 49.393565608829086 ], [ 5.84865312179803, 49.394037702573975 ], [ 5.849727850166246, 49.394534049200139 ], [ 5.851273994829736, 49.395082232127287 ], [ 5.85282597578509, 49.395486349288326 ], [ 5.853417098252478, 49.395958094654475 ], [ 5.853574625553248, 49.396314149378902 ], [ 5.853311490469807, 49.397534587082212 ], [ 5.853856717237987, 49.398421149523138 ], [ 5.854456668522462, 49.398802738263335 ], [ 5.855585111631703, 49.39927078332105 ], [ 5.856255081459855, 49.399920538174271 ], [ 5.856562729651839, 49.400497899367821 ], [ 5.858073508513931, 49.401397609495021 ], [ 5.85919764618246, 49.402531298695465 ], [ 5.859485396186864, 49.402749352198612 ], [ 5.860232263238719, 49.403541174796899 ], [ 5.860725991743749, 49.403745359819951 ], [ 5.862553599418301, 49.404142836778149 ], [ 5.863840636897164, 49.404732972618888 ], [ 5.864202237870387, 49.405039209028935 ], [ 5.864228490534172, 49.405263443659486 ], [ 5.862747304693265, 49.405892130424569 ], [ 5.862378070203309, 49.406440523151453 ], [ 5.862270369401794, 49.406982725619365 ], [ 5.86252056897604, 49.407516458186336 ], [ 5.862589252217402, 49.408504196740203 ], [ 5.862815710463248, 49.408858605722209 ], [ 5.864330618182345, 49.409578256108034 ], [ 5.864842408795295, 49.410105788576288 ], [ 5.865145990109929, 49.410359430289695 ], [ 5.865168477939753, 49.410763636829586 ], [ 5.865117136622358, 49.411079649909141 ], [ 5.865217226212212, 49.411392076125516 ], [ 5.866325972533085, 49.412490083580778 ], [ 5.866873581744175, 49.413412502426752 ], [ 5.867129361401262, 49.414045027365226 ], [ 5.867789664377221, 49.414515061603737 ], [ 5.870191685715202, 49.415564379971691 ], [ 5.870704844774874, 49.41586700024466 ], [ 5.871119877881985, 49.415893127766047 ], [ 5.87147533277178, 49.415839720411348 ], [ 5.871696875149333, 49.416104287095465 ], [ 5.872132451661246, 49.416498684812488 ], [ 5.872372778617927, 49.416852745991704 ], [ 5.872004829666261, 49.417670956601683 ], [ 5.87078550052816, 49.419786538753783 ], [ 5.870512630047803, 49.419837983834725 ], [ 5.869163785611461, 49.420373649944672 ], [ 5.868406497073052, 49.420391606235739 ], [ 5.86809855893172, 49.420803641839058 ], [ 5.866688819967296, 49.4214846277956 ], [ 5.865771741648121, 49.422099963471467 ], [ 5.865455001719459, 49.422602140209534 ], [ 5.865505036528304, 49.423005689145292 ], [ 5.865708996545522, 49.423945237124748 ], [ 5.865549941864019, 49.424803440895055 ], [ 5.865665059526892, 49.425385328813235 ], [ 5.866493204775963, 49.426391035908281 ], [ 5.867452849063525, 49.427033858890191 ], [ 5.868117565488436, 49.427827569981275 ], [ 5.868464308349944, 49.428853666120858 ], [ 5.869366427601991, 49.429947539230305 ], [ 5.869479096498112, 49.430484509496317 ], [ 5.869074694921506, 49.431393500264306 ], [ 5.869046385208002, 49.432122686586382 ], [ 5.86951587713761, 49.432876045838221 ], [ 5.869734979001723, 49.433095700584168 ], [ 5.870130619273345, 49.43376086831217 ], [ 5.870224523449707, 49.4342083411197 ], [ 5.869985380643013, 49.434618742154655 ], [ 5.869641063557617, 49.434626906902913 ], [ 5.868797181171861, 49.434332124101211 ], [ 5.868106548448818, 49.434312517367587 ], [ 5.866897528824922, 49.434889796387097 ], [ 5.8660735854282, 49.435943617769333 ], [ 5.865798124185925, 49.435950140737411 ], [ 5.865235701727978, 49.435756596000502 ], [ 5.864822511179861, 49.435766377360267 ], [ 5.861847166018185, 49.436574273402385 ], [ 5.859725284187102, 49.436858270984978 ], [ 5.858295043203938, 49.437179862154011 ], [ 5.857069704912056, 49.437217787904558 ], [ 5.855571028076275, 49.436803461359645 ], [ 5.854881891673689, 49.43755721892304 ], [ 5.854234208795252, 49.437815329879591 ], [ 5.853460395146478, 49.437788606400886 ], [ 5.853211809589802, 49.43828013675035 ], [ 5.852688239087711, 49.438787141593103 ], [ 5.85225028908035, 49.43934608922735 ], [ 5.851392295554605, 49.440040844874787 ], [ 5.851160439237471, 49.440585938111838 ], [ 5.851111105274073, 49.441936177302196 ], [ 5.851144783617071, 49.442295137580679 ], [ 5.85217755282662, 49.443260128586438 ], [ 5.852985804787331, 49.443906624760466 ], [ 5.855946985985288, 49.446561925821868 ], [ 5.860399456062139, 49.449982375658848 ], [ 5.860475829751952, 49.45011547810789 ], [ 5.857948319959583, 49.451551220599704 ], [ 5.856752060353948, 49.452119080255954 ], [ 5.856157501764918, 49.452591789957744 ], [ 5.859256454040783, 49.452500654521394 ], [ 5.861380981116233, 49.452252597893413 ], [ 5.862337408163227, 49.45208608875312 ], [ 5.862443916710498, 49.451768787932934 ], [ 5.862411439429449, 49.451184959206692 ], [ 5.86415819488294, 49.450595024707667 ], [ 5.865152959794917, 49.449878962161812 ], [ 5.866101056815313, 49.449811550770342 ], [ 5.868397043129291, 49.448929738693863 ], [ 5.869248691104057, 49.448369925566404 ], [ 5.869773698653746, 49.44788980037152 ], [ 5.870804403450387, 49.447325729985636 ], [ 5.869015812382163, 49.445182622050233 ], [ 5.869615676571927, 49.44480864760007 ], [ 5.870524600661965, 49.444535267923627 ], [ 5.871781906032258, 49.444325567680572 ], [ 5.87366486992387, 49.444451765038259 ], [ 5.874990080041083, 49.444717096504426 ], [ 5.876130981640853, 49.445139689571612 ], [ 5.877572022700516, 49.44599583940024 ], [ 5.878418156059559, 49.446326485162643 ], [ 5.879494765371041, 49.446831521245379 ], [ 5.880773510728935, 49.447250792656675 ], [ 5.881051041966236, 49.447280163478069 ], [ 5.880740031573061, 49.448870491966211 ], [ 5.881991982079791, 49.449056547298845 ], [ 5.883114920664497, 49.449155723430593 ], [ 5.885087114821753, 49.449639378583235 ], [ 5.885370201389462, 49.449767540371873 ], [ 5.88571159505972, 49.449705439622207 ], [ 5.886840612319611, 49.449174862720817 ], [ 5.886994673029636, 49.449216158393156 ], [ 5.88694090779759, 49.449487258059662 ], [ 5.886631763756442, 49.450124203650077 ], [ 5.886324609291095, 49.451534575474206 ], [ 5.888765512542863, 49.451764161711196 ], [ 5.890635012934404, 49.45189042292273 ], [ 5.893552458929338, 49.452252436993646 ], [ 5.894317785678801, 49.452369051605181 ], [ 5.894900340181053, 49.452669910322349 ], [ 5.895119129225512, 49.452880532559242 ], [ 5.896641216152846, 49.452961045979926 ], [ 5.897905077620574, 49.453110679060586 ], [ 5.899356263952218, 49.453156879949248 ], [ 5.900679805143419, 49.453386000533982 ], [ 5.901751715109856, 49.453801016870052 ], [ 5.902320551575468, 49.454102169642283 ], [ 5.903649198972219, 49.454421075406053 ], [ 5.905950509086055, 49.454617691712258 ], [ 5.90684048413613, 49.454497393909513 ], [ 5.907529372139294, 49.454480852217785 ], [ 5.911539432985554, 49.455616657043826 ], [ 5.911891508599545, 49.455743099337234 ], [ 5.91317720842746, 49.457007300710828 ], [ 5.912302457040473, 49.457397096227446 ], [ 5.912121198404446, 49.457851152943384 ], [ 5.911290189731438, 49.458770529966031 ], [ 5.911125237448964, 49.45926916171446 ], [ 5.911165895934965, 49.459987697535922 ], [ 5.910565200152786, 49.46010107120069 ], [ 5.909675136915003, 49.460221395633646 ], [ 5.909476066902297, 49.460361087656317 ], [ 5.908813744399586, 49.461825016968838 ], [ 5.908370622473861, 49.462285354900473 ], [ 5.907633036815977, 49.462662823032986 ], [ 5.906225799093654, 49.463155292256502 ], [ 5.905364079348424, 49.463778558694138 ], [ 5.903924483561044, 49.464676498419998 ], [ 5.902969984636139, 49.464879260355957 ], [ 5.902190374312915, 49.465491539237945 ], [ 5.902001397489157, 49.465810851678924 ], [ 5.901436075463234, 49.466552896324188 ], [ 5.900709013897494, 49.467118935515643 ], [ 5.899946558867167, 49.468036574906009 ], [ 5.899355363314489, 49.468320543525643 ], [ 5.898755947374549, 49.468703637312203 ], [ 5.898431650894731, 49.469071149968549 ], [ 5.897914404273796, 49.469443278597609 ], [ 5.896899483175162, 49.469800328618035 ], [ 5.895971285647262, 49.470227245971266 ], [ 5.895514699930325, 49.470696843840628 ], [ 5.89360636219813, 49.472100505608978 ], [ 5.894800194278833, 49.474185500653967 ], [ 5.895204058461656, 49.474985280822871 ], [ 5.895071280971557, 49.475078391515076 ], [ 5.894101391890874, 49.475011632897207 ], [ 5.893487149457085, 49.476114543982582 ], [ 5.89293832985206, 49.47617262150257 ], [ 5.892295840492569, 49.475792243080583 ], [ 5.891345730379443, 49.475095432438394 ], [ 5.891138979670551, 49.47510036763309 ], [ 5.890956109501746, 49.475284606076364 ], [ 5.889517799892211, 49.476461122405723 ], [ 5.889594288204032, 49.47659420262724 ], [ 5.890861586219365, 49.477040627547453 ], [ 5.890623418596721, 49.47746901334709 ], [ 5.890299008781357, 49.477836500698317 ], [ 5.88967405296862, 49.478750775521142 ], [ 5.889748021658763, 49.478838947320078 ], [ 5.890801540488281, 49.47916456188193 ], [ 5.890759024225579, 49.479390417452727 ], [ 5.890648089465501, 49.479626899277129 ], [ 5.890653137977962, 49.479716715137641 ], [ 5.892402987650826, 49.48015160840125 ], [ 5.893576710281293, 49.480159551844245 ], [ 5.89632302676068, 49.480885360285491 ], [ 5.897026944777114, 49.48112934373107 ], [ 5.897363106267915, 49.481705890798054 ], [ 5.898787228166541, 49.48346155493666 ], [ 5.898757401061098, 49.483911950026616 ], [ 5.897129594230359, 49.487116637334836 ], [ 5.897147306281744, 49.487430989268638 ], [ 5.897433161424459, 49.487604024956305 ], [ 5.89765261557262, 49.487823616024883 ], [ 5.897142765783284, 49.488330455766253 ], [ 5.896800623567253, 49.488383604631608 ], [ 5.896382462902359, 49.488312659850948 ], [ 5.89624712357416, 49.488360863086072 ], [ 5.896188307128758, 49.48854214047649 ], [ 5.895543093864532, 49.489097176066736 ], [ 5.895157801584889, 49.489610022678001 ], [ 5.895145639967494, 49.490374765028314 ], [ 5.895411760013463, 49.491177824686297 ], [ 5.89548991625485, 49.492075310489923 ], [ 5.89537479812461, 49.492482770184473 ], [ 5.894504365077638, 49.492962236337796 ], [ 5.89419114550212, 49.493284491282743 ], [ 5.893211755626921, 49.494036354669142 ], [ 5.891991509327729, 49.49443421791235 ], [ 5.891861201856909, 49.494572230258662 ], [ 5.89156361587929, 49.495172902137227 ], [ 5.891458562680905, 49.495759985195129 ], [ 5.891698887815235, 49.496104995922515 ], [ 5.892332025618301, 49.496314722141157 ], [ 5.892952533118631, 49.496299909737616 ], [ 5.893164423406628, 49.496384785669413 ], [ 5.893401083719673, 49.496909750123223 ], [ 5.893676867928821, 49.496903164797274 ], [ 5.894417575408548, 49.496570702865995 ], [ 5.895597368060964, 49.496434594772296 ], [ 5.896845469076219, 49.496530672881022 ], [ 5.897823361566699, 49.496732128770056 ], [ 5.899952636890984, 49.497517585934766 ], [ 5.903254086672771, 49.498274929165774 ], [ 5.905097563240528, 49.498887274856102 ], [ 5.906321049421958, 49.499523457373819 ], [ 5.906743807964094, 49.499918025271221 ], [ 5.906787717103725, 49.499961939552037 ], [ 5.907254750122332, 49.50089505335864 ], [ 5.907322385260844, 49.501846740492546 ], [ 5.90882815197005, 49.501612751038181 ], [ 5.91007386105865, 49.501663785947315 ], [ 5.911888995084067, 49.502015900032113 ], [ 5.9131270820265, 49.501932184408169 ], [ 5.91611508288508, 49.501293730414545 ], [ 5.919637267395828, 49.500336551386908 ], [ 5.920133705923771, 49.500324589964123 ], [ 5.920294055633566, 49.500716442225141 ], [ 5.921115844749552, 49.500597707160154 ], [ 5.922804359862745, 49.499936438632481 ], [ 5.922830918191286, 49.499917810940396 ], [ 5.923588333263941, 49.499395900361669 ], [ 5.924668513114203, 49.498965124416372 ], [ 5.926494838232434, 49.49854330192052 ], [ 5.927581113608105, 49.498220274650414 ], [ 5.930551797466333, 49.500675672220275 ], [ 5.932426034483375, 49.499641037503245 ], [ 5.933988060714986, 49.500637494348879 ], [ 5.934740812878818, 49.500277509998199 ], [ 5.935838023885043, 49.500871493161192 ], [ 5.939944946897957, 49.500969789125882 ], [ 5.943106169860708, 49.500227527187235 ], [ 5.942685938633447, 49.499158493873594 ], [ 5.94194866145219, 49.498339984825847 ], [ 5.942273679455026, 49.497504676089669 ], [ 5.942882925037505, 49.496086866959118 ], [ 5.9437691255293, 49.495165971078769 ], [ 5.944468934716461, 49.495571671778343 ], [ 5.943734930579562, 49.496497868919526 ], [ 5.943371661050512, 49.497388074446867 ], [ 5.946140893057581, 49.497761469105193 ], [ 5.946206424293286, 49.49697742465915 ], [ 5.947574498130684, 49.496755286437519 ], [ 5.948728516623087, 49.496412429614146 ], [ 5.948676091776345, 49.495739176701726 ], [ 5.949694256964036, 49.495435590350397 ], [ 5.95098817739779, 49.49512527963374 ], [ 5.951435841277814, 49.494745633140639 ], [ 5.951929748684968, 49.493969133178382 ], [ 5.953655316924822, 49.493963057040709 ], [ 5.95434936335316, 49.49402708041066 ], [ 5.955344744582931, 49.493328274077584 ], [ 5.956666985940744, 49.493511866868275 ], [ 5.957562165189343, 49.49347203211309 ], [ 5.958036989415733, 49.493325534421515 ], [ 5.960600488823989, 49.49324493669134 ], [ 5.962092490720873, 49.493019601601297 ], [ 5.964637001830166, 49.492849444007923 ], [ 5.964976513737882, 49.492751198228405 ], [ 5.965273228255456, 49.492150344790282 ], [ 5.965604963424648, 49.491917379934414 ], [ 5.965918561681541, 49.49137007382302 ], [ 5.966401115570469, 49.491358260331985 ], [ 5.967240790429276, 49.491553551674649 ], [ 5.968017238205641, 49.491849318406288 ], [ 5.968634558229917, 49.491780231725301 ], [ 5.969647339613998, 49.491386665069541 ], [ 5.969973045087351, 49.491288743061673 ], [ 5.971783320923805, 49.491316305603704 ], [ 5.972379573015241, 49.491121802164493 ], [ 5.972708672918313, 49.490843911954556 ], [ 5.972892109537845, 49.490434686825274 ], [ 5.973714217289268, 49.489371221248845 ], [ 5.97381751861538, 49.489008930073204 ], [ 5.972630600857936, 49.488777235121553 ], [ 5.971573772411441, 49.48840742974923 ], [ 5.97040696449643, 49.487806470791973 ], [ 5.969755976228447, 49.487291790511776 ], [ 5.968593148802858, 49.486519832930135 ], [ 5.968646522422527, 49.486248708165228 ], [ 5.969873776250119, 49.48431191937248 ], [ 5.971167946303368, 49.483057010245787 ], [ 5.972426246558408, 49.483331935804827 ], [ 5.972853583336974, 49.483321449485906 ], [ 5.973322886688647, 49.482365566672605 ], [ 5.974308155744353, 49.481738783740887 ], [ 5.974475962139613, 49.481060115584519 ], [ 5.974918654142614, 49.480599545502642 ], [ 5.974633543697184, 49.477818409245891 ], [ 5.974173289387958, 49.477020250489204 ], [ 5.973066563518871, 49.476022103159757 ], [ 5.972342862288901, 49.475680104279569 ], [ 5.971434512286305, 49.475486535558119 ], [ 5.969842209261611, 49.475399672515415 ], [ 5.969969665677698, 49.475216667023005 ], [ 5.971010488427679, 49.474597535391389 ], [ 5.971556608225952, 49.474494197737101 ], [ 5.972087155404195, 49.47412141874662 ], [ 5.972180057089695, 49.473579496861547 ], [ 5.971995523483295, 49.472774561404854 ], [ 5.972189394854379, 49.471591583029245 ], [ 5.972351199747779, 49.47104796838039 ], [ 5.972229583721635, 49.470376398065092 ], [ 5.971753057343227, 49.469533655115228 ], [ 5.972879026350057, 49.468957381252451 ], [ 5.973072766143825, 49.468727772947972 ], [ 5.973454247392417, 49.468403613822147 ], [ 5.973833927137727, 49.467809674464959 ], [ 5.973961430983862, 49.466673285662161 ], [ 5.973943856877557, 49.465414540394278 ], [ 5.974171927926992, 49.464824320596982 ], [ 5.974977223273461, 49.463716248020866 ], [ 5.975488659918541, 49.463253974363049 ], [ 5.97580977160194, 49.462841346333747 ], [ 5.97683492169744, 49.462672241972349 ], [ 5.977628676813913, 49.462319941467918 ], [ 5.978347544574431, 49.4616276984842 ], [ 5.978654844095933, 49.461215401104745 ], [ 5.979126710137292, 49.461023908627347 ], [ 5.979815141743195, 49.460997974552498 ], [ 5.980863660364568, 49.461232998418794 ], [ 5.981532098375139, 49.461576308989223 ], [ 5.982399537711053, 49.463209878181239 ], [ 5.982550351934429, 49.463431018201156 ], [ 5.98494250777377, 49.463039288763817 ], [ 5.987652292967794, 49.46241481913237 ], [ 5.987997118933395, 49.46146191737261 ], [ 5.987944953827068, 49.460563781612251 ], [ 5.98746565324091, 49.459676184567286 ], [ 5.986700151375834, 49.458849610821119 ], [ 5.986287172457527, 49.457915401080591 ], [ 5.986125787528175, 49.45656124826651 ], [ 5.985734206847489, 49.455995272384101 ], [ 5.985588612554696, 49.455863948718694 ], [ 5.98504323968513, 49.455976333141052 ], [ 5.982290903371537, 49.457051516856218 ], [ 5.981874961843877, 49.457016790311791 ], [ 5.979986561616776, 49.455858055535323 ], [ 5.978956865218476, 49.454992965044944 ], [ 5.978634520125349, 49.454191413222766 ], [ 5.978645432826967, 49.45342663256065 ], [ 5.9790025885451, 49.452923159977409 ], [ 5.982057024321985, 49.45111206313031 ], [ 5.982054421729577, 49.451067155728374 ], [ 5.982536594108971, 49.451055277478211 ], [ 5.988987531307048, 49.453333635628489 ], [ 5.99012068532614, 49.453602466180101 ], [ 5.991253650071116, 49.454105143170366 ], [ 5.992056505520649, 49.454624962840001 ], [ 5.994468865109893, 49.455536706492204 ], [ 5.996942874265848, 49.456320956892867 ], [ 5.997451428254258, 49.456524231026364 ], [ 6.000081236439336, 49.456665964685349 ], [ 6.000904757096795, 49.45659158982523 ], [ 6.002017015272861, 49.455790503253716 ], [ 6.007054154991868, 49.452031768892084 ], [ 6.007316560566285, 49.45180039061006 ], [ 6.007589463344758, 49.451748638993735 ], [ 6.009170639598022, 49.452599792945463 ], [ 6.01094474338726, 49.453446128709629 ], [ 6.011632531861188, 49.453411032274531 ], [ 6.012512247038377, 49.453119312689005 ], [ 6.013703653004852, 49.452496028394975 ], [ 6.013910300927031, 49.452490883961332 ], [ 6.015895163221023, 49.453871567562707 ], [ 6.017492145052217, 49.454047640470328 ], [ 6.018738917393872, 49.454133486652736 ], [ 6.020206055471866, 49.454447678226735 ], [ 6.021713952501877, 49.454985696000861 ], [ 6.02261949143719, 49.455133985803251 ], [ 6.02406609390627, 49.45509786098625 ], [ 6.026019893489488, 49.45453635882312 ], [ 6.026366431403543, 49.454563674587369 ], [ 6.027460517059556, 49.455336827330683 ], [ 6.027828731601927, 49.455732369728459 ], [ 6.028308293858987, 49.455675403138336 ], [ 6.029725290159851, 49.455136261427604 ], [ 6.029698291229892, 49.45491207531331 ], [ 6.028750439583201, 49.454045338750923 ], [ 6.027875696478823, 49.453482578565101 ], [ 6.027059815879497, 49.452747445283023 ], [ 6.026415168042755, 49.451639251958817 ], [ 6.026298745092247, 49.450832658066098 ], [ 6.026433500678539, 49.449839894033005 ], [ 6.027047750582045, 49.44879016674809 ], [ 6.027483882088554, 49.448230594030612 ], [ 6.027692625313819, 49.448261351304716 ], [ 6.028058148436811, 49.448611989523926 ], [ 6.029274026775409, 49.449112246024335 ], [ 6.030670092131593, 49.449392110992413 ], [ 6.031223231722005, 49.449414239616871 ], [ 6.033630779763295, 49.44929996271712 ], [ 6.036842584044077, 49.448787692534452 ], [ 6.03847653644435, 49.448422885840408 ], [ 6.042150750919222, 49.447799923398335 ], [ 6.042379117347034, 49.44792910294403 ], [ 6.043545017370571, 49.449914582815616 ], [ 6.043813736463073, 49.4504924740788 ], [ 6.044442311340287, 49.451556016584334 ], [ 6.045923545167994, 49.453038838800424 ], [ 6.046730811414679, 49.45432273627727 ], [ 6.047248319384539, 49.455838784537235 ], [ 6.04834085015634, 49.457511248494335 ], [ 6.049044287560497, 49.458437960821691 ], [ 6.04975739845478, 49.459760183708184 ], [ 6.051396734764687, 49.462273320635056 ], [ 6.051932736710861, 49.462934398975932 ], [ 6.052176723924206, 49.463557863321135 ], [ 6.052319845301268, 49.463644200541573 ], [ 6.052637989581962, 49.464121882680885 ], [ 6.053491407883255, 49.464550089383792 ], [ 6.05540800273421, 49.464987446568578 ], [ 6.056897022848649, 49.465660430767102 ], [ 6.057771222459606, 49.466205011829949 ], [ 6.058319748548929, 49.46614618727213 ], [ 6.06211193414966, 49.465168891768897 ], [ 6.064288442375986, 49.464870981533267 ], [ 6.067332636726575, 49.464775918762172 ], [ 6.069208401697375, 49.464989231318917 ], [ 6.071108149596993, 49.465372803410865 ], [ 6.072146445805596, 49.465427416918452 ], [ 6.072686899979822, 49.465233813046062 ], [ 6.072998830321167, 49.464911087766957 ], [ 6.073413134947868, 49.463992121394341 ], [ 6.073526779480463, 49.463584480893942 ], [ 6.07497573086972, 49.463583672257023 ], [ 6.076705098128764, 49.463656672872602 ], [ 6.078570111334749, 49.463690221890658 ], [ 6.079691056087718, 49.463742668867482 ], [ 6.079920595405058, 49.463197154121232 ], [ 6.080032504431861, 49.462069980398226 ], [ 6.080336637045587, 49.461387646633639 ], [ 6.079948823237904, 49.460902807305814 ], [ 6.079730053860788, 49.459784042160045 ], [ 6.079893172432578, 49.459051326446449 ], [ 6.079998018243088, 49.458958712835866 ], [ 6.081177530508058, 49.458838755335016 ], [ 6.081299170812499, 49.458565819867736 ], [ 6.083442991788125, 49.457728704622575 ], [ 6.084355407184368, 49.457066841159637 ], [ 6.084601021267901, 49.45679074292223 ], [ 6.085016491378362, 49.456816135733405 ], [ 6.085019184086818, 49.456861040602931 ], [ 6.085360921445079, 49.456807358745159 ], [ 6.085818882696123, 49.45639092554471 ], [ 6.086331944420332, 49.455973085596455 ], [ 6.086254978338417, 49.455840126963487 ], [ 6.08604293718564, 49.455755585009655 ], [ 6.086236122305263, 49.455525792671125 ], [ 6.087291618587105, 49.454950203295127 ], [ 6.088104204088581, 49.454695615828555 ], [ 6.089404353250031, 49.454518529000026 ], [ 6.09209807839618, 49.454341821566722 ], [ 6.092366379240542, 49.453066707394285 ], [ 6.095887131509366, 49.453336513388713 ], [ 6.098192336709371, 49.453124629101687 ], [ 6.100813289621214, 49.452886623683852 ], [ 6.100870366949406, 49.45360474591088 ], [ 6.101712642026114, 49.453844018204045 ], [ 6.101690563415422, 49.454393266537267 ], [ 6.100862021022488, 49.456213447705707 ], [ 6.100908276415775, 49.456751949241024 ], [ 6.101450270800831, 49.45750262132632 ], [ 6.101400333663909, 49.457818717200283 ], [ 6.100617780363526, 49.45834246689023 ], [ 6.09994784547533, 49.458674437803715 ], [ 6.099490519316443, 49.459099904263113 ], [ 6.099343621783107, 49.459868217138954 ], [ 6.098701501912283, 49.460433330688744 ], [ 6.098604546691088, 49.460885547955868 ], [ 6.098897492674003, 49.462083342223359 ], [ 6.098867265201363, 49.462497872258311 ], [ 6.098020332074393, 49.463329067167294 ], [ 6.097870696219656, 49.464052470477817 ], [ 6.09812631986131, 49.464630584695492 ], [ 6.099265237985201, 49.465896673080316 ], [ 6.099444161061085, 49.466575688354027 ], [ 6.099514763991853, 49.46751832061458 ], [ 6.099977125158081, 49.468091137987322 ], [ 6.10076156047111, 49.46851179274325 ], [ 6.102548485113139, 49.469077661573877 ], [ 6.102694415100745, 49.469208842616005 ], [ 6.102079298207037, 49.470223006573704 ], [ 6.103494214634566, 49.470798390694483 ], [ 6.10539497462276, 49.471190403427379 ], [ 6.106309938611655, 49.471256884826893 ], [ 6.10750790484856, 49.471666889456834 ], [ 6.108375143033009, 49.472085371567864 ], [ 6.109143963308395, 49.472245529417883 ], [ 6.110876929277617, 49.472371925829179 ], [ 6.111616569114907, 49.472505833814147 ], [ 6.112136103219066, 49.472195660420873 ], [ 6.112581290708634, 49.471797448630447 ], [ 6.112907526976793, 49.471258377590885 ], [ 6.11376848636701, 49.470660584323838 ], [ 6.114081636441219, 49.47058956948058 ], [ 6.114668767478329, 49.470484523467327 ], [ 6.115864606038023, 49.470858523007735 ], [ 6.11661638527004, 49.470965104040445 ], [ 6.118188857189879, 49.471176477958508 ], [ 6.120299021429248, 49.471832709347709 ], [ 6.122012312026644, 49.472544110022802 ], [ 6.123474712997803, 49.473441852090978 ], [ 6.123493803074785, 49.473756174385514 ], [ 6.122922864673976, 49.474355553046671 ], [ 6.122426124307777, 49.475267829354586 ], [ 6.122332075907862, 49.475764961341731 ], [ 6.122731307596778, 49.476429269288374 ], [ 6.124215655457573, 49.477686222655826 ], [ 6.124838038365396, 49.478614606971192 ], [ 6.125256427533779, 49.479593224581834 ], [ 6.126782430705211, 49.48153266423973 ], [ 6.127065227220926, 49.482550752526109 ], [ 6.127060935785924, 49.485204275722644 ], [ 6.126400309125737, 49.490006442877949 ], [ 6.126586906395153, 49.490577278811998 ], [ 6.127209488080795, 49.491505637767851 ], [ 6.12765261337131, 49.492888352623524 ], [ 6.127856173539953, 49.493737577821292 ], [ 6.128194832350862, 49.493629894793926 ], [ 6.129907165498994, 49.492497333063085 ], [ 6.130847058623672, 49.492059299320523 ], [ 6.131219513255382, 49.4915999460626 ], [ 6.131572268195518, 49.490817295993935 ], [ 6.132159809959003, 49.490262433202233 ], [ 6.132749969937948, 49.489977336740047 ], [ 6.133783353880999, 49.489941616202962 ], [ 6.135350811957674, 49.490512693183639 ], [ 6.137533743197659, 49.490986861603204 ], [ 6.139291615381639, 49.491283119600773 ], [ 6.141673110061181, 49.49184201569885 ], [ 6.141877158806554, 49.491791751301975 ], [ 6.141789281978295, 49.49057975746706 ], [ 6.141369940202562, 49.489592228397711 ], [ 6.1410392927609, 49.488926204422647 ], [ 6.140800353115549, 49.487727117979951 ], [ 6.140789661306996, 49.486648037457599 ], [ 6.140982717845515, 49.486418165650541 ], [ 6.142095924527188, 49.486560195628542 ], [ 6.143810006992854, 49.487271276555923 ], [ 6.144611624503029, 49.487736182779024 ], [ 6.144834879852542, 49.488000227203798 ], [ 6.145501961932289, 49.488522587960482 ], [ 6.14662896741023, 49.488889085664042 ], [ 6.147356210504683, 49.489265959385222 ], [ 6.147576737552666, 49.489485096454615 ], [ 6.149315231161605, 49.490366365972207 ], [ 6.151081931786497, 49.491031005888125 ], [ 6.152851449148089, 49.491515654281656 ], [ 6.152925886910316, 49.491603663717811 ], [ 6.15273554659047, 49.492777921799146 ], [ 6.153102254226109, 49.492903298518854 ], [ 6.155414490057061, 49.493454737263725 ], [ 6.155828085954918, 49.493443964991293 ], [ 6.15628028908873, 49.492937479338003 ], [ 6.157015374073632, 49.491641084047991 ], [ 6.15736002490158, 49.491632102682686 ], [ 6.159179248088618, 49.492025418264426 ], [ 6.160590433616354, 49.492519299121895 ], [ 6.162167106046436, 49.493233712089776 ], [ 6.162318780783354, 49.493454620456681 ], [ 6.162299518063621, 49.493814910486989 ], [ 6.161426032944203, 49.494206487250423 ], [ 6.160847026945806, 49.494671327184818 ], [ 6.160094881359861, 49.495689353579579 ], [ 6.159430915480939, 49.496120422466532 ], [ 6.158474086347171, 49.496280288005316 ], [ 6.157622592157229, 49.49680618064103 ], [ 6.156902889857767, 49.497454557587595 ], [ 6.155787165229659, 49.499075666559477 ], [ 6.155089464646823, 49.49985837549373 ], [ 6.154954338142797, 49.499906866714987 ], [ 6.154767356345035, 49.500235539904452 ], [ 6.15430680762464, 49.500607312384936 ], [ 6.153815893800367, 49.50138462864075 ], [ 6.154665232241491, 49.50239689551065 ], [ 6.155249287805072, 49.503811823832706 ], [ 6.155765001456073, 49.504113204423554 ], [ 6.15688690583847, 49.504389798580121 ], [ 6.158910651023916, 49.50450795968149 ], [ 6.15961061364957, 49.504660608615836 ], [ 6.16104477689455, 49.505297800321692 ], [ 6.161182121220779, 49.505285223212482 ], [ 6.161419267183162, 49.504874281661131 ], [ 6.161653073660323, 49.504184594745752 ], [ 6.161851627296217, 49.504044495791632 ], [ 6.162201885558116, 49.504125302397021 ], [ 6.164705114916145, 49.505301209478141 ], [ 6.167040676473954, 49.505995740877488 ], [ 6.169036535103981, 49.50678006305349 ], [ 6.170410233171683, 49.507553646870001 ], [ 6.171115812499844, 49.50779602972802 ], [ 6.174526582806705, 49.509793480543223 ], [ 6.175648712022427, 49.510069899352708 ], [ 6.176335478843107, 49.510006929873001 ], [ 6.176536790359698, 49.509911707964847 ], [ 6.176169481100963, 49.508662091869766 ], [ 6.176202442565972, 49.508301444151058 ], [ 6.177874781286964, 49.506530638594072 ], [ 6.178078852910874, 49.506480314081486 ], [ 6.179074139400726, 49.506939919580844 ], [ 6.179634072402432, 49.507060149589911 ], [ 6.17971135653398, 49.507193041306579 ], [ 6.180794970390148, 49.507740261865237 ], [ 6.181415528521198, 49.507723973293295 ], [ 6.182300212219836, 49.507511859060173 ], [ 6.184084023321331, 49.507321091826412 ], [ 6.18612636234563, 49.506844667130544 ], [ 6.186528923607455, 49.506654189795775 ], [ 6.188221037162525, 49.506321856592315 ], [ 6.189459327587969, 49.50624430014706 ], [ 6.190889405866211, 49.50591882473482 ], [ 6.191721802253078, 49.505977857065389 ], [ 6.1923562806909, 49.506186012590184 ], [ 6.192910657507725, 49.506216381389741 ], [ 6.193025679631956, 49.505844568229413 ], [ 6.193651791268803, 49.50591801701038 ], [ 6.194424173341215, 49.506122527692334 ], [ 6.194975201127679, 49.506099007103764 ], [ 6.19554006838495, 49.505409510269203 ], [ 6.195746910202729, 49.505404055930747 ], [ 6.199276069479406, 49.506183427701359 ], [ 6.201534238147168, 49.506735434699124 ], [ 6.202579102589231, 49.506878727397101 ], [ 6.203334742658351, 49.506813782716897 ], [ 6.205156248919303, 49.50634286899264 ], [ 6.206526247278038, 49.506162711789905 ], [ 6.208243776909946, 49.506018312835074 ], [ 6.210542372683489, 49.506110350663398 ], [ 6.211938162141261, 49.506343208464088 ], [ 6.214703378442693, 49.506386820690807 ], [ 6.216239338500906, 49.506651890503427 ], [ 6.216733217184886, 49.506818678448667 ], [ 6.216597150314724, 49.508396378673147 ], [ 6.216199702173598, 49.509108519490553 ], [ 6.217061674541307, 49.509859192641024 ], [ 6.218029258133163, 49.509869484224573 ], [ 6.21847282653158, 49.509452940605954 ], [ 6.219700731975594, 49.509429320908467 ], [ 6.219798126093692, 49.508779108431952 ], [ 6.224993431775953, 49.509684370119011 ], [ 6.22681944899396, 49.510166460708845 ], [ 6.227092439574356, 49.510114218069795 ], [ 6.227808049520998, 49.509411554966086 ], [ 6.228152242866901, 49.509393392702464 ], [ 6.228640544743926, 49.509470333619845 ], [ 6.230366589832321, 49.509460318853826 ], [ 6.232359967412573, 49.50930822712747 ], [ 6.233566391674569, 49.50894323513635 ], [ 6.235638619129007, 49.5080693949836 ], [ 6.235853948681012, 49.508198568958598 ], [ 6.237199824390981, 49.510267426367584 ], [ 6.237511487705336, 49.510609900968397 ], [ 6.23790717411357, 49.511408867700254 ], [ 6.238371471009344, 49.511981128359949 ], [ 6.23855006796181, 49.513280608764923 ], [ 6.238936941511942, 49.513720012873598 ], [ 6.239930080888339, 49.514134216509731 ], [ 6.240294687038102, 49.51443928906285 ], [ 6.240509488661185, 49.514559474162141 ], [ 6.240713530780681, 49.514509044701256 ], [ 6.240944051772177, 49.513783293806291 ], [ 6.240887783162321, 49.51311018482275 ], [ 6.240630313763948, 49.512532403655548 ], [ 6.240607661748911, 49.512173215029698 ], [ 6.240932613055358, 49.511849706092093 ], [ 6.241409628703823, 49.511747000993289 ], [ 6.242104835434367, 49.511818354944921 ], [ 6.243482785167055, 49.511763497317965 ], [ 6.244370116771505, 49.511595829799091 ], [ 6.244888110228405, 49.511267141640431 ], [ 6.245397202873932, 49.510578893502803 ], [ 6.245918725646456, 49.509431569085251 ], [ 6.246372450754118, 49.508960675550497 ], [ 6.247455225364397, 49.508607849421175 ], [ 6.248072934822609, 49.508546321135285 ], [ 6.248902600645262, 49.508560062148234 ], [ 6.252135650132263, 49.509444801847096 ], [ 6.255378757043554, 49.510050343937664 ], [ 6.256413026994873, 49.510022558481474 ], [ 6.25667119070692, 49.509736777917048 ], [ 6.256972384563785, 49.508604313361985 ], [ 6.25747275116865, 49.50778131724423 ], [ 6.258386089915575, 49.507154099816411 ], [ 6.259133121221056, 49.506954112166589 ], [ 6.259822591774385, 49.506935568098378 ], [ 6.260591833648431, 49.5070857789282 ], [ 6.261416350369566, 49.50701861727034 ], [ 6.261887010770458, 49.506817054673554 ], [ 6.262304546510393, 49.505996263894595 ], [ 6.262454841135878, 49.505317590899558 ], [ 6.262417219190671, 49.504724931594517 ], [ 6.262848981710645, 49.504128629450371 ], [ 6.263322460905703, 49.503971959112121 ], [ 6.264841485925079, 49.503967023189858 ], [ 6.26671663993065, 49.50413236963594 ], [ 6.267765058463621, 49.504328979031335 ], [ 6.269862567890462, 49.504515266357572 ], [ 6.27071796402209, 49.504717058868138 ], [ 6.27180384329396, 49.504633775418434 ], [ 6.272688672214392, 49.504429980780785 ], [ 6.273722247750499, 49.504393067875071 ], [ 6.274181966523305, 49.504020843764913 ], [ 6.2742394675343, 49.503839388137941 ], [ 6.276479020413293, 49.503437040885863 ], [ 6.276757649886851, 49.503474482421275 ], [ 6.276973063458077, 49.503603584017988 ], [ 6.279098229910085, 49.503357197879616 ], [ 6.279563057486964, 49.503065769590492 ], [ 6.27951775477928, 49.502572263230455 ], [ 6.279913632820799, 49.502282699135606 ], [ 6.279965381083946, 49.502011444108916 ], [ 6.279724718492273, 49.501703128048547 ], [ 6.279704663211171, 49.501388840664269 ], [ 6.280585392893213, 49.50112213016385 ], [ 6.281391413825201, 49.500983368395126 ], [ 6.281486235652205, 49.500737931113136 ], [ 6.281255888666961, 49.500591251203566 ], [ 6.280773897481777, 49.500613297507755 ], [ 6.280313210005212, 49.500319934479968 ], [ 6.280065103566333, 49.499894883034777 ], [ 6.280025529218313, 49.499491171720109 ], [ 6.279234151678496, 49.498127334977596 ], [ 6.279420330150423, 49.497798469471228 ], [ 6.279177399064284, 49.497454232161914 ], [ 6.279349825980679, 49.496909854028722 ], [ 6.27888807327317, 49.496382639262471 ], [ 6.278917442518613, 49.495977060532688 ], [ 6.279392091386804, 49.494974741433957 ], [ 6.279778744573667, 49.494541499987754 ], [ 6.280101012088195, 49.494397847233493 ], [ 6.280569191459875, 49.494160290467349 ], [ 6.281183248647772, 49.494044714275482 ], [ 6.281642820929933, 49.493672457618395 ], [ 6.281812889140853, 49.493308041377524 ], [ 6.282421772871174, 49.493111641386498 ], [ 6.284485011111491, 49.492983761695186 ], [ 6.285610807110097, 49.493313046010655 ], [ 6.286777968492142, 49.493857084179965 ], [ 6.287355238040404, 49.49424620877879 ], [ 6.287992255825689, 49.494489785114936 ], [ 6.288747605583442, 49.494424307302296 ], [ 6.289218043598006, 49.494222635820705 ], [ 6.28960001118229, 49.493717525317138 ], [ 6.28955462040549, 49.493224017610274 ], [ 6.289192745371428, 49.492963984449624 ], [ 6.288980792862731, 49.492888781137253 ], [ 6.288717716369069, 49.492446158780567 ], [ 6.288743556710276, 49.491770810918744 ], [ 6.28859421640205, 49.491594959090406 ], [ 6.288174920016876, 49.491516387363866 ], [ 6.287769982455174, 49.491662306696888 ], [ 6.287302433304151, 49.491908871626684 ], [ 6.286348951494458, 49.49211464546508 ], [ 6.285381688585425, 49.492104898828536 ], [ 6.284600549559611, 49.491766268821294 ], [ 6.284448354811306, 49.491545513307265 ], [ 6.284512178637854, 49.490599279027059 ], [ 6.285380682839667, 49.489496294204841 ], [ 6.285599546599206, 49.488815710978827 ], [ 6.28597059510499, 49.488355881471151 ], [ 6.286372067612889, 49.488156089173394 ], [ 6.28786994913885, 49.487827593920947 ], [ 6.288861247987, 49.487350918157048 ], [ 6.289254658242267, 49.487025399734947 ], [ 6.28943785977124, 49.48665161610743 ], [ 6.289354577875139, 49.486428994004591 ], [ 6.289148396911028, 49.486443587884409 ], [ 6.288476442713952, 49.486731691515033 ], [ 6.288060057643245, 49.486698017697485 ], [ 6.287552360054484, 49.486316002575833 ], [ 6.287662057507622, 49.486088141917485 ], [ 6.288057762848256, 49.485798545960343 ], [ 6.288408665540295, 49.48502441577736 ], [ 6.288738888643052, 49.484790566731007 ], [ 6.289008809380131, 49.484693284433831 ], [ 6.289970187513689, 49.48461320462377 ], [ 6.290865520597687, 49.484579888275057 ], [ 6.291083189671347, 49.484744886508622 ], [ 6.29146513706562, 49.485319207507054 ], [ 6.291702918754984, 49.485582607133367 ], [ 6.291657056109481, 49.486807222078312 ], [ 6.291978139588029, 49.487293241096097 ], [ 6.292416941959318, 49.487461222594789 ], [ 6.293389296025208, 49.487551730570047 ], [ 6.293871734735457, 49.487538613506779 ], [ 6.294308166883111, 49.487023005511695 ], [ 6.294509169847407, 49.48692758543767 ], [ 6.295135195619236, 49.48700051165897 ], [ 6.296047837810061, 49.487236548406891 ], [ 6.296923204209931, 49.487752449400304 ], [ 6.297726827489979, 49.48844120924776 ], [ 6.298240340477731, 49.488697090056135 ], [ 6.298650986681373, 49.488640932052917 ], [ 6.299173588328796, 49.488392820864242 ], [ 6.299230983707873, 49.488211350260492 ], [ 6.299291260056317, 49.488074777996317 ], [ 6.299268209202562, 49.487715590707971 ], [ 6.298809791985916, 49.487242324622407 ], [ 6.29787335799463, 49.485774588231308 ], [ 6.297368936682416, 49.484798826777499 ], [ 6.296345285727256, 49.483261487904834 ], [ 6.296276371746643, 49.483263363303898 ], [ 6.295538884060586, 49.482527816203707 ], [ 6.29512586506672, 49.481684488367037 ], [ 6.295135560898466, 49.481189476409327 ], [ 6.296160460658134, 49.480163096409889 ], [ 6.296571041016304, 49.480106944925417 ], [ 6.297147616987969, 49.480271159441799 ], [ 6.297222285197068, 49.4803590812108 ], [ 6.298186449526677, 49.480323834681684 ], [ 6.298787096117633, 49.480217522613906 ], [ 6.299105141994188, 49.479795069049956 ], [ 6.299572524490421, 49.479548455308191 ], [ 6.299980214721844, 49.479447393415192 ], [ 6.300503292962566, 49.479208253746371 ], [ 6.30173441766653, 49.479030771035575 ], [ 6.302807530698273, 49.478542742619304 ], [ 6.303347252385673, 49.478348113415741 ], [ 6.303528654243729, 49.47816325576796 ], [ 6.3042390055922, 49.478260819497379 ], [ 6.304928075260708, 49.478242018363794 ], [ 6.305425142758837, 49.47759876815168 ], [ 6.305613965816865, 49.477314753783659 ], [ 6.305820682818473, 49.477309111503722 ], [ 6.306977378555795, 49.477907219422796 ], [ 6.30809639007519, 49.47899210347893 ], [ 6.310788217998895, 49.479845088620081 ], [ 6.312489363480976, 49.480320315520359 ], [ 6.312762108536778, 49.480267878323495 ], [ 6.314990300981584, 49.477139433472004 ], [ 6.315684562820226, 49.477201388573697 ], [ 6.316037774671362, 49.477326651557767 ], [ 6.316422143721028, 49.477720927201531 ], [ 6.3168597857852, 49.477870862573042 ], [ 6.318237904929251, 49.477833112846071 ], [ 6.318737053228418, 49.478080307684152 ], [ 6.318943771863808, 49.478074643023348 ], [ 6.319941998557946, 49.477498553727408 ], [ 6.320953098807438, 49.477335899250306 ], [ 6.321804778827323, 49.476628877559811 ], [ 6.322390248845507, 49.476288976184904 ], [ 6.323586405265751, 49.475572489450357 ], [ 6.324508235009557, 49.475097406668752 ], [ 6.324840552646009, 49.474899375492114 ], [ 6.32474974256847, 49.474775929775397 ], [ 6.32445962326297, 49.474559003494363 ], [ 6.327644523593365, 49.472150652596 ], [ 6.328140756284259, 49.472352911741439 ], [ 6.328416349060642, 49.472345337346475 ], [ 6.328863760638613, 49.47179329881444 ], [ 6.329463378639931, 49.470607375026475 ], [ 6.329626636871388, 49.470144105679552 ], [ 6.330099599883771, 49.469987168753505 ], [ 6.332696656431224, 49.469591874923644 ], [ 6.332828625894396, 49.469498285581409 ], [ 6.333777653066795, 49.466890384918912 ], [ 6.334569605180927, 49.467183429192112 ], [ 6.336991511957387, 49.46813322883667 ], [ 6.338555309456634, 49.468620872663855 ], [ 6.339720072495916, 49.468489799876352 ], [ 6.340340105737825, 49.46847269727742 ], [ 6.342193523001776, 49.469168203884095 ], [ 6.342469096649763, 49.469160597500775 ], [ 6.344220845683429, 49.46765491372949 ], [ 6.344556543050287, 49.467510704883338 ], [ 6.344723980480055, 49.467326163968004 ], [ 6.346441767515414, 49.466361128806568 ], [ 6.347113131041917, 49.466072697445561 ], [ 6.347110209177818, 49.466027799102044 ], [ 6.347936292731034, 49.465995964780241 ], [ 6.348797201013827, 49.466287011527974 ], [ 6.349809934771192, 49.466789752040619 ], [ 6.352601819919469, 49.467270223822332 ], [ 6.35294334531569, 49.46721578799027 ], [ 6.353270233488418, 49.46693686046445 ], [ 6.355030962763889, 49.465574691051046 ], [ 6.357496297049172, 49.46359022972937 ], [ 6.359779427641417, 49.461988593936177 ], [ 6.360246944181213, 49.46175072109471 ], [ 6.361545991311378, 49.460932013187083 ], [ 6.364391072331403, 49.459485597807088 ], [ 6.367264434091848, 49.459738564537318 ], [ 6.368856903084746, 49.459820205702997 ], [ 6.368293599192189, 49.461545115098957 ], [ 6.366840149589413, 49.465696688295587 ], [ 6.366671503793295, 49.466915826164474 ], [ 6.367062797106403, 49.468254331449003 ], [ 6.367677763097647, 49.469424687655376 ], [ 6.371987622802258, 49.468630053797348 ], [ 6.371864342322636, 49.466960244641051 ], [ 6.371944189465778, 49.466283325762411 ], [ 6.372144967377486, 49.466187774809931 ], [ 6.374279913736178, 49.466119301273793 ], [ 6.37505598113925, 49.464694300910828 ], [ 6.375187860994005, 49.464600664942488 ], [ 6.37635479745034, 49.464505157599412 ], [ 6.376831103298788, 49.464401914575703 ], [ 6.377863799332278, 49.464364112297176 ], [ 6.379617800717218, 49.464800949213945 ], [ 6.38041883416232, 49.465228387210374 ], [ 6.380361750732583, 49.465409900746202 ], [ 6.379974983291343, 49.465825517523093 ], [ 6.37980865154256, 49.466234979759754 ], [ 6.38104214322627, 49.466101586470977 ], [ 6.382938914764494, 49.465769730502004 ], [ 6.385431451639669, 49.465682071999474 ], [ 6.387995751538816, 49.465007612071773 ], [ 6.388672780520739, 49.464808744854956 ], [ 6.391962714585446, 49.464464732881105 ], [ 6.39326205534111, 49.464284387738076 ], [ 6.394438432798277, 49.464332377575609 ], [ 6.396974766311194, 49.464908960987977 ], [ 6.401631194064872, 49.466235596365507 ], [ 6.402001286897196, 49.466405120158086 ], [ 6.402342754232257, 49.466350545035446 ], [ 6.403199557807015, 49.465948629970327 ], [ 6.407623710243865, 49.467515467600464 ], [ 6.408910725838818, 49.46818993290384 ], [ 6.411681846066626, 49.469803154048343 ], [ 6.412178981914758, 49.470014048750585 ], [ 6.41376381418466, 49.470806017075766 ], [ 6.414417898859804, 49.47109344305386 ], [ 6.415300139764352, 49.471698290551757 ], [ 6.419090928661234, 49.474937866439426 ], [ 6.420508742380076, 49.476328206311017 ], [ 6.420511728875615, 49.476373102357712 ], [ 6.42174595542317, 49.476248275376513 ], [ 6.425904571669954, 49.475464991723229 ], [ 6.426249065208985, 49.475455245726998 ], [ 6.426999106871571, 49.476144716312085 ], [ 6.427139898308444, 49.476185712681819 ], [ 6.428086475795063, 49.476923591409587 ], [ 6.428565187538737, 49.476856063092541 ], [ 6.429242215533193, 49.476656971776833 ], [ 6.430059433941291, 49.476489890437207 ], [ 6.43012234409301, 49.476398147346544 ], [ 6.429963581231117, 49.476087779534687 ], [ 6.42958494236156, 49.475792634596736 ], [ 6.431470370935354, 49.475082506829857 ], [ 6.432181506357127, 49.474567565892073 ], [ 6.432025733144596, 49.47430209601864 ], [ 6.434573001583157, 49.472547592516008 ], [ 6.433452074514975, 49.471679761337768 ], [ 6.433979237478879, 49.471304965249374 ], [ 6.434818484136544, 49.470642432054717 ], [ 6.434878379960088, 49.470505789925902 ], [ 6.435987765935263, 49.469754618061138 ], [ 6.43596976833264, 49.46948524208355 ], [ 6.439591245111098, 49.467286297468718 ], [ 6.440433357293585, 49.466668618518618 ], [ 6.44078980369184, 49.466838415198879 ], [ 6.442984339359779, 49.468278410526977 ], [ 6.443325775615794, 49.468223720016582 ], [ 6.44518312523636, 49.467307243555119 ], [ 6.448476773636287, 49.466196899272688 ], [ 6.449681252164859, 49.465838720260095 ], [ 6.450163446544154, 49.465824980815384 ], [ 6.451032078860577, 49.466016137525862 ], [ 6.45122194447591, 49.465965744032133 ], [ 6.45183976638515, 49.465093479419878 ], [ 6.452253330138502, 49.464263020001354 ], [ 6.453965748635329, 49.464070238476864 ], [ 6.454969525189591, 49.463807692809922 ], [ 6.455881986899261, 49.463007961953657 ], [ 6.456301306114759, 49.46308595584501 ], [ 6.45843162181177, 49.463771821752971 ], [ 6.460765621338527, 49.464406847382584 ], [ 6.462908747085554, 49.465281195084536 ], [ 6.46474247015775, 49.466479234313042 ], [ 6.465011961471095, 49.466381558325892 ], [ 6.465577611774011, 49.465762610048692 ], [ 6.465781889654743, 49.464902103538186 ], [ 6.467512439648251, 49.464978503613068 ], [ 6.468473169272525, 49.464897006339974 ], [ 6.469137772510689, 49.464518107803109 ], [ 6.469632653967863, 49.46387417574585 ], [ 6.470082245543733, 49.462763723146452 ], [ 6.470918464373119, 49.46206501736058 ], [ 6.472303700552306, 49.461116650683913 ], [ 6.473623818915621, 49.460431032721395 ], [ 6.475708704148824, 49.459012719263349 ], [ 6.475771511560966, 49.458920950731866 ], [ 6.476956022957902, 49.458068251057789 ], [ 6.477406152176269, 49.457785425394363 ], [ 6.478485654660268, 49.457421538725029 ], [ 6.479985483019177, 49.456334830314368 ], [ 6.481075676438311, 49.455313860509108 ], [ 6.482156915337043, 49.454365108934589 ], [ 6.482476942804719, 49.453996038029402 ], [ 6.484898961849981, 49.452468878895282 ], [ 6.485168341562666, 49.452371156579837 ], [ 6.486018789338715, 49.45188783773829 ], [ 6.486967073204629, 49.451626610132067 ], [ 6.487927522816567, 49.451544957396841 ], [ 6.489170124949791, 49.451554127100131 ], [ 6.490803369945507, 49.45121914149761 ], [ 6.492102029082013, 49.4510377338081 ], [ 6.492832952520503, 49.450827713094064 ], [ 6.494289191681808, 49.450731700928102 ], [ 6.4952441226534, 49.450569178241373 ], [ 6.497177160512694, 49.45058531531641 ], [ 6.498149785319887, 49.450683163034675 ], [ 6.499082991539498, 49.450404280119223 ], [ 6.499501998107884, 49.450275208715084 ], [ 6.500884838307517, 49.449506482869374 ], [ 6.501686114252733, 49.449114436705784 ], [ 6.502267025971247, 49.448728761518268 ], [ 6.503607536919325, 49.448150158014911 ], [ 6.504996375718918, 49.447471174234089 ], [ 6.506910942814886, 49.446408071513112 ], [ 6.508966203136678, 49.445385839951697 ], [ 6.509725111646159, 49.444779039554405 ], [ 6.510237966984233, 49.444206361107128 ], [ 6.511396155865087, 49.443183107839147 ], [ 6.513326274302527, 49.441543638481114 ], [ 6.516203571040781, 49.439633696437888 ], [ 6.517273826262946, 49.439143749600717 ], [ 6.51829670218511, 49.43897006287024 ], [ 6.519425070756388, 49.43852339074062 ], [ 6.523125014919923, 49.436544351347528 ], [ 6.52413244686274, 49.436146137600105 ], [ 6.524372524702469, 49.43582425019099 ], [ 6.524507133679597, 49.435775344333983 ], [ 6.525021957922388, 49.435436455105069 ], [ 6.525356938046723, 49.435291740602835 ], [ 6.527638152801529, 49.435162275134658 ], [ 6.528607465755062, 49.435214984511433 ], [ 6.5305405535325, 49.435239568426979 ], [ 6.532964158913053, 49.435375758736534 ], [ 6.534149253901531, 49.435557079066463 ], [ 6.534558600509411, 49.435491139739874 ], [ 6.534968125203573, 49.434624455421471 ], [ 6.535419161701156, 49.434161423824591 ], [ 6.535619510613361, 49.434065598811678 ], [ 6.536594518381664, 49.433398311053828 ], [ 6.537781567778913, 49.432805788174186 ], [ 6.538053830665246, 49.43275284141211 ], [ 6.53873343874503, 49.433407748607863 ], [ 6.539021140440775, 49.433579275627451 ], [ 6.539906156327286, 49.433409432243906 ], [ 6.541895113850376, 49.432442515719757 ], [ 6.541813918345867, 49.432264950202743 ], [ 6.541591961446599, 49.432046519441784 ], [ 6.541490821652409, 49.431779566241083 ], [ 6.541807193825067, 49.431365434393705 ], [ 6.543869857510085, 49.429667552655893 ], [ 6.545113818255519, 49.428902337173881 ], [ 6.546114125591146, 49.428405167659044 ], [ 6.547604104408848, 49.42740778216519 ], [ 6.547867044643648, 49.427220127248901 ], [ 6.548898210595528, 49.426371135731245 ], [ 6.549220681522865, 49.426046772662708 ], [ 6.550123437815188, 49.425336494156639 ], [ 6.550329918424148, 49.425330434470141 ], [ 6.550688918310847, 49.425535831508711 ], [ 6.551033053853073, 49.425525730230156 ], [ 6.552201785526325, 49.424672668226684 ], [ 6.552511830855527, 49.424168714640473 ], [ 6.552467080907393, 49.423720165913601 ], [ 6.55200208566685, 49.422978050587695 ], [ 6.552144602049449, 49.422245086901235 ], [ 6.552811528819259, 49.421316775243142 ], [ 6.553642852841926, 49.42057257185121 ], [ 6.554177296893609, 49.420322939613037 ], [ 6.554383756929006, 49.420316872979015 ], [ 6.55563022018598, 49.42099102651585 ], [ 6.555839783966278, 49.421029852761187 ], [ 6.556115067519331, 49.421021760062843 ], [ 6.556361078342507, 49.420789594695719 ], [ 6.557225060997512, 49.419720500717467 ], [ 6.557277747530478, 49.419485020812651 ], [ 6.557043371393775, 49.419087033740325 ], [ 6.556684391113356, 49.41888165411526 ], [ 6.555557755571628, 49.418743828225871 ], [ 6.554360572853941, 49.418383132093517 ], [ 6.553065333303282, 49.41780037197789 ], [ 6.552682700057257, 49.417451718603928 ], [ 6.552364063084748, 49.416831264722411 ], [ 6.552360965128246, 49.416786369076569 ], [ 6.551679625386444, 49.416905348850996 ], [ 6.550935040862758, 49.417107157313275 ], [ 6.549768885473518, 49.417195371868225 ], [ 6.549228261980972, 49.417355194089964 ], [ 6.548507327515404, 49.417700249843996 ], [ 6.54808823841542, 49.417622571320237 ], [ 6.547005723296262, 49.417123481085625 ], [ 6.545835860201449, 49.41635702338121 ], [ 6.545324932724544, 49.416147068519713 ], [ 6.542714578649165, 49.414487078822589 ], [ 6.542074774952132, 49.413606088057108 ], [ 6.541485814002124, 49.413263443395522 ], [ 6.540992402485186, 49.413106941877444 ], [ 6.540773619228, 49.412933401215994 ], [ 6.54012345235336, 49.412502569002505 ], [ 6.540025445466269, 49.412280505115362 ], [ 6.539767054777273, 49.412333054688929 ], [ 6.538804949838053, 49.412379205012265 ], [ 6.538407025823927, 49.411806023327479 ], [ 6.53788643535775, 49.410651603638847 ], [ 6.537400745161604, 49.409001307308081 ], [ 6.537387931953991, 49.408011975738326 ], [ 6.537928627162989, 49.407051437322856 ], [ 6.53808734110441, 49.40655193948983 ], [ 6.538561675204805, 49.405629326996326 ], [ 6.538824039247086, 49.404631938442726 ], [ 6.538963606831671, 49.403854079166301 ], [ 6.53927365636383, 49.403350148177786 ], [ 6.539435431721889, 49.402895543242103 ], [ 6.540528347724273, 49.401145041632162 ], [ 6.543272677337802, 49.401757453766415 ], [ 6.54382922162051, 49.401831117752096 ], [ 6.544651679649204, 49.401762022655184 ], [ 6.54578658136469, 49.4012248903773 ], [ 6.547301909539889, 49.400406662311674 ], [ 6.547895689310357, 49.400020344333051 ], [ 6.548559962323408, 49.399856890937919 ], [ 6.549451175280967, 49.399785744047087 ], [ 6.550979474591449, 49.399956808562415 ], [ 6.551254027141709, 49.399939747436392 ], [ 6.551852592279573, 49.399823192963645 ], [ 6.551177102864989, 49.397224762617881 ], [ 6.551924727730928, 49.394872441727685 ], [ 6.552052524796075, 49.394526780508755 ], [ 6.552543089191029, 49.394044493790858 ], [ 6.552877722986404, 49.393899696691143 ], [ 6.556189892857189, 49.392956540084455 ], [ 6.556854668607283, 49.392802019251903 ], [ 6.557945274189313, 49.3926259651533 ], [ 6.559592338617466, 49.392523493402621 ], [ 6.559855057233699, 49.392335805396854 ], [ 6.560066158649682, 49.391600782746536 ], [ 6.561157643344978, 49.390839827176165 ], [ 6.561554803515024, 49.390603186009017 ], [ 6.561805086817013, 49.3902359066266 ], [ 6.562369980653346, 49.389634414502531 ], [ 6.563099579415014, 49.388425221455698 ], [ 6.563424829440814, 49.388145704058516 ], [ 6.565074847111351, 49.388088053918857 ], [ 6.567231169252789, 49.388375347974581 ], [ 6.568782276296564, 49.388680473641713 ], [ 6.573592104351084, 49.389267190091061 ], [ 6.576725756670545, 49.389732368460557 ], [ 6.576928350239574, 49.389672387576972 ], [ 6.577375498280088, 49.389164280953871 ], [ 6.578608626659363, 49.388263998834113 ], [ 6.579151466027691, 49.387348152384753 ], [ 6.579705001894768, 49.385793143985083 ], [ 6.580030145264501, 49.385513581157205 ], [ 6.581633138644206, 49.38577201698287 ], [ 6.582948564699078, 49.385859000785324 ], [ 6.584941725982656, 49.385781906812802 ], [ 6.585953938611061, 49.385472949638007 ], [ 6.587074296882195, 49.384935828832859 ], [ 6.587255599850991, 49.384570535499343 ], [ 6.58730873855809, 49.384344012905622 ], [ 6.587269973160277, 49.38398525054199 ], [ 6.587682576076033, 49.382983242686272 ], [ 6.587509398853893, 49.38267345875753 ], [ 6.586016515201334, 49.381422072945156 ], [ 6.585959010591158, 49.380793929979518 ], [ 6.58631847531302, 49.380018446463588 ], [ 6.586094689576826, 49.378981334951497 ], [ 6.585538970330171, 49.378322983310575 ], [ 6.585445211979138, 49.377965850103685 ], [ 6.58529519026894, 49.377790343373292 ], [ 6.585094552780016, 49.377085463276323 ], [ 6.584624502635265, 49.376469555027313 ], [ 6.584620162030489, 49.375614884556107 ], [ 6.584518910156211, 49.375347951142494 ], [ 6.58481584817993, 49.374664300776388 ], [ 6.58463022210957, 49.374174922533093 ], [ 6.584386471047968, 49.373642278407864 ], [ 6.584425859853567, 49.373416162323998 ], [ 6.584754023115098, 49.37318148002727 ], [ 6.584725911474567, 49.372777407713706 ], [ 6.584884066536442, 49.372277830254717 ], [ 6.58477158283945, 49.371651312359894 ], [ 6.584434710966264, 49.371166419391741 ], [ 6.584272220526478, 49.370811321995674 ], [ 6.583909720724756, 49.370552136038455 ], [ 6.583793494333436, 49.370069694596744 ], [ 6.583736029463125, 49.369441542971082 ], [ 6.583367297804879, 49.369092560742963 ], [ 6.582986084209568, 49.368563988558208 ], [ 6.583120461974575, 49.368515014011429 ], [ 6.583886076245743, 49.368627277177055 ], [ 6.586277936006018, 49.369339132390657 ], [ 6.588743608569573, 49.369922777975475 ], [ 6.592069394082156, 49.37078674010062 ], [ 6.594390834604633, 49.371473538891046 ], [ 6.595077740192655, 49.371444106354083 ], [ 6.597400762521987, 49.370376192136163 ], [ 6.598504369923122, 49.369605493697378 ], [ 6.598810496019815, 49.36905649507073 ], [ 6.599160762336322, 49.367561386283292 ], [ 6.59964802147558, 49.366647065913945 ], [ 6.6013155084251, 49.366849321741505 ], [ 6.601727361506782, 49.366828047256568 ], [ 6.601861716945815, 49.36677905179242 ], [ 6.601826001500154, 49.366465184173975 ], [ 6.600792492974167, 49.364885334704674 ], [ 6.599487214965166, 49.36335856321319 ], [ 6.598537627758562, 49.361992147127403 ], [ 6.598094467207722, 49.361564439735147 ], [ 6.597699410489802, 49.361036319168043 ], [ 6.597330644445831, 49.360687376409466 ], [ 6.596048898832974, 49.360284629216082 ], [ 6.596164446485921, 49.359966256264869 ], [ 6.596538061797244, 49.35959520990783 ], [ 6.596459925757096, 49.359462564471308 ], [ 6.59391027625803, 49.358656627838876 ], [ 6.59215870178936, 49.358231824885443 ], [ 6.59172002572351, 49.358064906407606 ], [ 6.592148543296868, 49.356702449391108 ], [ 6.592633343318614, 49.355950186703367 ], [ 6.592677040783687, 49.355588962211193 ], [ 6.592105907225123, 49.355300010959503 ], [ 6.591475433529604, 49.355147793247617 ], [ 6.590125140187483, 49.354747024365103 ], [ 6.589810156932448, 49.353586629527207 ], [ 6.589650721919251, 49.351692760861916 ], [ 6.589672551178034, 49.351017250970109 ], [ 6.588990881294207, 49.350326653735017 ], [ 6.587957487686332, 49.349727484842063 ], [ 6.587402692379126, 49.349671978951548 ], [ 6.586398064055393, 49.349881776340048 ], [ 6.585427148005076, 49.350774422659661 ], [ 6.584978545348009, 49.351057682060954 ], [ 6.584961032797851, 49.351598089311089 ], [ 6.585312141010021, 49.352487479951769 ], [ 6.585465212104322, 49.352707889254511 ], [ 6.585425843667861, 49.352934010651182 ], [ 6.584779144992288, 49.353538081598415 ], [ 6.583944355993724, 49.354210715643021 ], [ 6.583431965611678, 49.354765802238951 ], [ 6.583166403105748, 49.35490865113065 ], [ 6.581694805644859, 49.356131040804755 ], [ 6.581023692673154, 49.356384886880946 ], [ 6.578984750238243, 49.356778240086491 ], [ 6.577473218544545, 49.356832010910253 ], [ 6.576779643184738, 49.356762568516125 ], [ 6.574634181883143, 49.358202769836801 ], [ 6.574243558222872, 49.358529257890609 ], [ 6.573409378182717, 49.358418965707045 ], [ 6.571866678288688, 49.358023687138719 ], [ 6.56962662863035, 49.357702985324984 ], [ 6.569551674031856, 49.357615220285638 ], [ 6.567155542136261, 49.357029146084329 ], [ 6.564887617723709, 49.356304272648053 ], [ 6.563756827733307, 49.355887739057472 ], [ 6.563679402446128, 49.355764051580607 ], [ 6.564055704528639, 49.355429022632492 ], [ 6.564386051931183, 49.354429497310136 ], [ 6.564627700448071, 49.35334260719403 ], [ 6.565029857411562, 49.352385948064814 ], [ 6.565073500603061, 49.349631264334008 ], [ 6.564875732771761, 49.348962248488554 ], [ 6.56583851528285, 49.347350170371811 ], [ 6.567304720414342, 49.345849184755778 ], [ 6.568452040389599, 49.344915481446805 ], [ 6.569768528132606, 49.344237710212958 ], [ 6.57086576981512, 49.34337744529121 ], [ 6.571802919693114, 49.342989806735467 ], [ 6.573289157902368, 49.342576916766077 ], [ 6.575357646607737, 49.341822837111849 ], [ 6.576019255964943, 49.341434322642129 ], [ 6.57593389249448, 49.340402060035601 ], [ 6.576282598321089, 49.339671878786383 ], [ 6.576921709843486, 49.339158048975357 ], [ 6.578451579200982, 49.338383868471801 ], [ 6.578275491314757, 49.338029157909368 ], [ 6.577743400405409, 49.337505030985461 ], [ 6.577314472577136, 49.336482943256684 ], [ 6.577596918117448, 49.335790709779239 ], [ 6.577954915199614, 49.335195216879896 ], [ 6.578292211631642, 49.33509523932878 ], [ 6.578703820743643, 49.335074042557345 ], [ 6.579465812594349, 49.335141438807334 ], [ 6.580015455747061, 49.335125143830346 ], [ 6.581103602405177, 49.334139060802265 ], [ 6.581816857571391, 49.334297870120302 ], [ 6.582665014769803, 49.3346146416119 ], [ 6.583183384810383, 49.335139156225914 ], [ 6.583992826790242, 49.335691022637825 ], [ 6.58445001374586, 49.336127365249816 ], [ 6.585837242923798, 49.337066988822023 ], [ 6.586108951259758, 49.33701392857283 ], [ 6.587040869020538, 49.335762483007983 ], [ 6.588063939186983, 49.334832257384974 ], [ 6.58833813293356, 49.33481511092139 ], [ 6.589425571562399, 49.335403672385297 ], [ 6.590365007709774, 49.336041616729737 ], [ 6.590714791514859, 49.336121198734659 ], [ 6.591376212127352, 49.335732597859234 ], [ 6.591501115005961, 49.335548916707459 ], [ 6.590057622498689, 49.334790993838297 ], [ 6.59004199341245, 49.33456650079799 ], [ 6.590215609515214, 49.334291389305754 ], [ 6.591931248086512, 49.333421516788533 ], [ 6.59283554961962, 49.332764727970606 ], [ 6.593155907982074, 49.332422256032977 ], [ 6.593735447718604, 49.332045073840774 ], [ 6.594450472102264, 49.331438896049022 ], [ 6.595580702530499, 49.330271447836317 ], [ 6.595689924996011, 49.329863267862386 ], [ 6.59559618443747, 49.329506124194694 ], [ 6.59342571682257, 49.327600097974546 ], [ 6.592101043346075, 49.326568710392955 ], [ 6.590708310064749, 49.324954436966891 ], [ 6.590096898254134, 49.324081778869015 ], [ 6.589783399503721, 49.323731165235735 ], [ 6.589644725280593, 49.322925431572251 ], [ 6.588969050197593, 49.322315632336121 ], [ 6.588884741951243, 49.322093178330142 ], [ 6.58908455652166, 49.3219972533971 ], [ 6.589926257298649, 49.321432319187942 ], [ 6.591699491026069, 49.320011807074636 ], [ 6.590978917398275, 49.319943260935027 ], [ 6.595284436353011, 49.317529483590164 ], [ 6.601048031684952, 49.315108035433504 ], [ 6.602015616003662, 49.314575244007884 ], [ 6.603446159965748, 49.313182756428567 ], [ 6.60450613141994, 49.312791161209155 ], [ 6.605273819113098, 49.312156326732534 ], [ 6.609956212287141, 49.306689160227279 ], [ 6.611303674574973, 49.306081926851618 ], [ 6.612750578927039, 49.30591263634976 ], [ 6.614969517215084, 49.303209559214231 ], [ 6.615743299386705, 49.301683584910883 ], [ 6.617409892879985, 49.301705623143341 ], [ 6.617681346344493, 49.302633355837102 ], [ 6.619637605666824, 49.302664676947259 ], [ 6.621963643854965, 49.303062816091114 ], [ 6.625250535109437, 49.302838127805231 ], [ 6.625012085956206, 49.301990405890521 ], [ 6.626050058537889, 49.301095332693912 ], [ 6.626574100312994, 49.299936733016565 ], [ 6.628046663326418, 49.298569634289564 ], [ 6.62879618293302, 49.298466104586225 ], [ 6.628950688427613, 49.298119501124908 ], [ 6.630428860525853, 49.297616090399501 ], [ 6.632220801291497, 49.297661145419035 ], [ 6.631761883665729, 49.296028164531513 ], [ 6.631070803524931, 49.293637260653256 ], [ 6.626887365797592, 49.293430140661506 ], [ 6.624650116691328, 49.292723474635466 ], [ 6.625016967804595, 49.290894675278565 ], [ 6.622202479020671, 49.289998335853021 ], [ 6.615168456364075, 49.297210421858537 ], [ 6.613754406877285, 49.296469888751361 ], [ 6.611759751176105, 49.297852436468482 ], [ 6.609976977115377, 49.297347866975677 ], [ 6.607768218572812, 49.29901570998608 ], [ 6.606629075749397, 49.298860792669146 ], [ 6.598112360636208, 49.301040786070196 ], [ 6.596764759424507, 49.301053967435578 ], [ 6.594688802504193, 49.301475776358174 ], [ 6.592339268880823, 49.300537900656437 ], [ 6.589725809316841, 49.29976081000482 ], [ 6.589562247041187, 49.299189763137313 ], [ 6.585977106942406, 49.297892580704357 ], [ 6.585665650621335, 49.298360767197302 ], [ 6.58409780240046, 49.29817338599311 ], [ 6.584984152543851, 49.296275337414109 ], [ 6.584578477245643, 49.296179407053806 ], [ 6.583320892090717, 49.295901811259668 ], [ 6.578915402670746, 49.2948717511998 ], [ 6.57562469178369, 49.291063917773755 ], [ 6.573963826057664, 49.289529371435087 ], [ 6.573822529992436, 49.28808477365645 ], [ 6.572690621369214, 49.287830344977479 ], [ 6.570150899502794, 49.287707565802208 ], [ 6.570112325821971, 49.287348761419963 ], [ 6.569077103549265, 49.287298407042634 ], [ 6.568145502931133, 49.28715499241634 ], [ 6.568201055855803, 49.285371616164937 ], [ 6.570448653419003, 49.279482950953316 ], [ 6.571154287844428, 49.279543048543978 ], [ 6.572427255914122, 49.276670744554828 ], [ 6.570998611747941, 49.27649708398836 ], [ 6.571198580834223, 49.275411311274461 ], [ 6.569614651872354, 49.275179242077662 ], [ 6.567523673705341, 49.274575206305379 ], [ 6.565797735389048, 49.273879353738494 ], [ 6.565077219488656, 49.273801669371132 ], [ 6.564379901397132, 49.273462331374454 ], [ 6.564023850532151, 49.273085908080951 ], [ 6.563848165936545, 49.271138368908474 ], [ 6.566762022439392, 49.269522424855623 ], [ 6.567153486322953, 49.268619963504648 ], [ 6.568747064464691, 49.267402964176824 ], [ 6.569146209878896, 49.267607122284382 ], [ 6.570651783940085, 49.266311709469647 ], [ 6.573732832043188, 49.265131568472498 ], [ 6.574833164558015, 49.264936970825865 ], [ 6.577158074512334, 49.263761153958157 ], [ 6.57851273508163, 49.264260890667877 ], [ 6.582891527477463, 49.261971105492165 ], [ 6.584008004002775, 49.261218005018762 ], [ 6.583744816267258, 49.260991855309904 ], [ 6.580159560852705, 49.258065722118836 ], [ 6.577357877943651, 49.255728166592284 ], [ 6.577896135428424, 49.255361232231664 ], [ 6.575901444647645, 49.253953582456688 ], [ 6.573337383033241, 49.250672990266821 ], [ 6.573732789093338, 49.250427293731875 ], [ 6.572155029298621, 49.248683257020929 ], [ 6.571101431260905, 49.245969773114545 ], [ 6.569937245079596, 49.246229236583524 ], [ 6.568883886974966, 49.245108555151511 ], [ 6.565574065143562, 49.24574645688331 ], [ 6.564950750160825, 49.245278948019774 ], [ 6.562151943631507, 49.246351587954237 ], [ 6.563271472538563, 49.247038415575126 ], [ 6.559707724676258, 49.248781529022189 ], [ 6.543877425166309, 49.249859914263808 ], [ 6.542269297228565, 49.251266009032875 ], [ 6.538536531419527, 49.251960565284548 ], [ 6.538319483450116, 49.252002931697405 ], [ 6.535741508935204, 49.252699491750022 ], [ 6.534927774724125, 49.253263283932682 ], [ 6.534385036337671, 49.258390494081858 ], [ 6.535347179428248, 49.259190167799382 ], [ 6.535196860558001, 49.259203574348135 ], [ 6.531600026831824, 49.259884906108212 ], [ 6.527082496430337, 49.257353535100457 ], [ 6.526384192306165, 49.257193988643124 ], [ 6.527114531315437, 49.256614703389232 ], [ 6.527009361093179, 49.255879885293623 ], [ 6.525757123734264, 49.255862522483227 ], [ 6.524535732377744, 49.255088352899776 ], [ 6.523937184329596, 49.254979868771102 ], [ 6.523527900213128, 49.254622884727013 ], [ 6.522260137111534, 49.25457894417584 ], [ 6.518461231760202, 49.254914846905578 ], [ 6.516566588286164, 49.253134396972357 ], [ 6.51408175750476, 49.250759212556694 ], [ 6.512940486944985, 49.24954165769396 ], [ 6.512534943507171, 49.248833579012512 ], [ 6.512326110440707, 49.248794670743287 ], [ 6.512286135356785, 49.248408890798174 ], [ 6.50957721797973, 49.249405661529401 ], [ 6.505386057265381, 49.246387074608855 ], [ 6.502524097804646, 49.247154173225475 ], [ 6.500553405938487, 49.245861620646082 ], [ 6.500083897440152, 49.246235202573814 ], [ 6.499313464201504, 49.246833487130786 ], [ 6.500976595737777, 49.247847035041282 ], [ 6.499631398003283, 49.249091918153567 ], [ 6.501075288690901, 49.251128675868671 ], [ 6.498092836054099, 49.252151116726566 ], [ 6.497618803642842, 49.251849920149787 ], [ 6.496999862740951, 49.252047849088555 ], [ 6.493749644760539, 49.249316531168894 ], [ 6.495433867378331, 49.248610803966834 ], [ 6.496467801940248, 49.247842928598821 ], [ 6.496522151301901, 49.247427414399141 ], [ 6.497947256653079, 49.246144251138475 ], [ 6.496984031751897, 49.245722267728375 ], [ 6.495493543345987, 49.246242430795157 ], [ 6.494809812476707, 49.246091282962794 ], [ 6.490092069709298, 49.247874727239747 ], [ 6.489517474758983, 49.247711390844614 ], [ 6.487985091415855, 49.248223670461755 ], [ 6.486627261422357, 49.247453080754873 ], [ 6.486154386663134, 49.247574741320996 ], [ 6.484964597593212, 49.246034392610753 ], [ 6.484809632350219, 49.245570945703953 ], [ 6.484161857199342, 49.245544679435277 ], [ 6.483173908722984, 49.244142455801104 ], [ 6.482663727252603, 49.243914236176018 ], [ 6.482151538637571, 49.244064013941603 ], [ 6.482104341154359, 49.244587296442795 ], [ 6.484222068319133, 49.247252671761203 ], [ 6.48184978957876, 49.248356057164841 ], [ 6.483027239530334, 49.250121752194929 ], [ 6.482269059516543, 49.250701566966924 ], [ 6.48262845137767, 49.25338174597649 ], [ 6.482542112435985, 49.254140115683718 ], [ 6.482062916180658, 49.254576887758923 ], [ 6.48190009346932, 49.255220484366021 ], [ 6.48288901470259, 49.256226745748435 ], [ 6.483589594260147, 49.256422468091316 ], [ 6.482896299792232, 49.256946414733697 ], [ 6.481549617920385, 49.25675135147246 ], [ 6.479791084239054, 49.257584989216447 ], [ 6.476660147487784, 49.256208568724929 ], [ 6.476212012206711, 49.256086514289748 ], [ 6.475404471426994, 49.25634375646959 ], [ 6.475360038216476, 49.256704975595412 ], [ 6.474889469137868, 49.256862514972617 ], [ 6.474652935353895, 49.257229270243897 ], [ 6.474447117599521, 49.257235201898503 ], [ 6.474300844029337, 49.257104440611265 ], [ 6.473615390180107, 49.257133190466966 ], [ 6.47133168057904, 49.257927840044204 ], [ 6.471122841813168, 49.257888860806609 ], [ 6.470308426002299, 49.257021462207334 ], [ 6.46956400322093, 49.256377004532418 ], [ 6.469217962184631, 49.256341970626146 ], [ 6.465286520574023, 49.256347057281957 ], [ 6.461637201189418, 49.256253931597236 ], [ 6.460525077703932, 49.256069897912973 ], [ 6.459384203545389, 49.255661719596546 ], [ 6.45918139762609, 49.255712530833534 ], [ 6.457791098043394, 49.256301315635312 ], [ 6.457134577122509, 49.255735249713332 ], [ 6.456249024067515, 49.255238735281559 ], [ 6.451460998715732, 49.253738207781765 ], [ 6.451691079533738, 49.253272703662738 ], [ 6.451868159568804, 49.253042674068972 ], [ 6.452959847442884, 49.251688647507052 ], [ 6.45142889335404, 49.250994622713897 ], [ 6.451005302267127, 49.25082678231913 ], [ 6.448116375104757, 49.250792473331025 ], [ 6.447415406875787, 49.250587562639268 ], [ 6.44739569363497, 49.250498142692429 ], [ 6.447189899566482, 49.250504027884645 ], [ 6.444377161535257, 49.249756580681158 ], [ 6.443399439914494, 49.249523561395023 ], [ 6.442983860584627, 49.250300292184377 ], [ 6.442772317124754, 49.251251160408565 ], [ 6.442341751982279, 49.251803356584318 ], [ 6.442248196141562, 49.252255944690447 ], [ 6.442114585824135, 49.252313749773755 ], [ 6.440148345628164, 49.251892965568686 ], [ 6.439392682367499, 49.252724376166398 ], [ 6.439342020696933, 49.252995770858455 ], [ 6.439916515721349, 49.253159345362839 ], [ 6.4411347578244, 49.253700469128852 ], [ 6.44114672405814, 49.253880093763577 ], [ 6.440332014839416, 49.254857166321777 ], [ 6.440129193353355, 49.254907945569542 ], [ 6.437920596257102, 49.253945143675757 ], [ 6.437643195890772, 49.253908062699985 ], [ 6.436820053971855, 49.254759374156613 ], [ 6.436408429450774, 49.254771108052033 ], [ 6.435084643349099, 49.254502893494191 ], [ 6.434627663294768, 49.254245965530757 ], [ 6.434001872756016, 49.254137816948813 ], [ 6.433089136637317, 49.253848873359154 ], [ 6.432585639269832, 49.253512278202265 ], [ 6.431626987560871, 49.253152645134413 ], [ 6.431190322499606, 49.253821947613396 ], [ 6.429913717317933, 49.25343535729818 ], [ 6.430735757899053, 49.252773089438918 ], [ 6.429063083565106, 49.252424756345668 ], [ 6.428220198315094, 49.252151786640837 ], [ 6.427753672961876, 49.252785932495797 ], [ 6.425680215860853, 49.251783077834332 ], [ 6.424982060014149, 49.253692545805052 ], [ 6.426333214291249, 49.253960091529159 ], [ 6.425640499624023, 49.25512255218937 ], [ 6.42392724446544, 49.25457733987254 ], [ 6.42313484793558, 49.25568862537569 ], [ 6.422863995555259, 49.255750304815727 ], [ 6.422583620761115, 49.255668282755572 ], [ 6.420598974490691, 49.254968760699292 ], [ 6.419581013761866, 49.255996437998164 ], [ 6.418010376378961, 49.257813616330118 ], [ 6.416841195635152, 49.259466423039335 ], [ 6.416326586515887, 49.260623768073913 ], [ 6.416058076276632, 49.260721357081977 ], [ 6.412338961991816, 49.259989846120909 ], [ 6.407504492788631, 49.258812851161679 ], [ 6.403964830542992, 49.257671102018143 ], [ 6.400537114895259, 49.256139176912491 ], [ 6.399552968134203, 49.255807008238669 ], [ 6.398621355418824, 49.255437358497659 ], [ 6.393929565826209, 49.251817331683299 ], [ 6.393686438367889, 49.251464252490308 ], [ 6.392197415972748, 49.25160514072823 ], [ 6.390307221850011, 49.252126214476334 ], [ 6.38939056362467, 49.252610891842338 ], [ 6.388414540325805, 49.253448154249668 ], [ 6.388929113302321, 49.253748622080934 ], [ 6.389522149996561, 49.254406803827145 ], [ 6.39018220300999, 49.254829148869987 ], [ 6.390966348026714, 49.255256998208935 ], [ 6.393820654129135, 49.257273228117924 ], [ 6.394801250146874, 49.257551554504161 ], [ 6.396295925587808, 49.258121326477067 ], [ 6.396607712704842, 49.258472465124612 ], [ 6.397722614046145, 49.25870199454036 ], [ 6.397728522290455, 49.258791808539833 ], [ 6.396899919681988, 49.259570992081386 ], [ 6.392637555385619, 49.259771985277744 ], [ 6.38827801658166, 49.259120748089856 ], [ 6.387643149158719, 49.259921413116757 ], [ 6.38714725679569, 49.260745163512958 ], [ 6.386801242570232, 49.260709893374901 ], [ 6.386089195526789, 49.260333981133797 ], [ 6.384899222822994, 49.260007474892198 ], [ 6.384028013387701, 49.259510047442298 ], [ 6.382978826208558, 49.2592335592078 ], [ 6.382203508901139, 49.258940381819563 ], [ 6.381280783286135, 49.258705321515968 ], [ 6.380417272163939, 49.258324626626944 ], [ 6.379857218057503, 49.258169366493362 ], [ 6.379851340941007, 49.258079551563462 ], [ 6.380810341316137, 49.25718885823386 ], [ 6.379923938352659, 49.25645788063548 ], [ 6.378847809413861, 49.255768206028968 ], [ 6.378627887310988, 49.255558417718497 ], [ 6.377467490570925, 49.255051052435277 ], [ 6.375568740544468, 49.254393390464791 ], [ 6.374073814788377, 49.253814377967757 ], [ 6.372176446163576, 49.25254476296854 ], [ 6.371032831541227, 49.252081858348319 ], [ 6.369363511481356, 49.25177760525397 ], [ 6.36791758480413, 49.251737027746195 ], [ 6.367151832237276, 49.251587457165122 ], [ 6.365629117831385, 49.251423025720172 ], [ 6.362660816151942, 49.251433876541817 ], [ 6.360445670716196, 49.251189715585653 ], [ 6.359818334442549, 49.25147713942745 ], [ 6.35703220220863, 49.250906907391609 ], [ 6.358088671279731, 49.249608773779705 ], [ 6.35893609071774, 49.24890132006685 ], [ 6.359657660847641, 49.247738470683338 ], [ 6.354586784708843, 49.246269062343238 ], [ 6.353634403616867, 49.245359775966655 ], [ 6.352742176466247, 49.24452979061401 ], [ 6.351315538355606, 49.243723656752394 ], [ 6.349881889702114, 49.243232630086112 ], [ 6.348973309830326, 49.242996937635475 ], [ 6.348723798193987, 49.242751927265573 ], [ 6.347123793408045, 49.239692071851884 ], [ 6.348020167583757, 49.239316253306662 ], [ 6.343901341271732, 49.239799517278364 ], [ 6.341715826720994, 49.240004101260162 ], [ 6.340927394262646, 49.240349885179256 ], [ 6.340310097308402, 49.240366994925502 ], [ 6.339801745653044, 49.240156134161516 ], [ 6.339498948017393, 49.23972362538801 ], [ 6.338929932096304, 49.239424462550573 ], [ 6.338815706899636, 49.238932740034201 ], [ 6.338287065985124, 49.2384075070593 ], [ 6.338197916126261, 49.237240242422068 ], [ 6.337884333088049, 49.236853017701122 ], [ 6.337818401187952, 49.236045026971581 ], [ 6.337491860235143, 49.235244253215654 ], [ 6.337575486402, 49.234837028307183 ], [ 6.33760346019221, 49.234206394895516 ], [ 6.337271918801268, 49.233540727782852 ], [ 6.33586300214751, 49.232149056926133 ], [ 6.334917781080961, 49.231554357642942 ], [ 6.334177731248142, 49.230944976486256 ], [ 6.333384185770885, 49.230571018689645 ], [ 6.331847142225767, 49.230172625938557 ], [ 6.33083574435124, 49.229615717504217 ], [ 6.330039175072933, 49.228980880167761 ], [ 6.329362757069096, 49.228504681875435 ], [ 6.328999641808625, 49.228199784468437 ], [ 6.32790586080243, 49.227429176325423 ], [ 6.326997658774102, 49.227193314520157 ], [ 6.326008755598179, 49.226770715790479 ], [ 6.325032697271535, 49.225906852870857 ], [ 6.325127231145043, 49.225454343983188 ], [ 6.324975647193409, 49.225233577021484 ], [ 6.32448988638647, 49.225157000941437 ], [ 6.323483863693792, 49.224680866606448 ], [ 6.322623653438806, 49.225190483112236 ], [ 6.320899582873524, 49.225939856768321 ], [ 6.318983911188655, 49.226487528475516 ], [ 6.316486772712089, 49.226538290958494 ], [ 6.315478719972274, 49.226458057485793 ], [ 6.315696882172888, 49.225147350706102 ], [ 6.313895289408539, 49.22533188397653 ], [ 6.312005544919028, 49.225212883035049 ], [ 6.310974219900008, 49.225412188479098 ], [ 6.310254282628252, 49.225539944896397 ], [ 6.309506913717468, 49.225668450367593 ], [ 6.30804698349402, 49.225825514323027 ], [ 6.307198017409902, 49.226298715117856 ], [ 6.306621752817458, 49.227169331586644 ], [ 6.305780941452383, 49.228200166127927 ], [ 6.307015345790295, 49.228382243789461 ], [ 6.306318492825958, 49.229301155033291 ], [ 6.304188734800885, 49.2314470766296 ], [ 6.301522404200591, 49.230143486842948 ], [ 6.301248098437773, 49.230151001997186 ], [ 6.300556230236026, 49.230934770720793 ], [ 6.298206248748025, 49.230711182525688 ], [ 6.296918531513914, 49.229693675192479 ], [ 6.296240252079873, 49.230045150643114 ], [ 6.294419993654077, 49.22907817515101 ], [ 6.292799422728924, 49.230166216296595 ], [ 6.292527976710712, 49.230218622454665 ], [ 6.290141474775722, 49.229635964726199 ], [ 6.288936238982838, 49.229048018379608 ], [ 6.288763084527465, 49.228917777390322 ], [ 6.289268813057171, 49.228229138238532 ], [ 6.287966475093202, 49.227409890145182 ], [ 6.287886474003315, 49.227232116924888 ], [ 6.288318482982916, 49.226680459265047 ], [ 6.287739051061541, 49.226210388679938 ], [ 6.287530479321525, 49.226171090457534 ], [ 6.287144755328094, 49.226586515615644 ], [ 6.286870466347034, 49.22659399808721 ], [ 6.282967719831218, 49.225062795841097 ], [ 6.28299975552979, 49.224702010627709 ], [ 6.281662710049524, 49.224198565666001 ], [ 6.281811931557723, 49.223519665394278 ], [ 6.281255401773793, 49.223408853508666 ], [ 6.281105240318628, 49.222558150233631 ], [ 6.280856780326106, 49.221890079519852 ], [ 6.279713093662835, 49.220535552571043 ], [ 6.279493153795965, 49.220316593815703 ], [ 6.279413192801186, 49.22013881369071 ], [ 6.2796817497854, 49.22004152490485 ], [ 6.281324544224602, 49.219088010274227 ], [ 6.281981085160135, 49.218611235824874 ], [ 6.282189622199279, 49.218650543949892 ], [ 6.282409566396377, 49.218869498156096 ], [ 6.282612401005501, 49.218818982325466 ], [ 6.283512344224354, 49.218065630457644 ], [ 6.283646043056217, 49.218007999148917 ], [ 6.285492700146495, 49.216374023027754 ], [ 6.285738390409751, 49.215917427093707 ], [ 6.285801850505409, 49.214970915860341 ], [ 6.285730439228409, 49.214927874088275 ], [ 6.282095209460438, 49.214999977666615 ], [ 6.279243876087012, 49.21465472830026 ], [ 6.278736793398449, 49.213372835030825 ], [ 6.278109145301928, 49.212355158855217 ], [ 6.277073623591365, 49.211402563520522 ], [ 6.275749655639967, 49.210448806115394 ], [ 6.275738842873743, 49.210278139938538 ], [ 6.280180234777847, 49.207331920576713 ], [ 6.280514421232167, 49.20718784969209 ], [ 6.280423617055343, 49.207055353452184 ], [ 6.279521116701239, 49.206899971125928 ], [ 6.278311364533934, 49.206447015003533 ], [ 6.277301576289424, 49.205898626654367 ], [ 6.275897096700122, 49.205405955725908 ], [ 6.275940033008801, 49.204999879933382 ], [ 6.277121729105481, 49.202844211144225 ], [ 6.276767639626827, 49.202673885965318 ], [ 6.273599642718321, 49.201653287579234 ], [ 6.273396866602879, 49.201703789122632 ], [ 6.273222012067387, 49.201978480748323 ], [ 6.273084931807596, 49.201982206317552 ], [ 6.27252865237315, 49.201871351724954 ], [ 6.271530379956162, 49.201502563018991 ], [ 6.270831348727459, 49.20130559885618 ], [ 6.271212114120441, 49.200161512404009 ], [ 6.271439661489873, 49.197680883926949 ], [ 6.271522679911265, 49.197039770241062 ], [ 6.271443350466412, 49.196870963212149 ], [ 6.27027680196159, 49.196227798238887 ], [ 6.26910468436534, 49.195278841148351 ], [ 6.268645241808305, 49.19452648206687 ], [ 6.268166096352779, 49.194548485362333 ], [ 6.264373837682531, 49.195155237509404 ], [ 6.263520286230873, 49.194683483804994 ], [ 6.259588219378376, 49.193944176373869 ], [ 6.258922651860148, 49.193404316518183 ], [ 6.256422925003371, 49.192734110437421 ], [ 6.255403340850747, 49.193112600567702 ], [ 6.253683620935266, 49.192619203755953 ], [ 6.253294794268298, 49.191675925278773 ], [ 6.252644122675278, 49.187878358137247 ], [ 6.253583092892703, 49.187529059631963 ], [ 6.253974445749656, 49.18720355290052 ], [ 6.254192444124932, 49.186522809523183 ], [ 6.254287528056844, 49.183451909162955 ], [ 6.254179457950816, 49.182824966737016 ], [ 6.254245148098347, 49.182778200782671 ], [ 6.255143760651857, 49.182879879513919 ], [ 6.255429127855345, 49.183052124382847 ], [ 6.255964842786879, 49.18371249126848 ], [ 6.257204975310549, 49.184659733500212 ], [ 6.258113306033697, 49.183825329725806 ], [ 6.258946822952585, 49.183982730741576 ], [ 6.260116605394061, 49.183159228512835 ], [ 6.262145474001862, 49.183770128045254 ], [ 6.262419539610329, 49.18376270150349 ], [ 6.262856095392791, 49.183067015671469 ], [ 6.263478400936149, 49.183140128779179 ], [ 6.263656077005848, 49.182910359761934 ], [ 6.265407039839276, 49.183249797690337 ], [ 6.26805772851389, 49.18392471474079 ], [ 6.268260440187398, 49.183874221277399 ], [ 6.268380447125363, 49.183601019936255 ], [ 6.268860058754474, 49.183587998251689 ], [ 6.272329098875232, 49.183961657988299 ], [ 6.274211502093451, 49.18420741597366 ], [ 6.27422083205886, 49.183487311001379 ], [ 6.274051809347137, 49.18146732363045 ], [ 6.273638458002194, 49.181442572124659 ], [ 6.273065727683325, 49.177813885199512 ], [ 6.272920187723835, 49.177682869596637 ], [ 6.270078427306398, 49.177238207671479 ], [ 6.270219148933109, 49.176424548095021 ], [ 6.270608335484121, 49.175199217702833 ], [ 6.270811010504114, 49.175148719505117 ], [ 6.271769507673163, 49.175113671882706 ], [ 6.271514499565411, 49.172817059590749 ], [ 6.2707313828599, 49.172586392254928 ], [ 6.267692927648964, 49.172281997986296 ], [ 6.266254405365329, 49.172321043814236 ], [ 6.265133916843086, 49.172180479463975 ], [ 6.263688029886819, 49.172102717902398 ], [ 6.262923756996755, 49.171952473655303 ], [ 6.262427260852825, 49.171695986605449 ], [ 6.261361142252892, 49.17132895918175 ], [ 6.259577877785581, 49.17134127407121 ], [ 6.258467734590096, 49.171146379370121 ], [ 6.257272701935924, 49.170692824861902 ], [ 6.255705536340177, 49.170213333079417 ], [ 6.256319729969644, 49.169287900800285 ], [ 6.255965938424648, 49.169117508754191 ], [ 6.252971424441146, 49.168415641284298 ], [ 6.253000810701763, 49.168009928847333 ], [ 6.252373056086764, 49.167846931258623 ], [ 6.249101701720331, 49.167323416348623 ], [ 6.249522342741946, 49.166592205418702 ], [ 6.248218697984067, 49.166591405341102 ], [ 6.248207421290913, 49.16641174621504 ], [ 6.248539838688595, 49.165367982903575 ], [ 6.248520103043281, 49.165053579079455 ], [ 6.24774453477341, 49.164939539088309 ], [ 6.247885573913063, 49.164125895625673 ], [ 6.2483678294747, 49.164157870175352 ], [ 6.248848486443547, 49.16329006575689 ], [ 6.248937932532264, 49.162747758390623 ], [ 6.248890000078959, 49.161984204230414 ], [ 6.248694216815166, 49.16126963225198 ], [ 6.2488086358119, 49.160906614196691 ], [ 6.249439197624081, 49.160241715723615 ], [ 6.25013130021448, 49.159683129815498 ], [ 6.249817877561572, 49.159061717696652 ], [ 6.249847283219975, 49.158656002240797 ], [ 6.250621132197834, 49.157870247526844 ], [ 6.25105239526487, 49.157309701888927 ], [ 6.251580498373056, 49.15698049241395 ], [ 6.251851601913446, 49.156928174587051 ], [ 6.252399451905323, 49.156913367324073 ], [ 6.254143672341803, 49.157379110278399 ], [ 6.254280635897811, 49.157375406090537 ], [ 6.254641114839324, 49.156780767375444 ], [ 6.254421551751419, 49.156561748835955 ], [ 6.253711898646078, 49.156185016102469 ], [ 6.25383191816826, 49.155911821692619 ], [ 6.254323137675532, 49.155214665891485 ], [ 6.254249011171388, 49.155126687737841 ], [ 6.250775323281982, 49.153771863569212 ], [ 6.250710856217746, 49.152963758005605 ], [ 6.249527589231146, 49.152689779791586 ], [ 6.249488518333218, 49.152285911268095 ], [ 6.249693380019831, 49.152271379766731 ], [ 6.250808162813862, 49.152547206651299 ], [ 6.250945113830854, 49.152543506240207 ], [ 6.251062318638944, 49.152225398245506 ], [ 6.24994190165685, 49.151859742837047 ], [ 6.249443406869791, 49.151567264790778 ], [ 6.248965705271085, 49.150950283863281 ], [ 6.249020083603801, 49.150723857403221 ], [ 6.249970321590117, 49.149690379154023 ], [ 6.250076651517378, 49.149417556661277 ], [ 6.247146192257608, 49.148623849689898 ], [ 6.24724690017488, 49.148261198166061 ], [ 6.247893216791055, 49.146974984735941 ], [ 6.249278931231406, 49.147198517203414 ], [ 6.251612606030749, 49.147882326806517 ], [ 6.252596573637629, 49.148260653671059 ], [ 6.253727802571677, 49.148580999860222 ], [ 6.253861919797601, 49.148532380660725 ], [ 6.254286999895606, 49.147657039447957 ], [ 6.256042924531093, 49.148095439464122 ], [ 6.25675792239255, 49.147032273058478 ], [ 6.256335813612316, 49.146863731861394 ], [ 6.256699021240755, 49.146313996262769 ], [ 6.256833129808332, 49.146265373643324 ], [ 6.257404115908328, 49.145530041816777 ], [ 6.257817172917082, 49.145554849922576 ], [ 6.258358874016726, 49.146098079843881 ], [ 6.258920545088561, 49.145650941580925 ], [ 6.259360219873366, 49.145009140532927 ], [ 6.259341112155026, 49.144487749802856 ], [ 6.259121137048222, 49.144043788551194 ], [ 6.259357427921237, 49.14387541471794 ], [ 6.259761186085246, 49.144188417567676 ], [ 6.26056170811597, 49.144049742332953 ], [ 6.260884787326449, 49.144823848310864 ], [ 6.262221713339208, 49.144490651765921 ], [ 6.262889018362428, 49.143761676337 ], [ 6.263097239585075, 49.143801020446411 ], [ 6.263453712844878, 49.14401631126789 ], [ 6.264777006485915, 49.143467491916525 ], [ 6.266511135853991, 49.142691537920484 ], [ 6.267388362033828, 49.141812857436911 ], [ 6.268007680129949, 49.140977170328689 ], [ 6.26836131910023, 49.14114753176861 ], [ 6.268563863091833, 49.141097035638694 ], [ 6.268880073227153, 49.140674511656933 ], [ 6.269227473808106, 49.140746056623399 ], [ 6.270162340352573, 49.141215561928369 ], [ 6.270436179682143, 49.141208116830811 ], [ 6.271832033152631, 49.139856373229954 ], [ 6.272105865057895, 49.139848924323346 ], [ 6.272094511347803, 49.139669262661819 ], [ 6.272367774495506, 49.139652830073906 ], [ 6.272430554774956, 49.13956113677191 ], [ 6.273674149436506, 49.139707267186161 ], [ 6.27458972139281, 49.139871314089859 ], [ 6.274664996874311, 49.139977247187353 ], [ 6.276546901311047, 49.140456911913333 ], [ 6.278533744160613, 49.141293629504851 ], [ 6.281568543923851, 49.143082571959951 ], [ 6.282272525178884, 49.143369315347108 ], [ 6.285330983148872, 49.144878565767819 ], [ 6.28546506111687, 49.144829911181489 ], [ 6.285724664757979, 49.144597856929316 ], [ 6.2867225365094, 49.144111670285852 ], [ 6.286728834024798, 49.143346620615993 ], [ 6.284995052442617, 49.143043037182039 ], [ 6.285457799034055, 49.141905578424009 ], [ 6.28545209879159, 49.141815748411567 ], [ 6.284351608307848, 49.141764814643601 ], [ 6.284520502004489, 49.141400260219882 ], [ 6.284823461949115, 49.140987051370345 ], [ 6.285111598346563, 49.140340283190319 ], [ 6.285520089416721, 49.139861199440453 ], [ 6.285865246691041, 49.139464831414266 ], [ 6.286441447347999, 49.138819187197896 ], [ 6.288926356279224, 49.135619742183927 ], [ 6.288473431242781, 49.135182194877871 ], [ 6.284996833493369, 49.13269459386148 ], [ 6.282030969569051, 49.13090385151709 ], [ 6.278985338220316, 49.129799110960519 ], [ 6.277730595354547, 49.129473371055994 ], [ 6.276137059459185, 49.129210840473853 ], [ 6.275636309642888, 49.129098500460913 ], [ 6.274806465072445, 49.128986122167063 ], [ 6.272928399564957, 49.128560323860981 ], [ 6.270567369544185, 49.127868675863091 ], [ 6.268977561706988, 49.12701204191773 ], [ 6.26611840377861, 49.125811929548732 ], [ 6.262290035210525, 49.124242111187051 ], [ 6.26179739365978, 49.124039508997335 ], [ 6.261307018521713, 49.123872837850342 ], [ 6.261304190321223, 49.123827921474657 ], [ 6.259959663382321, 49.123378455836047 ], [ 6.259606173285287, 49.123208066718156 ], [ 6.259400863964456, 49.123213632217805 ], [ 6.258412677086882, 49.122979455266119 ], [ 6.257805226685085, 49.123130894086138 ], [ 6.256998676621045, 49.123386707505027 ], [ 6.256383310345549, 49.123412372902976 ], [ 6.254581937078282, 49.123110198762667 ], [ 6.25263807124754, 49.122721866915285 ], [ 6.251392687897737, 49.122539583351873 ], [ 6.249780175352867, 49.1221872386743 ], [ 6.249161037814834, 49.121934013540596 ], [ 6.246376682822852, 49.120821410344476 ], [ 6.245607587530751, 49.120581214813399 ], [ 6.245396658646269, 49.120496922648556 ], [ 6.244334527177525, 49.120174642745681 ], [ 6.243107420352097, 49.120063770758165 ], [ 6.242818315071132, 49.120044572780195 ], [ 6.242727387076249, 49.119687082544637 ], [ 6.243542387689812, 49.11956611482578 ], [ 6.246336978518253, 49.118437857642732 ], [ 6.247540399507451, 49.118171394559852 ], [ 6.250974871175269, 49.118285544961708 ], [ 6.251557520531851, 49.116866003216792 ], [ 6.252147356177143, 49.114906342380479 ], [ 6.252151340732085, 49.114096355510839 ], [ 6.249541620345292, 49.114013947361187 ], [ 6.249592576410732, 49.11373361185872 ], [ 6.249551522341299, 49.110675175613018 ], [ 6.250369183339738, 49.110599077810896 ], [ 6.250452886511331, 49.109966906548564 ], [ 6.250518487691998, 49.109920139243606 ], [ 6.253029125346781, 49.109519272404185 ], [ 6.254849900541124, 49.109047046071929 ], [ 6.256039510250026, 49.108564892958846 ], [ 6.256464958461929, 49.108355395991431 ], [ 6.25312058608429, 49.107483087932259 ], [ 6.25130118243357, 49.106884405683779 ], [ 6.250093042665409, 49.106197180649026 ], [ 6.24981431425131, 49.106123728348649 ], [ 6.249551925493343, 49.106310796501141 ], [ 6.249346682012587, 49.106316344935387 ], [ 6.248090441201469, 49.105954354477454 ], [ 6.247400669921723, 49.105883004602944 ], [ 6.245865557652368, 49.105663505870787 ], [ 6.245815295662407, 49.105079947153648 ], [ 6.246264492551409, 49.103718008559881 ], [ 6.246573165803266, 49.103394715973089 ], [ 6.247105814738791, 49.103146360340915 ], [ 6.247151706665627, 49.102785171138926 ], [ 6.246893953886275, 49.102171221453652 ], [ 6.246840869252145, 49.101542743472734 ], [ 6.245922264621321, 49.100442712132519 ], [ 6.245609250527101, 49.099821252701453 ], [ 6.245701434346903, 49.099323831556887 ], [ 6.245664861276722, 49.098739899683096 ], [ 6.245204747535864, 49.098176403673385 ], [ 6.245193496165869, 49.097996732116279 ], [ 6.248732553191193, 49.09674027220283 ], [ 6.250451679745198, 49.095964883733849 ], [ 6.251276895604309, 49.095357637705135 ], [ 6.251331205544353, 49.09513119779664 ], [ 6.251162846287397, 49.094631818490278 ], [ 6.251260603366098, 49.09422422640511 ], [ 6.251905129740339, 49.093576868334431 ], [ 6.254113596540684, 49.0929591560744 ], [ 6.256253614908521, 49.092343256271981 ], [ 6.257393193786811, 49.091943416801833 ], [ 6.257532807472574, 49.091984626546953 ], [ 6.258013330450296, 49.092871487125976 ], [ 6.258622685124574, 49.092755977009936 ], [ 6.262036709161495, 49.091700467073544 ], [ 6.262555485029926, 49.091452411511042 ], [ 6.262834718183464, 49.091534818888071 ], [ 6.263622798341583, 49.091864375069449 ], [ 6.263921371866349, 49.092036243823657 ], [ 6.264482678915551, 49.0922459691784 ], [ 6.264687865084348, 49.092240394837496 ], [ 6.264476059388774, 49.093011056118655 ], [ 6.264121794526901, 49.093695596953864 ], [ 6.264477927590973, 49.093910895357055 ], [ 6.264434993500731, 49.094317011900053 ], [ 6.264090173785753, 49.094281383923565 ], [ 6.263737434206162, 49.094119985605339 ], [ 6.263600638405553, 49.094123700783392 ], [ 6.262656780447842, 49.095238194896389 ], [ 6.262177984464312, 49.095251193021333 ], [ 6.260785124129653, 49.094893044650938 ], [ 6.260292202144119, 49.09468144692881 ], [ 6.260089831400821, 49.09473193144342 ], [ 6.26009265696247, 49.094776849129758 ], [ 6.259751227493446, 49.09479510994904 ], [ 6.259170582743769, 49.094495898600726 ], [ 6.258968211632646, 49.094546381236732 ], [ 6.258730891787518, 49.094912771385793 ], [ 6.261279862919165, 49.096004477756715 ], [ 6.262396325273192, 49.096325130206566 ], [ 6.262905779789397, 49.096581265075216 ], [ 6.262671306370227, 49.096992579795725 ], [ 6.262816593938791, 49.097123618249519 ], [ 6.264570780939545, 49.097777891064275 ], [ 6.26543925769719, 49.098294228414602 ], [ 6.265980822554686, 49.098189523671742 ], [ 6.266518421389797, 49.098021932132625 ], [ 6.26943642782396, 49.097789603688931 ], [ 6.270511024439938, 49.097445403686713 ], [ 6.273690971787921, 49.095936994612941 ], [ 6.273896171570859, 49.095931404577826 ], [ 6.274038646816231, 49.09601751230224 ], [ 6.275318321086152, 49.095883653913916 ], [ 6.275596820581726, 49.096820950523558 ], [ 6.273918066918529, 49.097145661938221 ], [ 6.27197525898461, 49.097846493483296 ], [ 6.271458732683188, 49.098130521956193 ], [ 6.271552158865396, 49.098307956571482 ], [ 6.271691800939014, 49.09834914961877 ], [ 6.272543273518381, 49.098811907118282 ], [ 6.272748484802549, 49.098806319057445 ], [ 6.273007914921487, 49.09857428171744 ], [ 6.27410974788116, 49.098661255130658 ], [ 6.275432126251486, 49.098985178407908 ], [ 6.275533517272932, 49.099288377741736 ], [ 6.277066815582507, 49.099696523890131 ], [ 6.277268621026266, 49.099637027635282 ], [ 6.277893526746071, 49.098900072581458 ], [ 6.278303948813775, 49.098888877849816 ], [ 6.281989101696156, 49.099517211653001 ], [ 6.282207995621093, 49.099511233852276 ], [ 6.282622474776523, 49.098914982910237 ], [ 6.284932206610322, 49.099247826745859 ], [ 6.28513684878141, 49.099233234165673 ], [ 6.285668162655572, 49.098318814396585 ], [ 6.285659618940281, 49.098184063607796 ], [ 6.285155731192368, 49.098017859461926 ], [ 6.285341004686243, 49.09769783119242 ], [ 6.285936114643296, 49.097357598345774 ], [ 6.287791505692151, 49.096577936004145 ], [ 6.288190507234698, 49.096387039674944 ], [ 6.289649692168305, 49.095843161382575 ], [ 6.289991117984396, 49.095824815685404 ], [ 6.290763474200553, 49.096118633547768 ], [ 6.29120694897914, 49.096412455036869 ], [ 6.291967337059289, 49.096517614142542 ], [ 6.292334431563052, 49.096687537847018 ], [ 6.292608032536426, 49.096680041973897 ], [ 6.292847975097132, 49.096358502471205 ], [ 6.293126711937592, 49.096431855728994 ], [ 6.29321164614198, 49.096474523320701 ], [ 6.293416845941331, 49.096468899976067 ], [ 6.295298703631539, 49.0943835321875 ], [ 6.295738096080106, 49.093966525512712 ], [ 6.29572952691445, 49.093831774867617 ], [ 6.295512913026174, 49.093657734599525 ], [ 6.295706104755552, 49.093463456344111 ], [ 6.29583718359516, 49.093369870836888 ], [ 6.296845831346179, 49.092208320959429 ], [ 6.29663822255362, 49.091314110025188 ], [ 6.296238048045211, 49.090839138217056 ], [ 6.301504949253846, 49.088984711864555 ], [ 6.302317040585488, 49.088827408777142 ], [ 6.305526759450989, 49.088667158386095 ], [ 6.305447197808534, 49.087634445930206 ], [ 6.305003087674693, 49.085396874432831 ], [ 6.305299828909124, 49.084893757211212 ], [ 6.310452154979371, 49.085120870026593 ], [ 6.310995786613885, 49.085051894754713 ], [ 6.311246368818359, 49.084685021074669 ], [ 6.312673240483091, 49.084501700384088 ], [ 6.312955386579658, 49.084628908784914 ], [ 6.313536910785567, 49.085152824632587 ], [ 6.313493688516772, 49.085334000748958 ], [ 6.312428813519843, 49.085822322779414 ], [ 6.312579362457456, 49.086034152802817 ], [ 6.314427107246384, 49.087504059325227 ], [ 6.314435723947347, 49.087638809465439 ], [ 6.314108146086194, 49.087872824939723 ], [ 6.314672483382532, 49.088127233492749 ], [ 6.321300281588426, 49.090418992257007 ], [ 6.321565209575542, 49.090276681166714 ], [ 6.322205354136043, 49.089575044274731 ], [ 6.325193945992739, 49.090239311323678 ], [ 6.325467508172943, 49.090231740636661 ], [ 6.326355890028379, 49.088488297814081 ], [ 6.329206840602984, 49.088076365816761 ], [ 6.329805014953851, 49.087789812338116 ], [ 6.332621591347888, 49.087909707138479 ], [ 6.332638919476772, 49.088179204678859 ], [ 6.334843502715974, 49.08837001680606 ], [ 6.334886080196463, 49.088818798976106 ], [ 6.33855152809606, 49.089139975596872 ], [ 6.342596296570539, 49.089180510727651 ], [ 6.343519775094375, 49.088839840924528 ], [ 6.344672516152095, 49.088654769764297 ], [ 6.345971302622467, 49.088609609699787 ], [ 6.346837138739998, 49.088225521818778 ], [ 6.347024897050037, 49.087950311467623 ], [ 6.34722095226259, 49.086954921648463 ], [ 6.347192772315275, 49.086730722880915 ], [ 6.347140563045872, 49.085922235206141 ], [ 6.346334498101835, 49.084684777661288 ], [ 6.346664810371185, 49.084495589746972 ], [ 6.347674878139174, 49.084224466400244 ], [ 6.34752071030233, 49.08395878068341 ], [ 6.345815051445151, 49.082368406306429 ], [ 6.346736832587282, 49.081154811364677 ], [ 6.347173713653916, 49.080494682760623 ], [ 6.346715559138156, 49.079976481876791 ], [ 6.347991084085963, 49.078726018922588 ], [ 6.347196867767265, 49.078307179061028 ], [ 6.347111093635911, 49.078039586138807 ], [ 6.347310835991634, 49.077314065892828 ], [ 6.347201862702143, 49.07668714164285 ], [ 6.346153285589454, 49.075510429780152 ], [ 6.344592576426171, 49.074887936441762 ], [ 6.343695546108125, 49.074147956937033 ], [ 6.342707107795571, 49.073689497592362 ], [ 6.341698644341148, 49.073132593607298 ], [ 6.341003971215748, 49.072980928307594 ], [ 6.339911252371348, 49.073029315929091 ], [ 6.339492368926104, 49.072905970964825 ], [ 6.339326704784528, 49.072460604747867 ], [ 6.339281209427497, 49.071966900219294 ], [ 6.338816845661666, 49.071349847932595 ], [ 6.338685637777004, 49.070588541812668 ], [ 6.33812484368229, 49.070388141932924 ], [ 6.337652078938353, 49.070491274690475 ], [ 6.336997346282851, 49.070959438989668 ], [ 6.336661881916737, 49.07106775240814 ], [ 6.336291377849718, 49.07148301894469 ], [ 6.335548026768595, 49.071638655660827 ], [ 6.335289011157988, 49.071870833940494 ], [ 6.335192534327103, 49.072287486352224 ], [ 6.333344903699154, 49.072311776513644 ], [ 6.332307856311918, 49.072160563276185 ], [ 6.331556402167714, 49.072190407730801 ], [ 6.330360877934955, 49.071917581759642 ], [ 6.329559925205936, 49.07202978080317 ], [ 6.327660574490394, 49.071461457651345 ], [ 6.325016199857499, 49.071876665666963 ], [ 6.323936586756173, 49.071915546166736 ], [ 6.323560926272212, 49.071610963294575 ], [ 6.322795225748936, 49.070777207552787 ], [ 6.322666413650722, 49.069835836151313 ], [ 6.322077627576668, 49.069411152966431 ], [ 6.321935145691667, 49.069325099952017 ], [ 6.319270188719395, 49.068561835530701 ], [ 6.318327563521781, 49.067957925967399 ], [ 6.317798573050466, 49.067396579810847 ], [ 6.317550383626794, 49.066728481935058 ], [ 6.317638945058034, 49.066186072267278 ], [ 6.317995190016655, 49.06554627319818 ], [ 6.31839901575388, 49.065436122553244 ], [ 6.318860273345845, 49.065153394708268 ], [ 6.320406077887665, 49.063841748958531 ], [ 6.320539913540939, 49.063793051440335 ], [ 6.321550449129163, 49.062892161364211 ], [ 6.322100174700873, 49.062067005613315 ], [ 6.322213861294425, 49.061703882594401 ], [ 6.322077155177674, 49.061707664418904 ], [ 6.321883604978159, 49.061893007496025 ], [ 6.32111788326231, 49.062553146534647 ], [ 6.320796821928543, 49.062886004717242 ], [ 6.319495728249236, 49.063740923141154 ], [ 6.318281793833534, 49.064674412069472 ], [ 6.318224933722274, 49.064855971226798 ], [ 6.317636155874122, 49.065286209820286 ], [ 6.315828287893872, 49.065714111569996 ], [ 6.315301521627933, 49.066043632284696 ], [ 6.315256136651159, 49.066404860273884 ], [ 6.315574839071213, 49.066891028183996 ], [ 6.315461094647276, 49.067254143099426 ], [ 6.31519052392879, 49.067306608767126 ], [ 6.314689469356868, 49.06782440265394 ], [ 6.314905465398765, 49.067989429227573 ], [ 6.315532208006854, 49.068152116764267 ], [ 6.315987648578696, 49.068634508404557 ], [ 6.314461004939504, 49.070035548886935 ], [ 6.313768749494701, 49.069919659710727 ], [ 6.312997330278548, 49.06985094691408 ], [ 6.312780389280273, 49.070099912658037 ], [ 6.311978753795119, 49.06998703004038 ], [ 6.311616666431449, 49.070536973478248 ], [ 6.311346648429142, 49.070598413829003 ], [ 6.310811396686483, 49.069938219733821 ], [ 6.310173177059341, 49.069595837477898 ], [ 6.309390873312425, 49.069356414607306 ], [ 6.308495943363095, 49.071000945771168 ], [ 6.308294285140079, 49.071060496086332 ], [ 6.306654340955985, 49.070259720045904 ], [ 6.305375666368098, 49.06953897392124 ], [ 6.305151747817824, 49.069464142167988 ], [ 6.304644274092106, 49.069883074137508 ], [ 6.303516991459136, 49.070463040864702 ], [ 6.303468022828079, 49.070554380530645 ], [ 6.303205685049303, 49.071596512521047 ], [ 6.302220233714318, 49.072253557572573 ], [ 6.301534268493395, 49.072236417061866 ], [ 6.301528548067309, 49.072146581677401 ], [ 6.301790576544732, 49.071959393936623 ], [ 6.302111815964735, 49.071626589467805 ], [ 6.301437651060406, 49.07093417901892 ], [ 6.301283759534631, 49.070668430622611 ], [ 6.301386797625406, 49.070350623926906 ], [ 6.301358198009522, 49.069901446067881 ], [ 6.300919414676528, 49.069463541648688 ], [ 6.300645958435946, 49.069471056632189 ], [ 6.299245752144297, 49.070067481445982 ], [ 6.298836134167875, 49.070087731538536 ], [ 6.298238397217465, 49.069519194499883 ], [ 6.299075734050342, 49.068902245871833 ], [ 6.299067160355635, 49.068767492181429 ], [ 6.298250634309974, 49.067988981535393 ], [ 6.29811105287194, 49.067947818116814 ], [ 6.299249589193418, 49.066683645221353 ], [ 6.299528747295606, 49.066765969350662 ], [ 6.299890559414955, 49.06707100440461 ], [ 6.30009850088761, 49.067110287449715 ], [ 6.300548070592445, 49.067502902222373 ], [ 6.30082380394711, 49.067531321777366 ], [ 6.300998059184704, 49.067256553579945 ], [ 6.301117623958236, 49.066983288221977 ], [ 6.299574242083646, 49.06640474743454 ], [ 6.298174750799086, 49.064427343411737 ], [ 6.297904587106995, 49.063624824091896 ], [ 6.298058847646908, 49.06303563192926 ], [ 6.29838062714712, 49.062711818197521 ], [ 6.299770024765921, 49.063024624081081 ], [ 6.300459298159493, 49.06309567655169 ], [ 6.300453580602278, 49.063005840321402 ], [ 6.300302576258879, 49.062785006757963 ], [ 6.299732868805621, 49.062440688186683 ], [ 6.299206993389056, 49.061924175395298 ], [ 6.295842977319801, 49.0591997542179 ], [ 6.295028933253114, 49.058457149223294 ], [ 6.29413917054007, 49.057815608878855 ], [ 6.292789776551597, 49.057051676625115 ], [ 6.29102579135574, 49.056443082942394 ], [ 6.291082689427822, 49.055397598491851 ], [ 6.29140556528554, 49.054443815338693 ], [ 6.291539403906512, 49.05439514968203 ], [ 6.291905628867111, 49.054556097901063 ], [ 6.297758071489254, 49.056798342290776 ], [ 6.298099237548293, 49.056779972874629 ], [ 6.298212509201567, 49.056407887036272 ], [ 6.296209758136721, 49.055274962545099 ], [ 6.295859467311268, 49.055149587218772 ], [ 6.294134756458241, 49.054080992333311 ], [ 6.293526438966026, 49.053557716744912 ], [ 6.293913678330025, 49.053187118643116 ], [ 6.294036100655257, 49.052958775329458 ], [ 6.292593419036717, 49.052017412217424 ], [ 6.292480045446218, 49.051525554410176 ], [ 6.292005524731282, 49.049873676312146 ], [ 6.293392742649349, 49.049295666703372 ], [ 6.293387038843745, 49.049205828941986 ], [ 6.291047549545969, 49.048154053245121 ], [ 6.290973513701219, 49.048066088497819 ], [ 6.291158573013245, 49.047746035767773 ], [ 6.291209809208967, 49.047474648419133 ], [ 6.290098184534333, 49.046569176928578 ], [ 6.289068028808517, 49.045652464013422 ], [ 6.288810063966532, 49.045038570242582 ], [ 6.290429487526268, 49.043806267389556 ], [ 6.29172537130338, 49.042006844957676 ], [ 6.294332108535264, 49.042097327463871 ], [ 6.295848455506232, 49.042262693277202 ], [ 6.2968927558702, 49.042324011962315 ], [ 6.298609187309764, 49.040683945307805 ], [ 6.29921555378591, 49.040532288333189 ], [ 6.299389726906185, 49.040257515321215 ], [ 6.300585141505129, 49.039036712810123 ], [ 6.300439921182892, 49.038905712640521 ], [ 6.300158625703079, 49.038787453083053 ], [ 6.299351124161437, 49.038143685036786 ], [ 6.299257093972111, 49.03774128994808 ], [ 6.299458633133009, 49.037681752885845 ], [ 6.300969723354445, 49.037766200131294 ], [ 6.302133488927444, 49.037770188385579 ], [ 6.302395341713654, 49.037582993124914 ], [ 6.302950822711721, 49.036847743320756 ], [ 6.303269549629329, 49.036478989135894 ], [ 6.303304187596646, 49.036163050531734 ], [ 6.30245289659447, 49.035691498993174 ], [ 6.302301963193296, 49.035470662140369 ], [ 6.302737941564668, 49.035008686851015 ], [ 6.303515502067745, 49.034537308442104 ], [ 6.305105989012793, 49.033935546082461 ], [ 6.306241047232607, 49.033490301830227 ], [ 6.306434547387194, 49.033304978893071 ], [ 6.306528892665591, 49.032852398535056 ], [ 6.306835546662703, 49.032294972438471 ], [ 6.306929886610413, 49.031842391328176 ], [ 6.306725516196922, 49.031857021948476 ], [ 6.305257151973298, 49.031366491051024 ], [ 6.303529861234216, 49.031108060891995 ], [ 6.30250230009065, 49.03109134274456 ], [ 6.301151460896675, 49.031371495989212 ], [ 6.299433376788243, 49.031472738471983 ], [ 6.298608467662755, 49.031414417095597 ], [ 6.297014981887849, 49.031107218472393 ], [ 6.295675399897183, 49.030703031176479 ], [ 6.292750374398017, 49.029901358831744 ], [ 6.291084111679783, 49.029740073306556 ], [ 6.289010265146576, 49.02962593391748 ], [ 6.286864684895491, 49.030107694481806 ], [ 6.286253283659928, 49.030178434849738 ], [ 6.28625672962883, 49.029368380410034 ], [ 6.285075523182424, 49.02908573465303 ], [ 6.28437591895893, 49.028843895733679 ], [ 6.28280030410497, 49.027951052161285 ], [ 6.28258116702552, 49.027732057468207 ], [ 6.282376237700176, 49.027737662693951 ], [ 6.281781334216613, 49.028068916795945 ], [ 6.281721545910329, 49.028205544986776 ], [ 6.282118705574442, 49.029724606282457 ], [ 6.281732125164692, 49.030104158700546 ], [ 6.281530595095436, 49.030163666446583 ], [ 6.281385447668803, 49.030032642128994 ], [ 6.280085366434742, 49.029168228519183 ], [ 6.277907675299376, 49.027625811627118 ], [ 6.277628761914593, 49.027543434176856 ], [ 6.277110650460251, 49.028007560040422 ], [ 6.275601941753781, 49.028822707434152 ], [ 6.275332098091846, 49.028884069325336 ], [ 6.275337201391724, 49.028964925655508 ], [ 6.273538506685087, 49.030390924658214 ], [ 6.272356516057139, 49.03096312769879 ], [ 6.272018342957109, 49.031026344642768 ], [ 6.268816125042851, 49.029511698068163 ], [ 6.267604942572425, 49.028968714714111 ], [ 6.266692003336366, 49.028597591261153 ], [ 6.266273652455843, 49.028473985879131 ], [ 6.265939640991774, 49.029473017392185 ], [ 6.264988143354135, 49.03131679575538 ], [ 6.26366833027643, 49.032963590632761 ], [ 6.263318984550383, 49.033720041231589 ], [ 6.262953245052226, 49.034215952862247 ], [ 6.262414171743721, 49.035220540770339 ], [ 6.260663221762125, 49.038939863569816 ], [ 6.26018852833692, 49.040752626409933 ], [ 6.259417904180269, 49.04221344580786 ], [ 6.259286888872463, 49.04230699623367 ], [ 6.256536080175606, 49.042318655363864 ], [ 6.256541719447259, 49.042408495459625 ], [ 6.255396047190719, 49.043348498341665 ], [ 6.255122721981216, 49.043355909926767 ], [ 6.254977604330672, 49.043224855352896 ], [ 6.253672981406871, 49.042504281568505 ], [ 6.253322879548838, 49.042378780700076 ], [ 6.252618709236181, 49.042937819359025 ], [ 6.25234876504247, 49.042999128771143 ], [ 6.252257906371752, 49.042641618966293 ], [ 6.251877247283345, 49.042246963249738 ], [ 6.25121058228994, 49.042094034124226 ], [ 6.250545296528315, 49.042400027369858 ], [ 6.248985515282185, 49.042631236974607 ], [ 6.248765239987179, 49.043267147015129 ], [ 6.247685659580918, 49.043953303642525 ], [ 6.246540701779979, 49.044470231766446 ], [ 6.245058727348217, 49.044852270565919 ], [ 6.243372663234212, 49.044816840785181 ], [ 6.242290374488264, 49.044585098082827 ], [ 6.241529358119423, 49.044236680845756 ], [ 6.24114186390459, 49.043293225441161 ], [ 6.240581543575205, 49.043308352028774 ], [ 6.240006553904104, 49.044403777952681 ], [ 6.240154442624458, 49.044579770800055 ], [ 6.239787081751142, 49.045273624920938 ], [ 6.238309167937429, 49.045502482308663 ], [ 6.238314776007652, 49.045592322983133 ], [ 6.238832382692083, 49.046208303608999 ], [ 6.238999549097996, 49.046473769436531 ], [ 6.237537368602124, 49.046297228358497 ], [ 6.233926214034812, 49.045467641180537 ], [ 6.23275289653972, 49.044653319209871 ], [ 6.23201447300425, 49.044007262181317 ], [ 6.231585447674191, 49.04371283965888 ], [ 6.230990037110799, 49.044043836994931 ], [ 6.228710697501135, 49.045473032270124 ], [ 6.228437357309909, 49.04548038311691 ], [ 6.227535027622292, 49.045279666098295 ], [ 6.226970211163239, 49.045222856200922 ], [ 6.226914984514459, 49.0452153415049 ], [ 6.226882560155852, 49.047115030700589 ], [ 6.226383657966356, 49.048118342292256 ], [ 6.225564786312161, 49.049040255876506 ], [ 6.224795237144026, 49.049654868334002 ], [ 6.224601384638984, 49.049840056723895 ], [ 6.224669903986434, 49.052483946670755 ], [ 6.225119630844676, 49.053110801815492 ], [ 6.225159817009172, 49.053316700956799 ], [ 6.225070836502457, 49.053427079714751 ], [ 6.224696478871907, 49.053572119983571 ], [ 6.223860739132717, 49.054224495470109 ], [ 6.22369978874961, 49.054498788157829 ], [ 6.22334885027289, 49.054580201706209 ], [ 6.223165852279649, 49.054720099668067 ], [ 6.222597030565026, 49.054600381307765 ], [ 6.219559604915319, 49.055077817979949 ], [ 6.216644593950823, 49.055542897987678 ], [ 6.215530660326836, 49.055464744539499 ], [ 6.213652649018, 49.055209054298771 ], [ 6.212605720623276, 49.054886107930997 ], [ 6.213260081236951, 49.053734724845498 ], [ 6.213513985955232, 49.053412964624549 ], [ 6.213748652041361, 49.053001728452834 ], [ 6.21339857595797, 49.052876112498545 ], [ 6.212146661368882, 49.052558648427933 ], [ 6.212261096337642, 49.052195626461092 ], [ 6.211131668316908, 49.051865876252783 ], [ 6.209084884119793, 49.051092688830558 ], [ 6.206519995346627, 49.049910351954367 ], [ 6.206443323613885, 49.049777414417115 ], [ 6.206810850670337, 49.048192770551488 ], [ 6.206455825932178, 49.04798627605394 ], [ 6.205925130978225, 49.047595491982406 ], [ 6.205785677699763, 49.047554220546161 ], [ 6.20545231182185, 49.047698106811957 ], [ 6.204285557261146, 49.047648260751117 ], [ 6.19833175800373, 49.047672028567149 ], [ 6.192814303344047, 49.046999976557565 ], [ 6.189097649398466, 49.046000885476261 ], [ 6.189175910628077, 49.044378992049708 ], [ 6.188478756262515, 49.044172535380213 ], [ 6.186595768489608, 49.043826576308312 ], [ 6.186453581647017, 49.04374036066946 ], [ 6.186808529683067, 49.043056015913223 ], [ 6.1856198310059, 49.042646615154325 ], [ 6.184584911388013, 49.042512091835903 ], [ 6.181357843903253, 49.042345683400953 ], [ 6.180092162200761, 49.042019259919527 ], [ 6.179679966430148, 49.041994182563478 ], [ 6.179217768932955, 49.041376497030569 ], [ 6.17910549293827, 49.040884527706623 ], [ 6.179400348914569, 49.040111806739347 ], [ 6.179490308297138, 49.039569485809373 ], [ 6.179812681581591, 49.039245982644346 ], [ 6.179837060378472, 49.038750392954555 ], [ 6.180025524683469, 49.038475430881022 ], [ 6.18012043058742, 49.038013968249977 ], [ 6.180095651302675, 49.037609670095918 ], [ 6.179464453520461, 49.036690495119267 ], [ 6.179458948254977, 49.036600650955023 ], [ 6.176789865612182, 49.036599327612514 ], [ 6.175805488769894, 49.03527552750986 ], [ 6.175146589818175, 49.033007212813288 ], [ 6.175064526127641, 49.032784408413228 ], [ 6.174009571947721, 49.032542340504406 ], [ 6.173307692096483, 49.032254933134148 ], [ 6.173143583580072, 49.031809321396707 ], [ 6.173506867043653, 49.031259775518272 ], [ 6.173897543843822, 49.030934479228165 ], [ 6.174375218932783, 49.030912847364256 ], [ 6.175282590682758, 49.031203811264362 ], [ 6.176061033992617, 49.031624166680018 ], [ 6.176334308592522, 49.031616934923299 ], [ 6.176992742697879, 49.031194551534014 ], [ 6.177205397957433, 49.031314908806557 ], [ 6.177640064109398, 49.031708358134729 ], [ 6.178047225168776, 49.031652582549157 ], [ 6.178917754791149, 49.031341559553162 ], [ 6.179393229699693, 49.031283969877677 ], [ 6.179887972553208, 49.031540834407984 ], [ 6.180229564576215, 49.031531783728319 ], [ 6.180753533041135, 49.031148937918367 ], [ 6.180884244479773, 49.030155577532547 ], [ 6.181105295425487, 49.029519784227155 ], [ 6.181159842517665, 49.029293361701981 ], [ 6.181072251644997, 49.028980715875406 ], [ 6.180694987194286, 49.028630751955561 ], [ 6.180719352586119, 49.028135157052546 ], [ 6.180902266863727, 49.027770345945015 ], [ 6.180910109539215, 49.027005215850089 ], [ 6.181144914478027, 49.026594032985344 ], [ 6.181256755323223, 49.026186109051146 ], [ 6.181587296215612, 49.025997364484532 ], [ 6.181502462146176, 49.025729640490887 ], [ 6.181341163841425, 49.025553934479142 ], [ 6.181537282999197, 49.025404749631477 ], [ 6.182217080318093, 49.025332730807094 ], [ 6.182539348231308, 49.025009215918288 ], [ 6.183470884649441, 49.024579547796876 ], [ 6.183503488037971, 49.024218717992419 ], [ 6.183159189518773, 49.024182855516734 ], [ 6.18259619228234, 49.023927814270948 ], [ 6.181541933670382, 49.023694794998242 ], [ 6.180340058201133, 49.023285696600574 ], [ 6.180257987590874, 49.023062893681171 ], [ 6.180634795882035, 49.022512959598188 ], [ 6.180661911873502, 49.022062284495739 ], [ 6.180257175155118, 49.021263089834711 ], [ 6.180183365386403, 49.021175054626717 ], [ 6.180161346042864, 49.020815672726727 ], [ 6.180420800080846, 49.020583817842301 ], [ 6.180955668891771, 49.020380658197105 ], [ 6.181064849754148, 49.020152785195648 ], [ 6.18084397241339, 49.019897665177425 ], [ 6.180026785856513, 49.019289384324338 ], [ 6.179873668840855, 49.019023467587765 ], [ 6.179791208856498, 49.017900758251685 ], [ 6.179348937710087, 49.017381527384444 ], [ 6.178548218849836, 49.016817795993546 ], [ 6.178660059037954, 49.016409870677556 ], [ 6.178337540639816, 49.016058447650963 ], [ 6.177851753369636, 49.015945326571973 ], [ 6.176955631210163, 49.015834069995641 ], [ 6.176248463380104, 49.01545682914012 ], [ 6.176242965928568, 49.015366983007652 ], [ 6.175967028333584, 49.015329291593524 ], [ 6.17542889439968, 49.015478522293662 ], [ 6.174951361700384, 49.015500158667592 ], [ 6.174531137140608, 49.015340293717536 ], [ 6.173869841828973, 49.014817839039715 ], [ 6.172706601941064, 49.014812607831765 ], [ 6.171706531889794, 49.014119116420453 ], [ 6.171543107117217, 49.013907456717725 ], [ 6.171791037036199, 49.013486941300549 ], [ 6.172875309843254, 49.01264834686976 ], [ 6.173129263862876, 49.012326659395313 ], [ 6.173769975979268, 49.011841754550638 ], [ 6.174441915031895, 49.011643993628994 ], [ 6.174559270420936, 49.011325916695213 ], [ 6.174397964178985, 49.01092522108091 ], [ 6.173802270894429, 49.010356033545563 ], [ 6.172838512284845, 49.0102555369077 ], [ 6.172622658985517, 49.010081261436547 ], [ 6.171666690937352, 49.008540677868027 ], [ 6.170685719854585, 49.007261723915335 ], [ 6.170469886217846, 49.007087444077882 ], [ 6.169016249950649, 49.005011037835878 ], [ 6.167475819251484, 49.005321698860172 ], [ 6.163799376036844, 49.005373721459385 ], [ 6.160024018008987, 49.004924282884993 ], [ 6.156922274618455, 49.004304015534636 ], [ 6.153736509830746, 49.00319992368447 ], [ 6.150001850263215, 49.002515127310126 ], [ 6.145513432873566, 49.002029967983823 ], [ 6.140793084997567, 49.001100759606736 ], [ 6.136658018817542, 48.99989509099111 ], [ 6.131171803669856, 48.998733562204144 ], [ 6.128250334128556, 48.998368836397255 ], [ 6.126399832434217, 48.998300096805281 ], [ 6.123121471674624, 48.998367505964396 ], [ 6.122392186224248, 48.998521478967994 ], [ 6.118123228704698, 48.998263571243527 ], [ 6.118052254411729, 48.99822042106215 ], [ 6.118912446383946, 48.996830199613868 ], [ 6.11914490718193, 48.996374201155973 ], [ 6.116644430584318, 48.995728276633216 ], [ 6.116085665924701, 48.995760793209222 ], [ 6.116214125711819, 48.995622469726889 ], [ 6.116400074298837, 48.995302671017946 ], [ 6.116653388577669, 48.994738146410356 ], [ 6.117449406286415, 48.992962637192996 ], [ 6.117640731459166, 48.992732686492801 ], [ 6.119062404935628, 48.993406649808698 ], [ 6.12010535320159, 48.993694489863927 ], [ 6.120446166867238, 48.993676623869945 ], [ 6.120662403122554, 48.992951069414886 ], [ 6.120727973304138, 48.992904367702508 ], [ 6.122218021048012, 48.992667605340735 ], [ 6.122376763672225, 48.992123525539043 ], [ 6.122368660930247, 48.991988749689028 ], [ 6.120608884713391, 48.991377617453061 ], [ 6.119329176746718, 48.990789970758762 ], [ 6.119383952352234, 48.990563568040038 ], [ 6.118052362633755, 48.990022253253166 ], [ 6.117962352487513, 48.989889606726344 ], [ 6.118601849532824, 48.989153048391721 ], [ 6.119431280066546, 48.989302459458088 ], [ 6.120350572749159, 48.989809492018637 ], [ 6.120631193150072, 48.989928177921598 ], [ 6.121354502799469, 48.990359310533002 ], [ 6.121572802329268, 48.990578606779614 ], [ 6.121911434704404, 48.990524796278983 ], [ 6.123819683167694, 48.989512196768295 ], [ 6.124226571278613, 48.98945660144858 ], [ 6.125045751056549, 48.989435257333298 ], [ 6.126221938392729, 48.989665577023231 ], [ 6.127788249460712, 48.989561741080692 ], [ 6.128124163018353, 48.989462987724572 ], [ 6.12856346772254, 48.989037565916554 ], [ 6.13004679327377, 48.987783968889872 ], [ 6.12989943924263, 48.987607831134092 ], [ 6.129618268817897, 48.987480181586001 ], [ 6.129544592834378, 48.987392112446045 ], [ 6.1277762308945, 48.986637321565524 ], [ 6.127276763508012, 48.986290380612829 ], [ 6.12702911898523, 48.985810882333276 ], [ 6.127252803963243, 48.985211101942113 ], [ 6.12793048648908, 48.984203513499857 ], [ 6.127881666407752, 48.983619838063838 ], [ 6.127538182288411, 48.982683879553036 ], [ 6.127721309867803, 48.982319133825214 ], [ 6.128682244314156, 48.98147513361365 ], [ 6.128736969359239, 48.9812487246407 ], [ 6.129334476350746, 48.98095415520045 ], [ 6.130060787756848, 48.980755211871376 ], [ 6.130052666861497, 48.980620435097805 ], [ 6.129152203150713, 48.979744013457086 ], [ 6.129070420746496, 48.979521166410557 ], [ 6.129605608897245, 48.979327212822128 ], [ 6.129581250547773, 48.978922881813524 ], [ 6.129884494737003, 48.978509999026784 ], [ 6.129849307995617, 48.977925964930236 ], [ 6.129467346509132, 48.977485971746908 ], [ 6.129044863337688, 48.97728101610295 ], [ 6.126635452590674, 48.976317957642479 ], [ 6.125383209982507, 48.975954640583232 ], [ 6.124619520388564, 48.975758564194599 ], [ 6.123421902603958, 48.975393803504915 ], [ 6.12313271206042, 48.975131359374984 ], [ 6.122000815947055, 48.974494894832574 ], [ 6.12125381646294, 48.973893395967359 ], [ 6.120924009299245, 48.973182040525273 ], [ 6.120566600253783, 48.972921366236768 ], [ 6.12049026195254, 48.972788364195011 ], [ 6.120744345370993, 48.972466775516999 ], [ 6.120329492122305, 48.972387581443584 ], [ 6.119546830617517, 48.972101975011547 ], [ 6.119473193493125, 48.972013898414957 ], [ 6.119061042801665, 48.971979626118433 ], [ 6.119183390196981, 48.972651388295709 ], [ 6.118798202789436, 48.973066376783784 ], [ 6.118325889840535, 48.973168655856334 ], [ 6.117550805008904, 48.973692772691898 ], [ 6.116653210752481, 48.973770106394213 ], [ 6.115575483236026, 48.973807118525556 ], [ 6.114397008852595, 48.973531764794387 ], [ 6.113029965778863, 48.973531273553171 ], [ 6.11268336017535, 48.973450280994278 ], [ 6.111444736603469, 48.973311448941125 ], [ 6.110666951664525, 48.973106652211122 ], [ 6.109876468241223, 48.972461217786694 ], [ 6.109655401134144, 48.972421956172788 ], [ 6.109208016502796, 48.972712536203481 ], [ 6.108471314412626, 48.97296562036189 ], [ 6.107521273664176, 48.973080242492145 ], [ 6.107133518233956, 48.973225281114594 ], [ 6.106879884220575, 48.973555826009296 ], [ 6.106952638929691, 48.97454385289695 ], [ 6.106834952918471, 48.974861874660547 ], [ 6.10649909328443, 48.974960569766708 ], [ 6.104763931475392, 48.974519561944113 ], [ 6.103804191895228, 48.974472419359124 ], [ 6.103176560407272, 48.974263687119645 ], [ 6.099894527498868, 48.97355666790375 ], [ 6.09768443600557, 48.97317283512313 ], [ 6.097608691588961, 48.973048803883486 ], [ 6.098356268400725, 48.970455718586976 ], [ 6.099178836871578, 48.969579531381193 ], [ 6.099613097845222, 48.968839367366876 ], [ 6.100852119480567, 48.968987307528863 ], [ 6.103336623777211, 48.969390973399207 ], [ 6.104746423729149, 48.969651442627793 ], [ 6.106198397138187, 48.968101955027244 ], [ 6.107468049418151, 48.968761990645795 ], [ 6.108951260798903, 48.969335481514534 ], [ 6.10991467476689, 48.969445480270892 ], [ 6.111139751947001, 48.969359696180817 ], [ 6.112613367730903, 48.96908746084835 ], [ 6.113631024324383, 48.968962040236278 ], [ 6.115039251896058, 48.968511487057121 ], [ 6.116440274520002, 48.968169095389555 ], [ 6.116574767577009, 48.967904619107244 ], [ 6.117235404012121, 48.967752451544996 ], [ 6.11729070351262, 48.967535030168328 ], [ 6.11630378695042, 48.967488697098219 ], [ 6.116354240100677, 48.967190408457455 ], [ 6.115255998511106, 48.967110963923979 ], [ 6.116197994545023, 48.965952565911962 ], [ 6.116121677652283, 48.965819560222052 ], [ 6.114444202329188, 48.9651972085585 ], [ 6.114239501837657, 48.965202527137656 ], [ 6.113854330155869, 48.965617502642651 ], [ 6.112277949370958, 48.965541452521656 ], [ 6.112316045907332, 48.965036502463946 ], [ 6.113039508614367, 48.96479273256621 ], [ 6.113420048368837, 48.963387954676072 ], [ 6.114230206201648, 48.963222918446739 ], [ 6.114277449964023, 48.962186767752122 ], [ 6.114411216562207, 48.962138295295048 ], [ 6.115398927995217, 48.962427603017787 ], [ 6.116012457437728, 48.962402654918321 ], [ 6.116676432633691, 48.962079413477625 ], [ 6.117469140768744, 48.961851812644916 ], [ 6.118612856472518, 48.961552078185449 ], [ 6.120045593163136, 48.960830837846203 ], [ 6.119348702201687, 48.959922041848372 ], [ 6.119303991129938, 48.959860209879736 ], [ 6.119208637002608, 48.959637707099446 ], [ 6.118922251591687, 48.959420175680336 ], [ 6.11816488931889, 48.958413953062859 ], [ 6.118429699851677, 48.95827207218813 ], [ 6.119299896607969, 48.957970445290698 ], [ 6.119430951078147, 48.957877040251304 ], [ 6.119638318975987, 48.957916639559379 ], [ 6.120496927030491, 48.958560242069872 ], [ 6.120835351998438, 48.958506432989729 ], [ 6.121165681889098, 48.958317842762462 ], [ 6.12108126937864, 48.958050059056831 ], [ 6.120288030222062, 48.957584746585077 ], [ 6.120348161398809, 48.957448189956352 ], [ 6.122429066445443, 48.956827029209428 ], [ 6.122882179435977, 48.956635234439851 ], [ 6.123956987576132, 48.956328239909844 ], [ 6.124232574314092, 48.956366052965393 ], [ 6.12461973841677, 48.956895924945002 ], [ 6.125626184925148, 48.956815683586747 ], [ 6.12596189104889, 48.95671693325199 ], [ 6.125599706465855, 48.955466458444477 ], [ 6.124033446880622, 48.951916517277795 ], [ 6.123987401042431, 48.9513777495795 ], [ 6.123491969779129, 48.950409721970217 ], [ 6.123213757250435, 48.94941803142757 ], [ 6.12669691198181, 48.949399189507254 ], [ 6.12827066149674, 48.949439109687845 ], [ 6.129429729694709, 48.949399844911461 ], [ 6.129606775963841, 48.94893624568887 ], [ 6.129500578505967, 48.94853404103722 ], [ 6.129140591373958, 48.948228459333961 ], [ 6.129002006421972, 48.948196080288838 ], [ 6.128784394297131, 48.947985774255507 ], [ 6.128969013543, 48.947647970993152 ], [ 6.129411203733437, 48.947276441851713 ], [ 6.129782590612346, 48.946636774183055 ], [ 6.129810107706269, 48.946186078473644 ], [ 6.12918541763089, 48.946022403881173 ], [ 6.128703095515276, 48.945954003548067 ], [ 6.128403104245801, 48.945736848213926 ], [ 6.128348907686395, 48.945063297732233 ], [ 6.128062564298361, 48.944845785192889 ], [ 6.127083892982918, 48.944475352096596 ], [ 6.126920328191588, 48.944254632387768 ], [ 6.126814290842773, 48.943627431534111 ], [ 6.126435308790263, 48.943232341843235 ], [ 6.126419097547696, 48.942962778340473 ], [ 6.12586374112161, 48.942815277065783 ], [ 6.125503814935302, 48.942509682819171 ], [ 6.124593286783333, 48.941453486420372 ], [ 6.124549944547533, 48.940959641082308 ], [ 6.124711606415487, 48.940694437485384 ], [ 6.124860706658951, 48.940447560341632 ], [ 6.12519630859861, 48.940348810647272 ], [ 6.12530286498251, 48.940076043870938 ], [ 6.125270456369734, 48.93953691491123 ], [ 6.125117854090395, 48.939270908472217 ], [ 6.124888815505368, 48.939096891389774 ], [ 6.125074508693073, 48.93877706232454 ], [ 6.125333799017103, 48.938545308674719 ], [ 6.125666686810843, 48.938401630019435 ], [ 6.12585777497697, 48.938171654483959 ], [ 6.127002954426267, 48.938132768648337 ], [ 6.12818401589609, 48.937327968539165 ], [ 6.129174395448612, 48.936987116668583 ], [ 6.129549920607804, 48.936644321143035 ], [ 6.129871966566985, 48.936320920721116 ], [ 6.131372156370989, 48.935372752571098 ], [ 6.131677838468384, 48.935004775960081 ], [ 6.132207146051102, 48.934720947754059 ], [ 6.134303791278449, 48.934378118238598 ], [ 6.134704278105159, 48.934223644153803 ], [ 6.136318578627195, 48.934037394463246 ], [ 6.139836334695478, 48.933477256091393 ], [ 6.140373722433856, 48.933328173490317 ], [ 6.141908382511473, 48.932954941167615 ], [ 6.144959548520898, 48.932586880510435 ], [ 6.146543722661565, 48.93258127610293 ], [ 6.147922745349278, 48.932797035943473 ], [ 6.148759523423705, 48.933081033660116 ], [ 6.1495886907972, 48.93323922948418 ], [ 6.149730514499741, 48.933325497736639 ], [ 6.150684636271166, 48.933291405847555 ], [ 6.151957921066989, 48.932888918491201 ], [ 6.152361612478495, 48.932788297718346 ], [ 6.154807170163135, 48.932570916996696 ], [ 6.156999042441359, 48.931775186366217 ], [ 6.157790020977775, 48.931529341791936 ], [ 6.158509522457278, 48.931006382869491 ], [ 6.158907728011258, 48.93081588580646 ], [ 6.158967726873159, 48.930679306432914 ], [ 6.159166282025033, 48.930575071875062 ], [ 6.159605381578993, 48.930158498462646 ], [ 6.161164842960721, 48.929073372139463 ], [ 6.161273918892414, 48.928845497624913 ], [ 6.161194810058488, 48.928667588993122 ], [ 6.160894782872011, 48.928450511510327 ], [ 6.160660194329526, 48.927961711530187 ], [ 6.160711993243863, 48.927690349585397 ], [ 6.161224700425489, 48.927361824061038 ], [ 6.161175541322623, 48.926553135659084 ], [ 6.161279149731531, 48.926235406285322 ], [ 6.161243645939156, 48.925651353022182 ], [ 6.161074533684874, 48.925340821695997 ], [ 6.160987238511278, 48.925028130710984 ], [ 6.160474505363137, 48.924681667967469 ], [ 6.160455393271551, 48.924367177210193 ], [ 6.161011670539001, 48.923632506898564 ], [ 6.162174963492828, 48.922773808259336 ], [ 6.162908402367088, 48.921584454247267 ], [ 6.163922152478157, 48.92051368675105 ], [ 6.163984859420657, 48.920422030910885 ], [ 6.164186645334189, 48.920371699861683 ], [ 6.164565646954387, 48.920091687691936 ], [ 6.164674655188257, 48.919638811117082 ], [ 6.164513742564373, 48.919463065026072 ], [ 6.163818359656944, 48.919256440964048 ], [ 6.163780129384652, 48.918852454566284 ], [ 6.165115662052749, 48.91835816612052 ], [ 6.165488628555027, 48.917979310201716 ], [ 6.165728493827529, 48.917432972780922 ], [ 6.165611144097675, 48.91685107866131 ], [ 6.165251164123648, 48.91654559647133 ], [ 6.164908137315366, 48.916518663532749 ], [ 6.165030662003858, 48.915390431070392 ], [ 6.165558927911635, 48.914422470620352 ], [ 6.166308744426334, 48.914402645341944 ], [ 6.166505034795244, 48.914262455028869 ], [ 6.166382213856003, 48.913590704841226 ], [ 6.166984201597855, 48.913385784532323 ], [ 6.167180486312205, 48.91324559298161 ], [ 6.1672840315694, 48.912927854524099 ], [ 6.167485785236511, 48.912877517571921 ], [ 6.168107461559161, 48.912996070017407 ], [ 6.168856709165086, 48.912967243255103 ], [ 6.169050250160778, 48.912782121042852 ], [ 6.169011383903571, 48.912144149772324 ], [ 6.16791622065319, 48.91120113049535 ], [ 6.167744379672938, 48.910845676808677 ], [ 6.168215482586277, 48.910734211707187 ], [ 6.168891063697425, 48.910617332955454 ], [ 6.169425394852001, 48.91042318931688 ], [ 6.169378915850455, 48.909884418480331 ], [ 6.169918713023195, 48.909780127828277 ], [ 6.169992347451962, 48.909868178518323 ], [ 6.170095493477109, 48.910216448467168 ], [ 6.170703451997887, 48.91011034961835 ], [ 6.170624160333676, 48.909257446617637 ], [ 6.172761107031186, 48.909371837393714 ], [ 6.17378019179734, 48.909290827076312 ], [ 6.174065684068208, 48.908599254853904 ], [ 6.173975671997156, 48.908466640338062 ], [ 6.172719799550515, 48.908022924943772 ], [ 6.171874593062516, 48.907820318948012 ], [ 6.171659715619752, 48.907655010623515 ], [ 6.171838982941322, 48.907236258937736 ], [ 6.172111605044087, 48.907229035948291 ], [ 6.173217987005231, 48.907460718273157 ], [ 6.173623632694103, 48.907395965662438 ], [ 6.173781577855394, 48.906851774807095 ], [ 6.174190507556059, 48.906840933454703 ], [ 6.176003044498422, 48.907233867197064 ], [ 6.176904976903113, 48.907470939408164 ], [ 6.177594765898261, 48.907587634637338 ], [ 6.178273029878778, 48.90751563020244 ], [ 6.178482237553165, 48.905800058975856 ], [ 6.178822455581637, 48.905782025709939 ], [ 6.179787037324604, 48.905927411678768 ], [ 6.182204726154338, 48.906169175943496 ], [ 6.185156116599451, 48.906207691315707 ], [ 6.186458191131808, 48.906290043863322 ], [ 6.18782622126164, 48.90633462560119 ], [ 6.188065393181237, 48.905113237591912 ], [ 6.187936271628597, 48.903451647646001 ], [ 6.185843976862911, 48.903840352630766 ], [ 6.184407863388357, 48.903797560998846 ], [ 6.183645010293776, 48.903601847364023 ], [ 6.182334213623458, 48.903375695647142 ], [ 6.181914322032483, 48.903206854288293 ], [ 6.181736916818751, 48.902761562760176 ], [ 6.180761505123683, 48.902661481913732 ], [ 6.180063536123271, 48.902410021255037 ], [ 6.178676401807733, 48.902050856411662 ], [ 6.177818097488774, 48.901632637923278 ], [ 6.177458151122254, 48.901327188150347 ], [ 6.177185560669487, 48.90133442334713 ], [ 6.177054752215515, 48.901427896366926 ], [ 6.176373823046734, 48.901454966466588 ], [ 6.175529176509308, 48.9010363696949 ], [ 6.175047210388489, 48.90096815300376 ], [ 6.174970838421074, 48.900835176806915 ], [ 6.174732958737902, 48.898726455308584 ], [ 6.174672412645979, 48.898629059576926 ], [ 6.17555546348412, 48.898335632004525 ], [ 6.175476900581518, 48.898166713416153 ], [ 6.175333953271491, 48.897837500075084 ], [ 6.175071482920073, 48.897115450311162 ], [ 6.174942169409556, 48.896785874680262 ], [ 6.174363597049558, 48.896252210391822 ], [ 6.173342362195046, 48.895622278198232 ], [ 6.171937862290663, 48.894750490594468 ], [ 6.170791907422632, 48.894312845819449 ], [ 6.169820394154163, 48.893825569916629 ], [ 6.169544503079853, 48.89355387135334 ], [ 6.169389674642482, 48.893476969925402 ], [ 6.169177600465232, 48.893356583312595 ], [ 6.168000567172147, 48.892631730595355 ], [ 6.167629301228842, 48.892362552200474 ], [ 6.16732836261022, 48.892127512224775 ], [ 6.16654883697098, 48.891878134120518 ], [ 6.166391284244549, 48.891756300237169 ], [ 6.167282924957911, 48.891156697089784 ], [ 6.166875670506076, 48.890744466084094 ], [ 6.165829450584795, 48.889476120886172 ], [ 6.164417942405796, 48.887137403877318 ], [ 6.164287017566491, 48.88633084868794 ], [ 6.164559397430311, 48.885423626531121 ], [ 6.164828012289655, 48.884903511285273 ], [ 6.163578306269332, 48.884999556655089 ], [ 6.162987474931073, 48.884709167727436 ], [ 6.162700772729817, 48.884482740117619 ], [ 6.162376449327619, 48.884086302212772 ], [ 6.162019990226789, 48.883834715819951 ], [ 6.16100353205866, 48.883501562111647 ], [ 6.160822041910797, 48.883434354503386 ], [ 6.160489041018973, 48.883344147697898 ], [ 6.159074754521281, 48.882976483506773 ], [ 6.157995660064171, 48.88273496044107 ], [ 6.15694491454912, 48.882285675562912 ], [ 6.155671290970192, 48.88176125791604 ], [ 6.153384600628185, 48.880957522313267 ], [ 6.155333452004899, 48.88001512856205 ], [ 6.156495312491375, 48.880272491531557 ], [ 6.156767251239558, 48.879581301635348 ], [ 6.157047901634496, 48.878808878656557 ], [ 6.157272416351282, 48.87823594053426 ], [ 6.15855522406954, 48.878463090965347 ], [ 6.159050583995969, 48.878531015732811 ], [ 6.159761767967784, 48.879007250022575 ], [ 6.160448413636768, 48.879079117882718 ], [ 6.16160316266167, 48.878994610371358 ], [ 6.161578602808111, 48.878590248424835 ], [ 6.160905532685055, 48.877843010232539 ], [ 6.159837964637485, 48.877340193632385 ], [ 6.159124086060678, 48.877044035717304 ], [ 6.158274522266858, 48.876535449458032 ], [ 6.158181880013054, 48.876357889919703 ], [ 6.158685911090608, 48.875669565814114 ], [ 6.158642300333294, 48.87517570305819 ], [ 6.158418876566067, 48.874866592209429 ], [ 6.158530569598649, 48.874458631870901 ], [ 6.158958295739079, 48.873862321947257 ], [ 6.159420902737041, 48.873616099552848 ], [ 6.160978747024649, 48.873430946266879 ], [ 6.162070716445429, 48.87343809202018 ], [ 6.162552410822602, 48.873506362639908 ], [ 6.163911913694553, 48.873425416792422 ], [ 6.164990261092846, 48.8734328961554 ], [ 6.166461006033085, 48.873834994892817 ], [ 6.166940523249593, 48.873867304474871 ], [ 6.167686474766044, 48.873793554814938 ], [ 6.167784470634024, 48.873385946119974 ], [ 6.167601773695154, 48.872625756425883 ], [ 6.167685552345778, 48.871984515328968 ], [ 6.168200352239538, 48.871475865511336 ], [ 6.168336569970116, 48.871472258117301 ], [ 6.168170325478914, 48.871206650692415 ], [ 6.166683073985377, 48.86963496697372 ], [ 6.16544170929297, 48.868515776431515 ], [ 6.164975757542909, 48.867808077306861 ], [ 6.164774072882087, 48.86718338870066 ], [ 6.164868767036227, 48.866496856542476 ], [ 6.164242609772547, 48.865397376516015 ], [ 6.163349539584394, 48.864394955363942 ], [ 6.163013846366495, 48.863584798774667 ], [ 6.162994661299837, 48.862595264692125 ], [ 6.163275127862621, 48.861822815242341 ], [ 6.16422834923924, 48.860897563026761 ], [ 6.165709353186222, 48.859679320882826 ], [ 6.166694689702228, 48.859059209549343 ], [ 6.16803109087377, 48.85972585300788 ], [ 6.168744782784213, 48.86002196244506 ], [ 6.169136992800945, 48.859966568973221 ], [ 6.170514438259706, 48.859066022066898 ], [ 6.170563441158542, 48.8589747186507 ], [ 6.169648156333466, 48.858503953589825 ], [ 6.169289102707896, 48.858207453256902 ], [ 6.167842638439514, 48.857300726767974 ], [ 6.167562624878943, 48.857182136805484 ], [ 6.166772692156271, 48.856753032816073 ], [ 6.16683531734701, 48.856661370161518 ], [ 6.169078777176086, 48.855647896904841 ], [ 6.169930557555002, 48.855076294869797 ], [ 6.170496902551572, 48.854521253764538 ], [ 6.170545841917258, 48.854204939504868 ], [ 6.170164443760255, 48.853765025927984 ], [ 6.170401229273713, 48.853173717284918 ], [ 6.17095338463828, 48.852610048063077 ], [ 6.171347662498131, 48.852365580091806 ], [ 6.172224541307328, 48.852207315759614 ], [ 6.173111816931826, 48.852219778690795 ], [ 6.173318805096931, 48.852259288978992 ], [ 6.173659222915886, 48.85225025548494 ], [ 6.173631844268874, 48.851800956322087 ], [ 6.172131299573481, 48.850004662823849 ], [ 6.171474862433287, 48.849527045117966 ], [ 6.169095672348051, 48.848753072005955 ], [ 6.168820622212512, 48.848715358355371 ], [ 6.167514734146877, 48.849442995613551 ], [ 6.166599813257853, 48.849872249074039 ], [ 6.166469661311741, 48.849974700925323 ], [ 6.165854202629044, 48.849945993555068 ], [ 6.164286062195463, 48.849276459085971 ], [ 6.162208743699048, 48.848755377857344 ], [ 6.16198813967588, 48.848491196623215 ], [ 6.161479344991872, 48.847298583216087 ], [ 6.160836602865572, 48.846145509819976 ], [ 6.160667734405981, 48.845609943237967 ], [ 6.159781119416616, 48.845606374054057 ], [ 6.159503367297405, 48.845523708383581 ], [ 6.15919292561532, 48.845126888153942 ], [ 6.158684219671823, 48.843709246659202 ], [ 6.158139636221727, 48.843723631728395 ], [ 6.157129978849486, 48.843939305668982 ], [ 6.15678688955126, 48.843903361576267 ], [ 6.156424742594671, 48.843552901987167 ], [ 6.155997250352199, 48.843249168643915 ], [ 6.155796312742243, 48.842633437243052 ], [ 6.155597562563679, 48.84182863676898 ], [ 6.155251766745519, 48.841747757464127 ], [ 6.155148318344031, 48.841165453850984 ], [ 6.154775308584191, 48.840860278454194 ], [ 6.154255882476916, 48.839262889280711 ], [ 6.154168806661291, 48.838275127916233 ], [ 6.155317219200824, 48.83810081608668 ], [ 6.155140262820501, 48.837655458950827 ], [ 6.154990527405612, 48.837434396811112 ], [ 6.154174292990002, 48.837464934575024 ], [ 6.153836688391374, 48.837518843706633 ], [ 6.152541277507718, 48.837517007194819 ], [ 6.151784407034709, 48.837401954682321 ], [ 6.151836248145678, 48.836230518081962 ], [ 6.150796818969543, 48.835951898452016 ], [ 6.149504258032022, 48.835319917395289 ], [ 6.148848247561199, 48.834617154851038 ], [ 6.148301731310079, 48.83369549211119 ], [ 6.148195624379228, 48.83329326178022 ], [ 6.147292013514568, 48.832101980481788 ], [ 6.146941538131515, 48.831265154890865 ], [ 6.146908973365245, 48.830725978432319 ], [ 6.145151439945961, 48.830970245413738 ], [ 6.144549775794023, 48.831166085012406 ], [ 6.143259944268546, 48.83125401081012 ], [ 6.142788964259621, 48.831356399490033 ], [ 6.141441970036275, 48.831400805616411 ], [ 6.140462554737915, 48.831210527148265 ], [ 6.140035256717197, 48.830906733419098 ], [ 6.139627457102328, 48.830926445215155 ], [ 6.139347107973323, 48.830798800122032 ], [ 6.139213701599876, 48.830847306210011 ], [ 6.13887666575036, 48.830910159746807 ], [ 6.136991233016352, 48.829483566706273 ], [ 6.136108952753028, 48.830226758881352 ], [ 6.135918846346344, 48.830465759664449 ], [ 6.135581268205576, 48.830519617608324 ], [ 6.135439747615447, 48.830433324553603 ], [ 6.136193502512061, 48.829819517208072 ], [ 6.136887926904688, 48.829126256508324 ], [ 6.137826621017731, 48.828867605358141 ], [ 6.13781850370453, 48.828732810360805 ], [ 6.137242148796376, 48.828216906681135 ], [ 6.136376738270161, 48.827654581851611 ], [ 6.135966258598118, 48.827629349476972 ], [ 6.13450796008255, 48.827181570681404 ], [ 6.132750363272747, 48.826516605910179 ], [ 6.130590446579207, 48.82596115985789 ], [ 6.129129423299121, 48.825693399108054 ], [ 6.127842398199013, 48.825826091047553 ], [ 6.127221852971109, 48.825707320308318 ], [ 6.127004220049308, 48.825488001187431 ], [ 6.127184614310218, 48.824178205941458 ], [ 6.127571331615346, 48.82380806615128 ], [ 6.128099408718151, 48.823749244077845 ], [ 6.128077831828571, 48.82338978731746 ], [ 6.12793903997857, 48.823348416944455 ], [ 6.127049031177058, 48.823281700160152 ], [ 6.126771989096874, 48.82320794328335 ], [ 6.126336618196947, 48.822994318782719 ], [ 6.125934259796535, 48.822194794544508 ], [ 6.125224698701714, 48.821727321472551 ], [ 6.12454749583994, 48.820889976228507 ], [ 6.124340669200159, 48.820850380468372 ], [ 6.123663458284901, 48.820922085122731 ], [ 6.123233649688466, 48.820573296275512 ], [ 6.123046256487524, 48.819948155353117 ], [ 6.125177153340676, 48.81934341957502 ], [ 6.125884520472504, 48.818865891598676 ], [ 6.126184167858936, 48.818408025413554 ], [ 6.126356472373435, 48.816963425971551 ], [ 6.126457495776047, 48.815466685499977 ], [ 6.126387288595774, 48.814523459519897 ], [ 6.125881795295635, 48.813366604725331 ], [ 6.125569645396053, 48.812933739844816 ], [ 6.125148518467788, 48.811819677515267 ], [ 6.12477333880607, 48.811244448870468 ], [ 6.122957425056796, 48.810049836518004 ], [ 6.121133215519469, 48.809170435938086 ], [ 6.120155810763831, 48.809916011556503 ], [ 6.119818349366872, 48.809969825991161 ], [ 6.118752731214612, 48.809241592964831 ], [ 6.117942963033423, 48.808461671704542 ], [ 6.117033726900408, 48.808980427548299 ], [ 6.116705939926506, 48.809195991755665 ], [ 6.115583816751464, 48.809801293528338 ], [ 6.115643079281742, 48.810564798230878 ], [ 6.115484819076675, 48.811108959503521 ], [ 6.114598256902605, 48.811096068781104 ], [ 6.114497825378766, 48.810783666326124 ], [ 6.1139508893748, 48.810752917745639 ], [ 6.112011670339234, 48.81022740128499 ], [ 6.109564166567983, 48.810318120242812 ], [ 6.108360572085145, 48.808873343949443 ], [ 6.108061454064711, 48.808656110705556 ], [ 6.10770523687184, 48.808395358996421 ], [ 6.106936893974008, 48.807164261279354 ], [ 6.106103360103893, 48.805295811741964 ], [ 6.105497913070944, 48.804510498004547 ], [ 6.104644166856581, 48.803902644754025 ], [ 6.104319242640829, 48.802335983875089 ], [ 6.104088961964843, 48.80190093777027 ], [ 6.103175047523346, 48.801654661473485 ], [ 6.102364690483281, 48.801774713707943 ], [ 6.101075514820697, 48.801862186845668 ], [ 6.097122285912653, 48.800911666441152 ], [ 6.095194272634298, 48.800565607464563 ], [ 6.0934209839971, 48.800530531518426 ], [ 6.09261328734604, 48.80069545154727 ], [ 6.091526048014249, 48.800741592285462 ], [ 6.090076872411759, 48.800428062598854 ], [ 6.084828647101536, 48.799690641921757 ], [ 6.084489088785485, 48.799708409901676 ], [ 6.084353052737934, 48.799711922101508 ], [ 6.084508391847346, 48.801877037497256 ], [ 6.084130133158922, 48.801931805251748 ], [ 6.082883967827935, 48.801594947141155 ], [ 6.081729652255661, 48.80096769089262 ], [ 6.080756133880567, 48.800632778542621 ], [ 6.078782315351481, 48.800431647018662 ], [ 6.077689764294933, 48.800387793673174 ], [ 6.077570854567649, 48.800219847476505 ], [ 6.077034816779323, 48.799909637041864 ], [ 6.076698597215349, 48.799522274447419 ], [ 6.076717664773567, 48.799152762903965 ], [ 6.076265384578932, 48.798876394018663 ], [ 6.075017752969958, 48.798512492441937 ], [ 6.072344111926738, 48.797762237381001 ], [ 6.071580054241781, 48.79751187023485 ], [ 6.071277930201057, 48.797933660432967 ], [ 6.071061815448793, 48.798659254940176 ], [ 6.071232258675068, 48.799239904369152 ], [ 6.071643866477831, 48.799751349691711 ], [ 6.072010232552542, 48.800650977125031 ], [ 6.072312331970608, 48.800922223180294 ], [ 6.073283682530704, 48.801221256845771 ], [ 6.073435976207114, 48.80126234148706 ], [ 6.073500628869442, 48.801665699339893 ], [ 6.073179402738893, 48.802457002870611 ], [ 6.072906952790572, 48.802689022089254 ], [ 6.072443507479703, 48.802916951940865 ], [ 6.072264000729932, 48.802876565769012 ], [ 6.071869836253089, 48.802661689652417 ], [ 6.070972523179908, 48.802000723291464 ], [ 6.070575352168407, 48.801965929371889 ], [ 6.070397281456869, 48.801718493184467 ], [ 6.068974956353787, 48.802322065863954 ], [ 6.068278634706795, 48.802528959702492 ], [ 6.067370551706204, 48.802147257588182 ], [ 6.067065581807159, 48.802290093514031 ], [ 6.067170999977219, 48.802692406684557 ], [ 6.066108400186838, 48.802926690868425 ], [ 6.065975798807036, 48.803452118189966 ], [ 6.065674922526991, 48.804359880230322 ], [ 6.06497393755815, 48.804719879956835 ], [ 6.064216280708493, 48.804811316648134 ], [ 6.063637599981455, 48.80493416099695 ], [ 6.063292440785232, 48.805321027385766 ], [ 6.063220966877965, 48.805727877405474 ], [ 6.064412413307956, 48.806525361818601 ], [ 6.0650386641685, 48.807211328982341 ], [ 6.065309854735402, 48.807420381377064 ], [ 6.063909499793493, 48.808401337256257 ], [ 6.063532630919169, 48.808248993611059 ], [ 6.063164213451868, 48.808240438064537 ], [ 6.062165289574152, 48.808401047403912 ], [ 6.060422469756401, 48.809120724687716 ], [ 6.059227124933249, 48.808953326563753 ], [ 6.05817512873982, 48.808674243827028 ], [ 6.056218108726493, 48.807833281594291 ], [ 6.055940722158895, 48.807750372772446 ], [ 6.054883143054644, 48.809235469546635 ], [ 6.053994326970169, 48.810113219590342 ], [ 6.053463226545174, 48.810351799956152 ], [ 6.052649988661595, 48.810426579930592 ], [ 6.050301367066058, 48.81081056629116 ], [ 6.048267187693769, 48.810979478249749 ], [ 6.044387671630564, 48.811051378683764 ], [ 6.043974218637235, 48.810971908858242 ], [ 6.043480139845786, 48.810678484868816 ], [ 6.04259193432085, 48.809936081499458 ], [ 6.04195708839422, 48.80956523322898 ], [ 6.041208732859499, 48.809584282008899 ], [ 6.039335788474506, 48.810180950961659 ], [ 6.038368707442316, 48.810889563115502 ], [ 6.037217886318013, 48.811017821574474 ], [ 6.033404294879251, 48.811051688669117 ], [ 6.032596245732508, 48.811216201569579 ], [ 6.027305215451568, 48.811386361006505 ], [ 6.023263727940327, 48.810075650988367 ], [ 6.021699140447442, 48.809413211920081 ], [ 6.01820687908754, 48.808169447374354 ], [ 6.016325746780224, 48.807685938438524 ], [ 6.014866436033656, 48.807191758093751 ], [ 6.014217175503307, 48.806803130831923 ], [ 6.013843158472493, 48.806461558891463 ], [ 6.013058996886973, 48.805860324113453 ], [ 6.012361056297405, 48.805571916483167 ], [ 6.01159654585667, 48.805546187606389 ], [ 6.010563668816057, 48.80535621298344 ], [ 6.007964064507528, 48.804224665017841 ], [ 6.008152068561803, 48.803940926837441 ], [ 6.008831650988155, 48.803203801647328 ], [ 6.009959020850016, 48.802671395753194 ], [ 6.012021978152347, 48.802061394443079 ], [ 6.014441202913708, 48.801487368599503 ], [ 6.015424547703947, 48.801057544193384 ], [ 6.016922926182777, 48.800110693743051 ], [ 6.017574006063143, 48.79959023745409 ], [ 6.016917019706847, 48.799066815694879 ], [ 6.016635062550676, 48.79890293106957 ], [ 6.016616343883507, 48.798579395088993 ], [ 6.016106853218077, 48.798250249820939 ], [ 6.016164474038205, 48.798068790231227 ], [ 6.016425108350056, 48.797864204294783 ], [ 6.016053740213355, 48.797567572178259 ], [ 6.015331896075953, 48.797099780710994 ], [ 6.015653788351417, 48.796776646771079 ], [ 6.016171406997648, 48.796304566132804 ], [ 6.016380133610988, 48.796380298335016 ], [ 6.017091494031774, 48.796902350066539 ], [ 6.017360960058089, 48.796850542988928 ], [ 6.017925174254537, 48.7962422735228 ], [ 6.017891364107384, 48.795658110260781 ], [ 6.016894872527313, 48.795152264451687 ], [ 6.017017901308643, 48.794924150559453 ], [ 6.017891476623293, 48.793777049443449 ], [ 6.018150002025676, 48.793536510387284 ], [ 6.018298820174505, 48.792812726939886 ], [ 6.018873905756537, 48.792393181071546 ], [ 6.019075336129965, 48.792343088714098 ], [ 6.019890942489622, 48.792313471678519 ], [ 6.020023598210357, 48.79131108352648 ], [ 6.019161104877233, 48.790765867031908 ], [ 6.017908864833103, 48.790311495169433 ], [ 6.017563624443544, 48.790230214272547 ], [ 6.017691839289871, 48.790091970451286 ], [ 6.018987923516197, 48.789186187949042 ], [ 6.019421748288911, 48.788680203988442 ], [ 6.019602348804524, 48.78827062338361 ], [ 6.019449903459935, 48.787284439930261 ], [ 6.019120062991705, 48.786527748577541 ], [ 6.018220730317069, 48.785344431573314 ], [ 6.018411731374771, 48.785114595809574 ], [ 6.018678014134438, 48.785008861958019 ], [ 6.017969116346958, 48.783820728937123 ], [ 6.018062705213636, 48.782378304752562 ], [ 6.018402480344122, 48.781424677824454 ], [ 6.019068693427417, 48.780228786504381 ], [ 6.018922300322502, 48.780052479355774 ], [ 6.018802065649758, 48.779857509987558 ], [ 6.017264954580834, 48.779653345184926 ], [ 6.015573162505266, 48.779129052896501 ], [ 6.015567966651213, 48.779039180191866 ], [ 6.0164202621756, 48.778234620576555 ], [ 6.01691153291757, 48.777781190567723 ], [ 6.01733956442166, 48.777176349031457 ], [ 6.017373568942174, 48.77564541844945 ], [ 6.017077761144257, 48.773591793655839 ], [ 6.015914200800981, 48.773486181260367 ], [ 6.015127610043775, 48.774955114698827 ], [ 6.014649096541929, 48.774922194148964 ], [ 6.014301366408202, 48.774795966190219 ], [ 6.014100518467562, 48.774855038582523 ], [ 6.01239936512361, 48.775816007606259 ], [ 6.012059418680582, 48.775824582876865 ], [ 6.011154805695825, 48.775487381393447 ], [ 6.011324421837282, 48.775123088056318 ], [ 6.011243463403917, 48.774900119545329 ], [ 6.010399598326329, 48.774435375005687 ], [ 6.009845326759664, 48.774269339236909 ], [ 6.009149781865481, 48.774250867616125 ], [ 6.009003439036987, 48.774074547393205 ], [ 6.007051106878378, 48.774222732914879 ], [ 6.005414748437601, 48.774182926226786 ], [ 6.004225696689185, 48.773870833117869 ], [ 6.00366886334888, 48.773659831800693 ], [ 6.002437859251875, 48.773564785689196 ], [ 6.000876698649131, 48.772938002342521 ], [ 5.999329851564072, 48.772085830288972 ], [ 5.999101966431613, 48.771911546839632 ], [ 5.998255675155439, 48.771401778301112 ], [ 5.997450361116322, 48.770656965453412 ], [ 5.997230921644876, 48.770392462716821 ], [ 5.997082564644685, 48.77018017761938 ], [ 5.996441639930667, 48.769926252525913 ], [ 5.994222920415427, 48.768514851573897 ], [ 5.99284087717285, 48.767208445876619 ], [ 5.991902841867129, 48.766520925708171 ], [ 5.990768628070014, 48.765973318710678 ], [ 5.990335009493172, 48.765534160930756 ], [ 5.989854326796596, 48.764511154777622 ], [ 5.991023185423347, 48.764238865955065 ], [ 5.990944791040032, 48.763583800530313 ], [ 5.992460578355924, 48.76295178834129 ], [ 5.992471143822438, 48.762186487764012 ], [ 5.992768542706693, 48.761675008718107 ], [ 5.993894806328702, 48.761610766979658 ], [ 5.994238312807224, 48.760954120197781 ], [ 5.994083146457296, 48.760147972089044 ], [ 5.993599861885006, 48.759080038611224 ], [ 5.99398211604146, 48.757675380697073 ], [ 5.993864462030838, 48.757048298870828 ], [ 5.993409565359488, 48.756474676646619 ], [ 5.991985662498176, 48.755619329336454 ], [ 5.991359049170212, 48.75537402059804 ], [ 5.990708032709851, 48.754940310189696 ], [ 5.990765694005583, 48.754758855976128 ], [ 5.991170893598519, 48.754703700221022 ], [ 5.992028125669044, 48.754223190798115 ], [ 5.992715474764752, 48.754340966424969 ], [ 5.99582690014415, 48.755189965472454 ], [ 5.997010314677629, 48.755412271895928 ], [ 5.997211623344453, 48.755362214772298 ], [ 5.997060558960959, 48.753205886629068 ], [ 5.997167402759747, 48.752933188324548 ], [ 5.997366120762235, 48.75283819305411 ], [ 5.997557094702602, 48.752608384113152 ], [ 5.999801430830451, 48.751633944126588 ], [ 6.001637273178939, 48.750894746844502 ], [ 6.001961550152704, 48.750616574502324 ], [ 6.002256722151907, 48.750069116466804 ], [ 6.002925423261693, 48.749863281740048 ], [ 6.00346389737616, 48.749759726595641 ], [ 6.005039324495142, 48.748991023692902 ], [ 6.006400490591354, 48.748047683968174 ], [ 6.007667778705636, 48.747601725918528 ], [ 6.007865939370139, 48.747497725185191 ], [ 6.008203112074993, 48.747444223886227 ], [ 6.00829178525875, 48.747802012998157 ], [ 6.009240582083469, 48.748678153906049 ], [ 6.011466643454401, 48.750224112971516 ], [ 6.01480352600971, 48.752147005637923 ], [ 6.016570187508958, 48.752804415717073 ], [ 6.016995607830336, 48.7530996836173 ], [ 6.017212476682705, 48.753319216694777 ], [ 6.01763322764786, 48.753533595022397 ], [ 6.018480014687984, 48.753818204097904 ], [ 6.019595982494348, 48.754285010551037 ], [ 6.023697897257721, 48.755540262670301 ], [ 6.024270815080726, 48.755795766645683 ], [ 6.025522848510422, 48.756025055849477 ], [ 6.027393825799026, 48.756598660673305 ], [ 6.027733644531298, 48.756590041625465 ], [ 6.027926584458611, 48.756396134463984 ], [ 6.02833958081239, 48.756475663594024 ], [ 6.029243975353279, 48.75681274053688 ], [ 6.029588491164254, 48.756885002679894 ], [ 6.031062738166145, 48.757423616812133 ], [ 6.032711126483609, 48.757678769519771 ], [ 6.03498794747027, 48.757971927281218 ], [ 6.037783938329047, 48.758062817537592 ], [ 6.040430393145725, 48.757923434180242 ], [ 6.04150735659427, 48.75771598467054 ], [ 6.042319789347422, 48.757641277039376 ], [ 6.042586407569248, 48.757544474697795 ], [ 6.052146300483857, 48.757138404291531 ], [ 6.051931897016189, 48.756963871830585 ], [ 6.050099773520738, 48.756128630689105 ], [ 6.046876522282723, 48.755013855706032 ], [ 6.042126306195856, 48.75315486236611 ], [ 6.040197300992729, 48.752987995471301 ], [ 6.038783193251669, 48.75231295116906 ], [ 6.038053400195206, 48.751701480304988 ], [ 6.037878249673482, 48.751030885541866 ], [ 6.039246135991953, 48.749276923086114 ], [ 6.039781914696913, 48.749128267115793 ], [ 6.040657457362222, 48.748970952843045 ], [ 6.041108019332907, 48.748761456593442 ], [ 6.041852246872017, 48.747752408189271 ], [ 6.041968682486715, 48.746714353476506 ], [ 6.042850202837437, 48.744792717905824 ], [ 6.043110854629016, 48.743660973490883 ], [ 6.043442726128353, 48.743517498228556 ], [ 6.043702871313143, 48.742610783717112 ], [ 6.044742974403897, 48.742710261410537 ], [ 6.04530746491936, 48.742821868478053 ], [ 6.047602961826149, 48.742745264791935 ], [ 6.049293186472217, 48.742558073315529 ], [ 6.049755672056104, 48.742321233802365 ], [ 6.049941125634756, 48.742001464937374 ], [ 6.049765393732605, 48.741555914661753 ], [ 6.049602791434474, 48.741335049398224 ], [ 6.049785616973586, 48.740970343405017 ], [ 6.049918876734333, 48.74092193327693 ], [ 6.05046241747309, 48.740908039597741 ], [ 6.051784253495466, 48.741171269189138 ], [ 6.052492062337984, 48.741639210889176 ], [ 6.053370915378259, 48.742471806691704 ], [ 6.053793830541013, 48.742722009160985 ], [ 6.053997664990757, 48.742716792713772 ], [ 6.054198009412366, 48.741721571858783 ], [ 6.054063893388726, 48.74082491886692 ], [ 6.053522660510089, 48.739947684780006 ], [ 6.05265961463088, 48.739384710865963 ], [ 6.051821209202901, 48.739010118855603 ], [ 6.049833617810028, 48.738763908836582 ], [ 6.049469830401378, 48.738593189406821 ], [ 6.049307701791869, 48.738147289884502 ], [ 6.049269718637452, 48.736798130942176 ], [ 6.049466980519091, 48.735748988174166 ], [ 6.04997062669947, 48.735286070798026 ], [ 6.051338503353703, 48.734477019801808 ], [ 6.051654533424072, 48.734063896640606 ], [ 6.051996007905678, 48.733155071572348 ], [ 6.052317279249253, 48.732831820911251 ], [ 6.053053493993096, 48.732623964481071 ], [ 6.053599575882408, 48.732654993764775 ], [ 6.053871302785782, 48.732648038806332 ], [ 6.05398306521267, 48.732465159562032 ], [ 6.053964139014195, 48.732141610729478 ], [ 6.052798042213802, 48.731280362773276 ], [ 6.052351579842774, 48.730625717433895 ], [ 6.052361261309978, 48.729860390363456 ], [ 6.052607970654884, 48.728494935561088 ], [ 6.052711846561809, 48.728177244278548 ], [ 6.053110993526489, 48.728023014537627 ], [ 6.055090829379536, 48.728143347352237 ], [ 6.055161384646567, 48.728186545286995 ], [ 6.056728413946567, 48.728227412617812 ], [ 6.057467703961055, 48.72807345306888 ], [ 6.058190670934395, 48.727640876918692 ], [ 6.05876419207838, 48.727212127863197 ], [ 6.059842556284464, 48.727040457452098 ], [ 6.062890179324014, 48.726809231258535 ], [ 6.063287176690484, 48.726619017418471 ], [ 6.063526830206821, 48.726297827767048 ], [ 6.064319906598481, 48.724279230722416 ], [ 6.064565215056787, 48.723822877080991 ], [ 6.065228586326334, 48.723535801450325 ], [ 6.065951034853075, 48.723328212871237 ], [ 6.06641327467849, 48.723091304912209 ], [ 6.066702337486183, 48.722453799867779 ], [ 6.067083451418629, 48.721993947988224 ], [ 6.067497246315469, 48.72116421025197 ], [ 6.067888903939381, 48.720884105226396 ], [ 6.068565422633384, 48.720821697715991 ], [ 6.06978685052859, 48.720772266933807 ], [ 6.070770334517309, 48.720377907050633 ], [ 6.071506828960345, 48.720178922073487 ], [ 6.073481120254006, 48.720209075808953 ], [ 6.074031846007591, 48.720320899215864 ], [ 6.075576081510673, 48.720902167757764 ], [ 6.075779828649083, 48.72089691402379 ], [ 6.086253833318237, 48.711904210862272 ], [ 6.086169997848746, 48.711636343620896 ], [ 6.074038999036464, 48.693173063078689 ], [ 6.073991052660046, 48.692589213821954 ], [ 6.073429686737064, 48.692522676021483 ], [ 6.071129456191102, 48.691555807346241 ], [ 6.063454633528361, 48.687036602701021 ], [ 6.063093795774181, 48.68691085611195 ], [ 6.063018021399475, 48.686777783577831 ], [ 6.062741793125442, 48.686703869624296 ], [ 6.051363776476542, 48.679965671937516 ], [ 6.051084452441023, 48.679837803271603 ], [ 6.05101134232854, 48.679749661730625 ], [ 6.050802506502266, 48.679664994513459 ], [ 6.050588949809518, 48.679499435942567 ], [ 6.050296057635189, 48.679371912784312 ], [ 6.033148566761755, 48.668945003180703 ], [ 6.032934588257197, 48.668770423454482 ], [ 6.031149192147162, 48.667744697870496 ], [ 6.030935225227088, 48.667570114379451 ], [ 6.030431609964176, 48.667321885630592 ], [ 6.030209832332923, 48.667012479730758 ], [ 6.029372227036149, 48.666628718896618 ], [ 6.027916174244154, 48.666359684726444 ], [ 6.026007626683413, 48.666255147987108 ], [ 6.022115433972215, 48.665921870080453 ], [ 6.021413533661003, 48.66576864641673 ], [ 6.021126567486481, 48.665505884247658 ], [ 6.020405981340922, 48.665029082114152 ], [ 6.018883286993257, 48.664545597971191 ], [ 6.01768575239676, 48.66404485852248 ], [ 6.017190096759858, 48.663697359782986 ], [ 6.017370283197658, 48.663287738568059 ], [ 6.017379670090748, 48.661802286625857 ], [ 6.01645176220713, 48.661969804175101 ], [ 6.01407783698826, 48.662038885563462 ], [ 6.013193827275151, 48.662025241123445 ], [ 6.010648388080237, 48.661711536875529 ], [ 6.008788747251046, 48.661272446380302 ], [ 6.006764382702899, 48.660567446848866 ], [ 6.005432028377112, 48.659844958699985 ], [ 6.003821130073943, 48.659003461864188 ], [ 6.004619963675103, 48.658245213287138 ], [ 6.005760285673222, 48.657046280964451 ], [ 6.006521461675818, 48.656342974872196 ], [ 6.006646793387087, 48.656159785736939 ], [ 6.007046043502535, 48.656014688911853 ], [ 6.007374873087539, 48.655826361946332 ], [ 6.008620663454327, 48.655281830398039 ], [ 6.008811231811358, 48.65505198435325 ], [ 6.009040547323822, 48.654551119546028 ], [ 6.008928116740615, 48.654013880039315 ], [ 6.008291752258916, 48.652634746475769 ], [ 6.007905950892006, 48.652068403692468 ], [ 6.00766886224425, 48.651489303388878 ], [ 6.006760611811757, 48.650342058920586 ], [ 6.006354175208324, 48.649416177853524 ], [ 6.006440093165487, 48.647838772051166 ], [ 6.006341268201285, 48.647301184701469 ], [ 6.006155892587057, 48.646675767918651 ], [ 6.006280567946346, 48.644827338936288 ], [ 6.006526010064026, 48.644371074046731 ], [ 6.006656479935032, 48.643332620302978 ], [ 6.006454974669514, 48.640772306816928 ], [ 6.006087492491602, 48.640286505530639 ], [ 6.005503532712347, 48.639815168054859 ], [ 6.00473951966853, 48.639519397838257 ], [ 6.004291343949177, 48.63881059164386 ], [ 6.003185758708758, 48.635877008875831 ], [ 6.003112790694423, 48.635788834736516 ], [ 6.002573498295018, 48.634911291774181 ], [ 6.000390866640652, 48.633085006818057 ], [ 5.998397385574415, 48.631712993793052 ], [ 5.997193073809491, 48.631077207582692 ], [ 5.995827258144089, 48.630940552695591 ], [ 5.993991983189083, 48.630905702257806 ], [ 5.992154654307973, 48.630834869513507 ], [ 5.991271177374698, 48.630821062129101 ], [ 5.991125295833731, 48.630644698466718 ], [ 5.989881549552027, 48.630504909439956 ], [ 5.988534066181956, 48.629737612187071 ], [ 5.988320396808668, 48.629562946693532 ], [ 5.986331983895644, 48.628271624667434 ], [ 5.985333855356506, 48.627675557771447 ], [ 5.98512020507948, 48.627500886239488 ], [ 5.985712429126082, 48.627170986447119 ], [ 5.986783840095111, 48.626910076105808 ], [ 5.988623706806361, 48.626314817802871 ], [ 5.989929593708798, 48.625642926559465 ], [ 5.99077393375295, 48.624973613788541 ], [ 5.991071083476736, 48.624471067954538 ], [ 5.991110615082055, 48.623974993820532 ], [ 5.991011279774408, 48.623662437926804 ], [ 5.989718907464364, 48.622668732199095 ], [ 5.98920893768821, 48.62206043625423 ], [ 5.988510616074842, 48.621006792490363 ], [ 5.988440260292317, 48.620963551265561 ], [ 5.988166537959954, 48.620925414924208 ], [ 5.987371893043298, 48.620324256555051 ], [ 5.98693181309139, 48.619750202972249 ], [ 5.987041002790089, 48.619522425991455 ], [ 5.986801727062477, 48.618898325447013 ], [ 5.986614120360819, 48.618227920421667 ], [ 5.985863504320277, 48.617445617465854 ], [ 5.985780333856502, 48.61717765865118 ], [ 5.986369872160429, 48.616802809578417 ], [ 5.988023702492127, 48.616284226146156 ], [ 5.988287134737103, 48.616142590301713 ], [ 5.989168309447897, 48.61612046546599 ], [ 5.989684380729517, 48.615648426832976 ], [ 5.990192536048304, 48.615275601284317 ], [ 5.990179696033752, 48.615050885465195 ], [ 5.988350444840624, 48.614160664937806 ], [ 5.986615414918612, 48.613493091376192 ], [ 5.985195286688021, 48.612871605053222 ], [ 5.983543490400892, 48.612471946347227 ], [ 5.981860751007255, 48.611766988653855 ], [ 5.980760956072054, 48.611524490866934 ], [ 5.979564998859454, 48.611023346418591 ], [ 5.978947337026711, 48.610903784495463 ], [ 5.977908189373425, 48.6105337218127 ], [ 5.976437671035225, 48.608068083005541 ], [ 5.975711127767952, 48.607465145525801 ], [ 5.97513631005147, 48.605949255856899 ], [ 5.975050447178517, 48.604916225014414 ], [ 5.975808722719406, 48.604168140837913 ], [ 5.976350352294887, 48.604145594238069 ], [ 5.976441665890955, 48.603603216869757 ], [ 5.976085455294152, 48.60330607254587 ], [ 5.976007467798971, 48.603127991618599 ], [ 5.976137889581145, 48.60303471433933 ], [ 5.976424321859867, 48.602343431440573 ], [ 5.97717793941075, 48.60151443783213 ], [ 5.977566628564343, 48.601189657376906 ], [ 5.977071595308789, 48.600121852746682 ], [ 5.977058815308268, 48.599897132717736 ], [ 5.976429058422863, 48.598607655468982 ], [ 5.977346258175865, 48.598269653291609 ], [ 5.977255493544187, 48.597866852073693 ], [ 5.977013104917448, 48.597422836240369 ], [ 5.976560322134192, 48.595903889415297 ], [ 5.976740593087464, 48.595494306661237 ], [ 5.977183445011779, 48.595168169750188 ], [ 5.977915977349785, 48.594924797506991 ], [ 5.978567451088085, 48.594449407189067 ], [ 5.978674067319417, 48.594176688958768 ], [ 5.978515545500616, 48.593775583552926 ], [ 5.977833922941038, 48.592766457723272 ], [ 5.977615081627412, 48.59178175328428 ], [ 5.977878426514529, 48.590685961555209 ], [ 5.97830077798904, 48.590000264407514 ], [ 5.978816689864556, 48.589528262761348 ], [ 5.979593103745365, 48.589103744560198 ], [ 5.980106437092855, 48.588586792608098 ], [ 5.980255198667221, 48.587862930821856 ], [ 5.980229617443483, 48.587413486901738 ], [ 5.984639232810417, 48.58741095939925 ], [ 5.985243306114435, 48.587296783777624 ], [ 5.986077127374923, 48.586690745264107 ], [ 5.986613444742737, 48.586578263045268 ], [ 5.98743663538814, 48.586737628384157 ], [ 5.989806669942936, 48.586660084496096 ], [ 5.990564180454515, 48.586857086112609 ], [ 5.991647582025903, 48.586820844396378 ], [ 5.992580594689898, 48.586527325060217 ], [ 5.993820265375292, 48.58590201751953 ], [ 5.994987022609251, 48.585188513962038 ], [ 5.99497931067219, 48.585053681462213 ], [ 5.994182561771023, 48.58440760665713 ], [ 5.993304732358129, 48.583529520631231 ], [ 5.992794397320737, 48.583146282819214 ], [ 5.993831461644525, 48.579690501103272 ], [ 5.993954084872562, 48.579462369336028 ], [ 5.994828471721459, 48.579332335394881 ], [ 5.995195834876011, 48.577927802329306 ], [ 5.995438691538692, 48.576481392534227 ], [ 5.994813935299568, 48.574570729956186 ], [ 5.993403375372377, 48.571014497616446 ], [ 5.992384944771235, 48.570995118060004 ], [ 5.991987343909458, 48.569258758162945 ], [ 5.992325440015149, 48.569241249565536 ], [ 5.9933566788733, 48.569485353542476 ], [ 5.993632705014133, 48.569568424324146 ], [ 5.993970802567874, 48.5695509110556 ], [ 5.994293998013753, 48.569272717246683 ], [ 5.994783469234918, 48.569530448765626 ], [ 5.995119510161449, 48.569476976439262 ], [ 5.995234393635573, 48.56911400722587 ], [ 5.995299545144606, 48.569067356782355 ], [ 5.995830716157292, 48.567919737166072 ], [ 5.997123912228509, 48.56539361933325 ], [ 5.997314204146501, 48.565163774680336 ], [ 5.998598533593163, 48.563195976392365 ], [ 6.000179069315095, 48.559771366412754 ], [ 6.000449906923196, 48.559764532077516 ], [ 6.002208804296425, 48.55969312690528 ], [ 6.002753054164359, 48.559724393299447 ], [ 6.005402994180915, 48.559819476602335 ], [ 6.006007220010958, 48.559714182016613 ], [ 6.006590163573152, 48.559474392244027 ], [ 6.006572108296893, 48.55915977825444 ], [ 6.008752675480456, 48.558402459793278 ], [ 6.009281426265813, 48.558164027277471 ], [ 6.010744635083906, 48.557667879643695 ], [ 6.011252078481175, 48.55729494662156 ], [ 6.011710000863923, 48.557004284085423 ], [ 6.01312147527578, 48.556788479828334 ], [ 6.014388124887164, 48.556648347045325 ], [ 6.01531995577733, 48.556345653322637 ], [ 6.018935073988372, 48.553895360856764 ], [ 6.0196424164186, 48.553463299410986 ], [ 6.021659165812677, 48.552223775913056 ], [ 6.022125281514357, 48.552076895432783 ], [ 6.022205942091333, 48.552299898275457 ], [ 6.023418818580944, 48.552170034608039 ], [ 6.024483839084044, 48.551827868633019 ], [ 6.025726980168768, 48.55128311179709 ], [ 6.025789486981982, 48.551191499257264 ], [ 6.027689310095661, 48.550278919736414 ], [ 6.028526727559915, 48.549753466291008 ], [ 6.028589227656745, 48.549661852167212 ], [ 6.02862575008714, 48.549120790640252 ], [ 6.029843734641093, 48.549080750618366 ], [ 6.030796222686611, 48.548201260806493 ], [ 6.031148267695385, 48.547724169677899 ], [ 6.031406038827213, 48.547492541073524 ], [ 6.031523222998812, 48.547174475180107 ], [ 6.030055825755139, 48.547589982002108 ], [ 6.029330460487373, 48.547707493991062 ], [ 6.029343042508907, 48.546986997203177 ], [ 6.029946552587814, 48.546872590974367 ], [ 6.029936157649806, 48.546692811772822 ], [ 6.02839417823207, 48.544175478905196 ], [ 6.028368205664696, 48.543726029539599 ], [ 6.02853120697405, 48.543496820789855 ], [ 6.028578115213831, 48.543135536464135 ], [ 6.02841936596603, 48.542734481027615 ], [ 6.02838245389059, 48.542330321061513 ], [ 6.028575122395123, 48.542145367160153 ], [ 6.028635015958197, 48.54200880745163 ], [ 6.027963488886859, 48.541179706761689 ], [ 6.027177421774429, 48.54047955105807 ], [ 6.026435659389567, 48.539607219487692 ], [ 6.026230016630442, 48.5395674446128 ], [ 6.026099841851966, 48.53966078154599 ], [ 6.025628658271301, 48.539717788770965 ], [ 6.024313788683487, 48.538544954527509 ], [ 6.024883443277644, 48.538080344872157 ], [ 6.02494334181167, 48.537943786578865 ], [ 6.02486787954986, 48.537810673497042 ], [ 6.023865330271936, 48.537116006104753 ], [ 6.024323525203503, 48.536834279363553 ], [ 6.025117514190637, 48.536498992324447 ], [ 6.025177410308808, 48.536362433740592 ], [ 6.02496140543733, 48.536142875431459 ], [ 6.024791763276939, 48.535787102742773 ], [ 6.024927118542428, 48.535783657567301 ], [ 6.026420696594873, 48.535826651958246 ], [ 6.026327068019076, 48.535378922601609 ], [ 6.025849825470583, 48.534625881403464 ], [ 6.024462785246537, 48.533139804911123 ], [ 6.023369844206252, 48.532051333184818 ], [ 6.023096560580322, 48.532013274376482 ], [ 6.022700890755215, 48.532203385164514 ], [ 6.022027269198595, 48.532274531473675 ], [ 6.021332402558364, 48.531977120748358 ], [ 6.020962371618845, 48.531671448534212 ], [ 6.019679466248481, 48.530812830459766 ], [ 6.019522822144957, 48.530681776775815 ], [ 6.01984823176701, 48.530448450490148 ], [ 6.021867200420553, 48.529262835393482 ], [ 6.02239818918635, 48.529069284619233 ], [ 6.022525752766605, 48.528931005346017 ], [ 6.022452901034717, 48.52884283538166 ], [ 6.02188506239911, 48.528632220030026 ], [ 6.02097998798962, 48.528214121114502 ], [ 6.019912834908679, 48.528511316508279 ], [ 6.019374594026908, 48.528579008355948 ], [ 6.018466434975238, 48.528106955445367 ], [ 6.015534225193784, 48.527083127130979 ], [ 6.015167455508306, 48.526597308885002 ], [ 6.015612072123033, 48.526315956767448 ], [ 6.015666810397909, 48.526089510157178 ], [ 6.01402526727234, 48.525825083827677 ], [ 6.013416280870297, 48.525840530178769 ], [ 6.012880642094101, 48.525953138678297 ], [ 6.010846033532109, 48.52592369209556 ], [ 6.010022177898418, 48.525737513282472 ], [ 6.009137370794518, 48.525669902036675 ], [ 6.009056806736536, 48.525446885583094 ], [ 6.006887405860795, 48.52542978757733 ], [ 6.005234971233021, 48.525210528278635 ], [ 6.003781049820714, 48.524671149096697 ], [ 6.002997982338181, 48.524249832819486 ], [ 6.002454615233487, 48.524227555900012 ], [ 6.000477675595702, 48.522125958856982 ], [ 5.999904854401445, 48.521825344728981 ], [ 5.99995194042724, 48.521464065470973 ], [ 5.999385461800578, 48.521037257148002 ], [ 5.998390602034664, 48.520702278585567 ], [ 5.998346905729368, 48.51993818916926 ], [ 5.996663853235686, 48.519179452151306 ], [ 5.996778615867908, 48.518816466810392 ], [ 5.996794206972266, 48.518140903462189 ], [ 5.99712734744848, 48.518042476710754 ], [ 5.996719023399847, 48.517062527151225 ], [ 5.99688019740455, 48.516563336006058 ], [ 5.99708589987114, 48.515657918039842 ], [ 5.997262481090703, 48.51542840567879 ], [ 5.997252204392306, 48.515248619127064 ], [ 5.997038972314983, 48.515073953063315 ], [ 5.996895962103481, 48.514942526574984 ], [ 5.997096348041335, 48.514892459647704 ], [ 5.997395382902717, 48.514434799911648 ], [ 5.997320024360884, 48.51430166686346 ], [ 5.996350311015731, 48.513930029305705 ], [ 5.996077141404349, 48.513891907843266 ], [ 5.99619446470482, 48.513573868271585 ], [ 5.996498636749417, 48.513206103790537 ], [ 5.99698725584573, 48.512509601786192 ], [ 5.99690933237349, 48.512331521524537 ], [ 5.994482936706445, 48.511600509902053 ], [ 5.99330195419711, 48.511324197232071 ], [ 5.992747951603935, 48.511113098858083 ], [ 5.992800207561764, 48.510841713159785 ], [ 5.990743638684333, 48.51041638941426 ], [ 5.989627785841376, 48.510093389787905 ], [ 5.987914107368014, 48.509740408090401 ], [ 5.987908985584056, 48.5096505140095 ], [ 5.988028909887333, 48.509377428485344 ], [ 5.987890672606558, 48.508615710661836 ], [ 5.986996454599964, 48.508377134777625 ], [ 5.986588033740389, 48.508342393406522 ], [ 5.986684194258656, 48.507889860603107 ], [ 5.987064450780612, 48.507430183224969 ], [ 5.987324778797229, 48.507243589917216 ], [ 5.98788366598297, 48.50659036794265 ], [ 5.988206837957278, 48.505366924658794 ], [ 5.98837574017976, 48.505002582038856 ], [ 5.988576096286188, 48.504952529083752 ], [ 5.989424660077398, 48.504391033896134 ], [ 5.989522838483861, 48.503974455153127 ], [ 5.989283853900352, 48.503584367469429 ], [ 5.989541080568519, 48.503343832057382 ], [ 5.989939215194978, 48.503198774520044 ], [ 5.989907751852441, 48.502884484436329 ], [ 5.989764792723283, 48.502753048101148 ], [ 5.989824742320185, 48.502616503681452 ], [ 5.990219795624206, 48.502417508412847 ], [ 5.990555411405357, 48.502364046109484 ], [ 5.990745503521532, 48.502134200397371 ], [ 5.991327364459196, 48.501885484963985 ], [ 5.991860752685898, 48.501737013650022 ], [ 5.992771734098548, 48.50108389474974 ], [ 5.993150673008153, 48.500840283120276 ], [ 5.993666087781566, 48.500377172810943 ], [ 5.994066754199427, 48.500277048355798 ], [ 5.994342417419458, 48.500360122082959 ], [ 5.994747701732968, 48.500340900353194 ], [ 5.994797370301975, 48.500024564233321 ], [ 5.996362345207711, 48.499201880282861 ], [ 5.997613264935706, 48.498810215161889 ], [ 5.997800230682919, 48.498526420849203 ], [ 5.997706230439879, 48.498303733360075 ], [ 5.997220491170116, 48.498099935911959 ], [ 5.997129062360924, 48.497922195149265 ], [ 5.997649550637014, 48.497548961043776 ], [ 5.997704336413987, 48.497322517554544 ], [ 5.997155600312298, 48.497201331942691 ], [ 5.996507738900457, 48.496767560474851 ], [ 5.997616321228, 48.496019387524413 ], [ 5.998851224377716, 48.495349034912969 ], [ 5.999474896838152, 48.49464909711142 ], [ 6.000405780864107, 48.492690050828308 ], [ 6.001079023802229, 48.491673762581257 ], [ 6.000978078609071, 48.490145892035983 ], [ 5.999647400292168, 48.489612360474432 ], [ 5.999574641570059, 48.489524173752422 ], [ 5.998378202064169, 48.488969232110897 ], [ 5.997687124647951, 48.488725610076372 ], [ 5.99578169917459, 48.487612382384306 ], [ 5.995282029846829, 48.487399926986996 ], [ 5.994856319632675, 48.487059569254654 ], [ 5.994843491015337, 48.486834830776161 ], [ 5.995344717130874, 48.486363059658075 ], [ 5.996218764063761, 48.485305717982541 ], [ 5.996720476662749, 48.484842930042234 ], [ 5.997250081724782, 48.484631505716848 ], [ 5.99688138285716, 48.483866597358492 ], [ 5.995548160969139, 48.483522139256827 ], [ 5.993674256567546, 48.482957236751872 ], [ 5.993180469869906, 48.482609587143898 ], [ 5.992504623083878, 48.481681361885983 ], [ 5.990459536158386, 48.480724615031427 ], [ 5.988601355830653, 48.480195249061651 ], [ 5.985515842298562, 48.479750742813145 ], [ 5.985315579456921, 48.479800791598954 ], [ 5.983587680600958, 48.480132311148438 ], [ 5.983090263098297, 48.480910022263565 ], [ 5.982571094358424, 48.481067106549013 ], [ 5.980678566214531, 48.48112364163714 ], [ 5.979332008048211, 48.481256470312722 ], [ 5.978578104749841, 48.481095339199811 ], [ 5.977257574879753, 48.480732356485007 ], [ 5.976028899614997, 48.480556108162126 ], [ 5.975959294797305, 48.479567583566066 ], [ 5.975796041745628, 48.479076541035276 ], [ 5.976209100142457, 48.478481025941605 ], [ 5.97636606063501, 48.476712606645869 ], [ 5.976214105252971, 48.474510808462675 ], [ 5.976305194787676, 48.473968374940711 ], [ 5.976375114934329, 48.473291434423558 ], [ 5.976810061234361, 48.472605339328702 ], [ 5.977183768886151, 48.47227187599502 ], [ 5.977862810382045, 48.471354590111389 ], [ 5.978373477759947, 48.469856359914971 ], [ 5.979153213030433, 48.468567432442541 ], [ 5.981426899750201, 48.469032486104638 ], [ 5.981912819573669, 48.469245342475652 ], [ 5.982250275041942, 48.469227861119627 ], [ 5.982741739243353, 48.468585331989345 ], [ 5.983238623891204, 48.468752894673187 ], [ 5.983908595593959, 48.467916819012373 ], [ 5.984155960776092, 48.46750548381754 ], [ 5.985546758917274, 48.465300881819218 ], [ 5.98584890177172, 48.46466309857373 ], [ 5.985981519203339, 48.464614748871355 ], [ 5.98726976777639, 48.464654349235161 ], [ 5.987103169933264, 48.464343451425279 ], [ 5.987168198677137, 48.464296801558739 ], [ 5.988205752149483, 48.464450732949373 ], [ 5.989207771719707, 48.465406782974682 ], [ 5.989475563975691, 48.465355024542383 ], [ 5.99341226909929, 48.462699044309026 ], [ 5.995707256979725, 48.461641836736952 ], [ 5.996884058778126, 48.461152986988793 ], [ 5.999102974845144, 48.460898869359269 ], [ 6.000248784774537, 48.46081588913502 ], [ 6.001252231932108, 48.460610460697453 ], [ 6.002644628894812, 48.459395881948282 ], [ 6.003023880323935, 48.458927146361788 ], [ 6.003793023707749, 48.458412529168427 ], [ 6.003717729333158, 48.4582793943338 ], [ 6.002733578793409, 48.457638101393421 ], [ 6.002660859184539, 48.457549914363973 ], [ 6.00354082314971, 48.456843436073768 ], [ 6.004535987301744, 48.455548854976868 ], [ 6.004909397542018, 48.455215299993604 ], [ 6.005767292808557, 48.453888170641704 ], [ 6.006347133788195, 48.45337832787083 ], [ 6.006637500552095, 48.452776787199333 ], [ 6.006629778147509, 48.452641941284234 ], [ 6.006014431992571, 48.452531494399949 ], [ 6.005801425385284, 48.452356835484629 ], [ 6.005935933018954, 48.451633205691998 ], [ 6.007341509980445, 48.45136351362661 ], [ 6.008715527840095, 48.450779506984667 ], [ 6.00993840305409, 48.449920231006892 ], [ 6.009982778766363, 48.449513978753082 ], [ 6.009731006974008, 48.448899172158114 ], [ 6.010193146776813, 48.448698388033364 ], [ 6.010047707508913, 48.448522021844667 ], [ 6.009470996768271, 48.448140528792464 ], [ 6.008645275186223, 48.447900390591791 ], [ 6.008432278610305, 48.447725735772991 ], [ 6.008465726716185, 48.447364774854883 ], [ 6.008828750889726, 48.446851410239127 ], [ 6.008750884670603, 48.446673328607993 ], [ 6.007816305489442, 48.445949793325141 ], [ 6.008006117938042, 48.44571990989423 ], [ 6.009361432898024, 48.44481226131682 ], [ 6.009954021641958, 48.44452714169006 ], [ 6.00966574509475, 48.444219356258024 ], [ 6.007964356398494, 48.443101143127691 ], [ 6.009405027916293, 48.441795200203238 ], [ 6.010244103637556, 48.441089691979563 ], [ 6.01022080120152, 48.440919228786882 ], [ 6.009722147758572, 48.440481738654832 ], [ 6.009917084780398, 48.440341749202958 ], [ 6.010122264138057, 48.439436254795403 ], [ 6.010597132343197, 48.438514911499261 ], [ 6.011098271474601, 48.4380520460357 ], [ 6.012331640144851, 48.43738152309475 ], [ 6.013056136121086, 48.437039016229328 ], [ 6.014551915351277, 48.436226758186606 ], [ 6.01508199083536, 48.436033226003133 ], [ 6.016037492072281, 48.436179988278354 ], [ 6.016681404712259, 48.435848509981184 ], [ 6.01727850096163, 48.435644260041144 ], [ 6.018265901362424, 48.435168989755525 ], [ 6.018792852094434, 48.434921502038193 ], [ 6.018488483578997, 48.43456913061712 ], [ 6.016997604018931, 48.433580728349455 ], [ 6.017114621364329, 48.433262648226204 ], [ 6.017436064685115, 48.432264144992722 ], [ 6.017480367520946, 48.431857884420594 ], [ 6.017726704350292, 48.431671557251498 ], [ 6.017773587052893, 48.431310245523704 ], [ 6.017700878638995, 48.431222065920416 ], [ 6.017545132914655, 48.43086590994799 ], [ 6.017547519100394, 48.429965551649431 ], [ 6.018014628017658, 48.429854632535744 ], [ 6.018110374257731, 48.429402046703494 ], [ 6.018432579897984, 48.42912375662106 ], [ 6.018829555741371, 48.428969604078091 ], [ 6.019005528252128, 48.42779473489604 ], [ 6.018820776258531, 48.427169228055149 ], [ 6.017794909563882, 48.425088635348551 ], [ 6.017607599354728, 48.424418175952169 ], [ 6.017708503593783, 48.424055487344731 ], [ 6.017695393783868, 48.422885427815046 ], [ 6.017345338515936, 48.422678263336351 ], [ 6.017630962838516, 48.419880052712685 ], [ 6.017580714388671, 48.419476194300508 ], [ 6.018110093327455, 48.419273656199245 ], [ 6.018208193792748, 48.417920700034763 ], [ 6.017922393998535, 48.416712560960484 ], [ 6.017756878671912, 48.416185592650216 ], [ 6.018007788788659, 48.41608017205688 ], [ 6.018262389951283, 48.415803598435758 ], [ 6.018467542468067, 48.415843390935137 ], [ 6.018753132221091, 48.416106212037846 ], [ 6.01968502988155, 48.415848400422931 ], [ 6.019534482953016, 48.415582142153148 ], [ 6.018974152127244, 48.41524529135387 ], [ 6.019012672909481, 48.414974217829325 ], [ 6.019601185318789, 48.414860196178225 ], [ 6.019238034180529, 48.413482968311712 ], [ 6.019297805399862, 48.41334639958859 ], [ 6.020037426635094, 48.413273542168461 ], [ 6.020286496583918, 48.414077476348162 ], [ 6.021428150559681, 48.413940349113751 ], [ 6.021628128080698, 48.41389023689679 ], [ 6.021396866858952, 48.412455633085138 ], [ 6.022139575154435, 48.412436702154459 ], [ 6.023177704149778, 48.412851386420201 ], [ 6.023180290481648, 48.412896336071448 ], [ 6.0233828488655, 48.41289117050767 ], [ 6.024008264751135, 48.410129263358598 ], [ 6.024217689814645, 48.409538716412577 ], [ 6.026004186833496, 48.409799234513983 ], [ 6.02634072821279, 48.409772637115879 ], [ 6.027329224008082, 48.408622002127196 ], [ 6.027671455098345, 48.408694290280394 ], [ 6.028016795449199, 48.408820517064171 ], [ 6.028216747213784, 48.408770393544152 ], [ 6.028660450194613, 48.407318549687382 ], [ 6.029262876619145, 48.407213124396058 ], [ 6.028825767228782, 48.405963847512432 ], [ 6.028620645424962, 48.405924072629759 ], [ 6.02836536532987, 48.404310019426724 ], [ 6.029107552080972, 48.403345718151549 ], [ 6.029237384004718, 48.403252368016382 ], [ 6.03005731490607, 48.403402471501735 ], [ 6.031227750285165, 48.403768686817493 ], [ 6.031427679776214, 48.403718557692109 ], [ 6.031738766146611, 48.403251436891232 ], [ 6.032961151668588, 48.403346209739844 ], [ 6.036873450404425, 48.404128354343818 ], [ 6.03791723762504, 48.40440771737282 ], [ 6.038249580384965, 48.40430916668204 ], [ 6.038808834517396, 48.403925697149496 ], [ 6.040572778946082, 48.403097177571134 ], [ 6.04120622166052, 48.40236066489939 ], [ 6.04160802338859, 48.401359994208278 ], [ 6.041820309814737, 48.400589267152824 ], [ 6.042372181916388, 48.399845835799518 ], [ 6.042692941297705, 48.398847238789486 ], [ 6.043009624425804, 48.398478976081485 ], [ 6.043227084124539, 48.397798144293773 ], [ 6.043325643589462, 48.397165381476739 ], [ 6.043830786247935, 48.396783272805848 ], [ 6.044095051088504, 48.396677448769012 ], [ 6.044019743080089, 48.396544333226529 ], [ 6.042727916259296, 48.396415447022292 ], [ 6.042053459728534, 48.396441764521427 ], [ 6.042174807534188, 48.395268218015019 ], [ 6.041955583260552, 48.394283479389252 ], [ 6.041739461000798, 48.393118593490428 ], [ 6.041827132333662, 48.392531126099769 ], [ 6.042263158180335, 48.391889698974481 ], [ 6.04296500713086, 48.391403504325993 ], [ 6.044159022779319, 48.391012703087796 ], [ 6.04487438213499, 48.390760236546321 ], [ 6.045860690364078, 48.390284720440079 ], [ 6.046671459585943, 48.389579620955551 ], [ 6.047483196197942, 48.388658408712509 ], [ 6.047949132551087, 48.387602030535056 ], [ 6.04812761208691, 48.38718328283862 ], [ 6.047331123569095, 48.386501503883643 ], [ 6.046697708926369, 48.386067622146442 ], [ 6.046201876828637, 48.385675217160085 ], [ 6.044054621815936, 48.384307863838792 ], [ 6.042671678951923, 48.383767167892309 ], [ 6.041169404431866, 48.383499621366127 ], [ 6.041261644480031, 48.382056708971518 ], [ 6.043150542384788, 48.381999204216768 ], [ 6.043617171315686, 48.381888180277244 ], [ 6.043654875427829, 48.380671749241898 ], [ 6.043514716303548, 48.380585315551812 ], [ 6.042227964486804, 48.380537332900047 ], [ 6.042434955476449, 48.379676691934485 ], [ 6.043175880138237, 48.377766939970492 ], [ 6.043481504847223, 48.377209878393245 ], [ 6.044773903088644, 48.377356738405126 ], [ 6.045583059724949, 48.377326935938648 ], [ 6.047501792059898, 48.376854430502917 ], [ 6.046840529162159, 48.37430544804787 ], [ 6.046585364373313, 48.372700385782757 ], [ 6.046226011864698, 48.371629207557575 ], [ 6.04443598683569, 48.371053985614878 ], [ 6.043730670773797, 48.370774995811594 ], [ 6.042070429447019, 48.370106369301411 ], [ 6.040933323359065, 48.369370270186174 ], [ 6.039553403367202, 48.368874482563804 ], [ 6.039913503830598, 48.368325031690368 ], [ 6.040638880203714, 48.36731602761175 ], [ 6.040978261596369, 48.367343328801418 ], [ 6.041538743087805, 48.367689077956051 ], [ 6.041624895844808, 48.36777690071321 ], [ 6.042872971910453, 48.36809598127725 ], [ 6.043633257487359, 48.368391570241847 ], [ 6.045614115520881, 48.368763818869724 ], [ 6.045816501783786, 48.368758614821687 ], [ 6.046422945519855, 48.367797648825338 ], [ 6.046528750616622, 48.367524821582073 ], [ 6.046380810031277, 48.367303538388619 ], [ 6.046240682040192, 48.367217107057449 ], [ 6.046673368962209, 48.366755801377039 ], [ 6.046525429930917, 48.366534518237181 ], [ 6.047336292642266, 48.365604300944597 ], [ 6.047129230617442, 48.365528596290311 ], [ 6.046568735405548, 48.365182873020451 ], [ 6.046763295393755, 48.365042815074617 ], [ 6.048452913703278, 48.363189622899846 ], [ 6.048426395443032, 48.362965216235452 ], [ 6.045847836085544, 48.361834084666334 ], [ 6.04588357611666, 48.361518040642466 ], [ 6.043034816432066, 48.360384795302011 ], [ 6.042628027435293, 48.36035923281591 ], [ 6.042182877612554, 48.360604761128215 ], [ 6.039700594535967, 48.35996622243286 ], [ 6.039155791550171, 48.359890169181625 ], [ 6.038538918652082, 48.360671299337305 ], [ 6.040559966270016, 48.361510779481513 ], [ 6.04063781411519, 48.361688851718789 ], [ 6.04012417139197, 48.362152214939613 ], [ 6.040074905497258, 48.362468603372996 ], [ 6.039380689398659, 48.363080654205632 ], [ 6.039180921893368, 48.363130798269381 ], [ 6.036747323217279, 48.362166820646159 ], [ 6.036736941531346, 48.361987016355293 ], [ 6.036049949158957, 48.3617885449883 ], [ 6.030766891308095, 48.360609348073687 ], [ 6.029651380466604, 48.360241735922699 ], [ 6.028650598194405, 48.359520042896371 ], [ 6.028432716584278, 48.359255509599159 ], [ 6.025947213964504, 48.357617381464529 ], [ 6.025234465713197, 48.356969332025123 ], [ 6.024946015380832, 48.356886665443987 ], [ 6.024608777587517, 48.356895279336996 ], [ 6.023367116675284, 48.357386164587929 ], [ 6.023097323682028, 48.357393052181251 ], [ 6.022894686893633, 48.356452857609817 ], [ 6.022625415240529, 48.356468734445905 ], [ 6.0212746699423, 48.357412556426596 ], [ 6.021414730814843, 48.357499017906328 ], [ 6.022246840628382, 48.3578739383032 ], [ 6.02247300919171, 48.358048235918289 ], [ 6.022252286762294, 48.358909200163509 ], [ 6.02185095762487, 48.359918827401792 ], [ 6.020490615949915, 48.36140308784401 ], [ 6.020290836818124, 48.36145320012232 ], [ 6.019442097009213, 48.361024669152492 ], [ 6.018119139793778, 48.360572204576556 ], [ 6.017299910326768, 48.360422013725184 ], [ 6.016309522747287, 48.361527655263288 ], [ 6.016110254715523, 48.361586750795333 ], [ 6.014839305353331, 48.360862822582853 ], [ 6.013752717391693, 48.359819069484175 ], [ 6.013617814039042, 48.359822502404889 ], [ 6.011530500965187, 48.360883982839212 ], [ 6.010990875949147, 48.36089770346905 ], [ 6.009138660647691, 48.360638663548421 ], [ 6.008289147163794, 48.36090333732875 ], [ 6.008260259422359, 48.361579326526574 ], [ 6.007793221899549, 48.361681222611267 ], [ 6.005474580610797, 48.362244275049449 ], [ 6.00424353846997, 48.362689663832292 ], [ 6.003579763553589, 48.362895570167531 ], [ 6.003109544438264, 48.362232241057598 ], [ 6.003166732560293, 48.36205072339429 ], [ 6.004066285882898, 48.361478703357967 ], [ 6.004440196921428, 48.360929015106173 ], [ 6.005039629983316, 48.358888041693945 ], [ 6.005407727852093, 48.358473547296562 ], [ 6.005529271657283, 48.358236373958441 ], [ 6.004069038124326, 48.357742223239903 ], [ 6.003797187134598, 48.357713105338853 ], [ 6.001496962065184, 48.360490451453352 ], [ 6.001310658916608, 48.3605401898579 ], [ 6.000317439459794, 48.35994412309298 ], [ 5.998476384725524, 48.358694264294023 ], [ 5.998078841761211, 48.358119109400711 ], [ 5.99706265287636, 48.357118445618809 ], [ 5.994928950811572, 48.355470787370471 ], [ 5.994332898579707, 48.354729576120093 ], [ 5.994530117892966, 48.354634555121748 ], [ 5.994775662661773, 48.354439274310522 ], [ 5.994402428398607, 48.354052563600483 ], [ 5.994132648722216, 48.354059385254523 ], [ 5.993484990233767, 48.354309847550709 ], [ 5.992951054733938, 48.354422381084845 ], [ 5.991273097455779, 48.354608833077378 ], [ 5.989120451670096, 48.3547622272553 ], [ 5.987951785951162, 48.355115842070461 ], [ 5.987681999988998, 48.355122649030044 ], [ 5.987507363253725, 48.3549019710197 ], [ 5.985524756254397, 48.353529442559875 ], [ 5.98406558006381, 48.352809941052747 ], [ 5.984441451413874, 48.352530367549527 ], [ 5.984958041042117, 48.352112195040817 ], [ 5.985220159150369, 48.351970536688547 ], [ 5.98534484012204, 48.351787325962853 ], [ 5.985048828604079, 48.351569704327254 ], [ 5.983946985450714, 48.350481058214619 ], [ 5.983744663415373, 48.350486156669774 ], [ 5.983638567149343, 48.350758931226132 ], [ 5.983438793354314, 48.350808981760416 ], [ 5.983368802962792, 48.350765728385824 ], [ 5.982730503929587, 48.350466691130144 ], [ 5.981331248197133, 48.349610597468015 ], [ 5.980608216884522, 48.349007568142717 ], [ 5.980403353528902, 48.348967708169269 ], [ 5.977364513485525, 48.34992648915955 ], [ 5.977548501592755, 48.350552096846364 ], [ 5.976487249272401, 48.350893895638251 ], [ 5.975948226190993, 48.350916447325218 ], [ 5.975096908703696, 48.351388006669865 ], [ 5.973269041593946, 48.352028137218937 ], [ 5.972105127512497, 48.352705595042025 ], [ 5.971770447404409, 48.3527590113465 ], [ 5.970582994925876, 48.352302628020418 ], [ 5.968503585292369, 48.351598498358399 ], [ 5.966237620833557, 48.351178108757829 ], [ 5.966168371035834, 48.350189481082246 ], [ 5.965421960134142, 48.350127146973485 ], [ 5.964810432509504, 48.35006143093797 ], [ 5.962300440521781, 48.349863156762318 ], [ 5.961559100039155, 48.34989070448249 ], [ 5.96148325668726, 48.350702896355962 ], [ 5.960202369907838, 48.35074392837091 ], [ 5.959930073524511, 48.3507057190496 ], [ 5.959844927500523, 48.350392733057816 ], [ 5.959238461051106, 48.350416894524734 ], [ 5.959071536018451, 48.351051294617506 ], [ 5.958663998433543, 48.351970807221228 ], [ 5.958894987871654, 48.352235133089088 ], [ 5.958665664948257, 48.352961123140297 ], [ 5.957408571948718, 48.35510828583265 ], [ 5.95568317105532, 48.356375800635789 ], [ 5.955418930970901, 48.356481430749525 ], [ 5.95435929371776, 48.3549323089564 ], [ 5.953507522705423, 48.354197286073145 ], [ 5.951747465112138, 48.353403872578895 ], [ 5.951127846529872, 48.353194235823665 ], [ 5.949870597857361, 48.352694372654298 ], [ 5.948909237410667, 48.352412208509804 ], [ 5.947094850518377, 48.351611077844431 ], [ 5.94692470921027, 48.350985087704828 ], [ 5.946719863685782, 48.350945169542051 ], [ 5.946522571917188, 48.351040111194806 ], [ 5.94637955478302, 48.351862961580743 ], [ 5.944012483592958, 48.351804794574143 ], [ 5.943762832972409, 48.352171128813794 ], [ 5.942643295790227, 48.353648467099191 ], [ 5.942378540348588, 48.353745077665479 ], [ 5.941207323099775, 48.353333018486772 ], [ 5.939870159120559, 48.352609957201167 ], [ 5.938936115867261, 48.351606781686222 ], [ 5.937611577962885, 48.351108461734576 ], [ 5.93734180608674, 48.351115154080418 ], [ 5.936546788736471, 48.35235930274721 ], [ 5.936344454925627, 48.352364320240959 ], [ 5.935170807480412, 48.351907247389427 ], [ 5.934898523264787, 48.351868980566984 ], [ 5.934443967826811, 48.352195356228343 ], [ 5.934251664030069, 48.352380184558065 ], [ 5.933031825165179, 48.353274706649117 ], [ 5.932860520493549, 48.353594059233828 ], [ 5.932214914037965, 48.355824815574451 ], [ 5.931758303425787, 48.356115217155981 ], [ 5.930294946487671, 48.356520563163151 ], [ 5.929706392629981, 48.356625155917897 ], [ 5.928306858624228, 48.355993541693977 ], [ 5.927057264112809, 48.355628298349245 ], [ 5.92695631458168, 48.355270669658751 ], [ 5.924916356517094, 48.355023970668903 ], [ 5.924571616771551, 48.354897438678115 ], [ 5.924226359924428, 48.353789581445909 ], [ 5.924372727439137, 48.353020703561761 ], [ 5.924858314328369, 48.352279459082148 ], [ 5.925115595776236, 48.352048026150449 ], [ 5.925734597195255, 48.352248808362781 ], [ 5.926133764888712, 48.352139910951003 ], [ 5.928274405073133, 48.351042631334657 ], [ 5.928196953220315, 48.350864484047079 ], [ 5.927428064293022, 48.350397326465767 ], [ 5.927052352282866, 48.349956457965391 ], [ 5.927114791713127, 48.349864883119544 ], [ 5.928567978450843, 48.349279759096703 ], [ 5.929538067190651, 48.348751585507713 ], [ 5.930615971137072, 48.347734564116358 ], [ 5.930610962989207, 48.347644656442945 ], [ 5.930885726540878, 48.347727887069993 ], [ 5.931299877232007, 48.347888694858959 ], [ 5.931499188511088, 48.347829741389447 ], [ 5.932703892295125, 48.346665508541399 ], [ 5.933113892955213, 48.346025129634853 ], [ 5.933146243334742, 48.345394105125905 ], [ 5.933030235991596, 48.344766755645153 ], [ 5.933082634709023, 48.34449536174693 ], [ 5.932712429991993, 48.344153407862159 ], [ 5.932769841206088, 48.343971921813946 ], [ 5.933166425507135, 48.343818046120454 ], [ 5.933811882131397, 48.34425221350304 ], [ 5.934330348262991, 48.344104316843676 ], [ 5.935968036488201, 48.343199408179188 ], [ 5.937607978594914, 48.341610173399388 ], [ 5.938207116838512, 48.340730994438772 ], [ 5.938119605967136, 48.340373036617734 ], [ 5.937979727544356, 48.340286475622314 ], [ 5.938078509022015, 48.33987887808496 ], [ 5.937001403932908, 48.338969267303916 ], [ 5.936724167553256, 48.338841096323883 ], [ 5.937033703379077, 48.338338238447605 ], [ 5.933222585097959, 48.337073241291705 ], [ 5.93325898439726, 48.336757225767037 ], [ 5.932776989687008, 48.336589103122904 ], [ 5.932637130102385, 48.336502535576635 ], [ 5.934058856714337, 48.335602993160173 ], [ 5.937869075856538, 48.333950923722156 ], [ 5.937915483668635, 48.333814722625178 ], [ 5.936887862278424, 48.332579763300764 ], [ 5.936312951935793, 48.33219788159662 ], [ 5.935418955366941, 48.331904940397628 ], [ 5.933791890034049, 48.331783220413051 ], [ 5.933317957135301, 48.331758953114736 ], [ 5.933631040233161, 48.331562125029748 ], [ 5.936462851258721, 48.330528553170438 ], [ 5.936380385531098, 48.330260499960318 ], [ 5.936010701904554, 48.329684455902928 ], [ 5.93618692560372, 48.329455001777951 ], [ 5.936773595141074, 48.329080314279814 ], [ 5.936546268262217, 48.328635788900819 ], [ 5.936238048840667, 48.328193269859504 ], [ 5.936297938492573, 48.328056734337643 ], [ 5.937293585339012, 48.32775292638717 ], [ 5.937728474617158, 48.327562066279988 ], [ 5.938014117765158, 48.32759999260044 ], [ 5.93810003218693, 48.327687893151499 ], [ 5.938307290391176, 48.327772781238103 ], [ 5.938638833632533, 48.327665513295514 ], [ 5.9406973245313, 48.326569997908898 ], [ 5.941203456012141, 48.325963200033684 ], [ 5.942432575730787, 48.325248393128632 ], [ 5.942355113919685, 48.325070251714756 ], [ 5.941423103241873, 48.324337136819373 ], [ 5.941615279457526, 48.324152293029812 ], [ 5.941465389517123, 48.323885917564915 ], [ 5.939308313733829, 48.322246878655406 ], [ 5.939300782893771, 48.3221120151657 ], [ 5.940012115559283, 48.321554143161215 ], [ 5.939937178151553, 48.321420954190934 ], [ 5.938178853172818, 48.320393221455383 ], [ 5.939005977857821, 48.319733442274952 ], [ 5.940224938349139, 48.318838836587275 ], [ 5.941420329818385, 48.317764734466067 ], [ 5.941482706098728, 48.317673149880292 ], [ 5.94168239404706, 48.317623168887572 ], [ 5.942763949719453, 48.316686932019643 ], [ 5.942683986485178, 48.316463835095078 ], [ 5.942164045847496, 48.315855528037815 ], [ 5.942153996204581, 48.315675709450879 ], [ 5.943654962519651, 48.314999135662589 ], [ 5.943639880690935, 48.314729407794339 ], [ 5.948084698166713, 48.312872077159057 ], [ 5.948284361647747, 48.312822084855618 ], [ 5.948496613134798, 48.312996865247065 ], [ 5.948965348018989, 48.312931162943883 ], [ 5.951135036611714, 48.312147785085692 ], [ 5.950922779791313, 48.31197300931693 ], [ 5.94968251397979, 48.311517747442188 ], [ 5.947550186754528, 48.311039682190028 ], [ 5.946524723886785, 48.310804123603859 ], [ 5.943754269026484, 48.309774662856924 ], [ 5.942441702948227, 48.30923109142735 ], [ 5.942748729482624, 48.307962969107187 ], [ 5.943090190309215, 48.308035506709672 ], [ 5.944276001095223, 48.308726280979727 ], [ 5.9451332436336, 48.309092094467516 ], [ 5.946450865584505, 48.309725545615727 ], [ 5.948323638280359, 48.310390167441035 ], [ 5.949758482872791, 48.310705539756249 ], [ 5.951903897473123, 48.310453955718316 ], [ 5.952372605477986, 48.310388239801703 ], [ 5.952487894245448, 48.311240695374586 ], [ 5.954159562217551, 48.310964877710397 ], [ 5.955227220191126, 48.310749141634759 ], [ 5.955529589617726, 48.311326817091455 ], [ 5.957553351512031, 48.311312261002293 ], [ 5.957827968094664, 48.311395431350043 ], [ 5.957710836201964, 48.312433763676424 ], [ 5.956891130074522, 48.313219549405886 ], [ 5.957515352138801, 48.313519070970784 ], [ 5.958209845495486, 48.313627758913064 ], [ 5.959000044695745, 48.31351796527273 ], [ 5.959657811604647, 48.313213401631799 ], [ 5.959859992787153, 48.313208344175749 ], [ 5.960351971254705, 48.313556176806038 ], [ 5.960993114032943, 48.315836029316145 ], [ 5.961370054428255, 48.316537872992072 ], [ 5.961637117053583, 48.316486171550132 ], [ 5.961891532728373, 48.316209698462998 ], [ 5.961599181480725, 48.315811858252879 ], [ 5.962416328045271, 48.314981087169002 ], [ 5.962978544125377, 48.314417795478214 ], [ 5.963240533747286, 48.314276181837677 ], [ 5.968060220357899, 48.31381324736607 ], [ 5.968882685698971, 48.312361048205588 ], [ 5.969441762050881, 48.311743779695568 ], [ 5.969898718408307, 48.311948396145169 ], [ 5.970103429828271, 48.311988275369096 ], [ 5.972034949836669, 48.313686466041467 ], [ 5.971435384187206, 48.314781951457775 ], [ 5.972579985712284, 48.315689572037726 ], [ 5.972813424450895, 48.315998831807249 ], [ 5.97269972553562, 48.316136741546281 ], [ 5.973059559988476, 48.316532860877395 ], [ 5.977995850651516, 48.315742467146016 ], [ 5.978938627780783, 48.314989445800215 ], [ 5.979140813923478, 48.314984355420435 ], [ 5.980270528528973, 48.315388078890045 ], [ 5.980669813053978, 48.315287985562108 ], [ 5.982423826858136, 48.314559514633729 ], [ 5.982182698574784, 48.314115411962199 ], [ 5.983245210782512, 48.313809515978122 ], [ 5.982127116774694, 48.312181036354175 ], [ 5.982297988013776, 48.311861602869492 ], [ 5.982042037183954, 48.31020238342429 ], [ 5.981832231663907, 48.310072616826837 ], [ 5.981690772979009, 48.309004749535987 ], [ 5.982280728463112, 48.308935858108413 ], [ 5.982155656756316, 48.306012824890246 ], [ 5.981822381032679, 48.303464184551117 ], [ 5.981033007704521, 48.300963048906695 ], [ 5.981108478057251, 48.300150814934916 ], [ 5.981648385527994, 48.29824643003176 ], [ 5.982066238771552, 48.296570209304612 ], [ 5.982284065339761, 48.295889438169752 ], [ 5.982827615077785, 48.295956765598611 ], [ 5.983174567201358, 48.295173694716794 ], [ 5.983607954540727, 48.294487482908778 ], [ 5.98428622966254, 48.29455140479098 ], [ 5.984630717878312, 48.294677768574338 ], [ 5.984897646868289, 48.294626013839419 ], [ 5.984998527706897, 48.294263318084589 ], [ 5.984584125209524, 48.294093700883387 ], [ 5.984753110296735, 48.29350419289198 ], [ 5.984180826681611, 48.293167487248994 ], [ 5.984947614024588, 48.291698532711202 ], [ 5.987981922050515, 48.287867332804417 ], [ 5.988139927509354, 48.287323112305003 ], [ 5.988272426041868, 48.286329345256007 ], [ 5.988368166954463, 48.285876735190051 ], [ 5.988334501996802, 48.285283333907259 ], [ 5.988081217332391, 48.284623451409523 ], [ 5.989041866470025, 48.283959901627256 ], [ 5.989761853093057, 48.283572543220899 ], [ 5.989203116214868, 48.28323551886799 ], [ 5.987095377987622, 48.282226328404647 ], [ 5.983993456767625, 48.281287213606689 ], [ 5.983649057603908, 48.281160846748151 ], [ 5.983814726495068, 48.280751494104678 ], [ 5.985405203897347, 48.278586441944007 ], [ 5.985915965251162, 48.278078332798259 ], [ 5.98601935541676, 48.277760586797257 ], [ 5.986525006017404, 48.277162564793457 ], [ 5.986866327501503, 48.277234977710329 ], [ 5.988823145536331, 48.278202966400343 ], [ 5.990042968054325, 48.279018489541613 ], [ 5.991039453433719, 48.2799386928003 ], [ 5.992370368252987, 48.280571305297713 ], [ 5.993908479931664, 48.281288696141928 ], [ 5.995432651698827, 48.281997416930899 ], [ 5.997178704662464, 48.282574440853729 ], [ 5.99984285827179, 48.283164167913931 ], [ 5.999917892657489, 48.283297322625693 ], [ 6.000622318053331, 48.283585581943335 ], [ 6.00112197252461, 48.284068115833492 ], [ 6.001653038996957, 48.284864986193547 ], [ 6.002312686287627, 48.285550543207854 ], [ 6.002263264992504, 48.285866933634146 ], [ 6.002001521501251, 48.286008636538106 ], [ 6.000207446190913, 48.286486351796853 ], [ 5.998907699102642, 48.286879473496754 ], [ 5.998146641145786, 48.287493024671711 ], [ 5.99796759036688, 48.287902736913075 ], [ 5.998115104704843, 48.288124093397208 ], [ 5.998254943408296, 48.288210586638201 ], [ 5.999065316988517, 48.288226054148993 ], [ 5.99968948261517, 48.288525358705456 ], [ 6.000197014253549, 48.288908653633662 ], [ 6.000502312226375, 48.289531177522697 ], [ 6.000953716272261, 48.291770684048224 ], [ 6.001246231234822, 48.29216843396533 ], [ 6.002862421046667, 48.293063809406313 ], [ 6.003700560021785, 48.293564749154775 ], [ 6.003900097524218, 48.293514662355605 ], [ 6.004725977060057, 48.292854411362406 ], [ 6.006008500652366, 48.292866841028108 ], [ 6.006785586795069, 48.29324325749063 ], [ 6.008230613392841, 48.294683144124321 ], [ 6.009743661902367, 48.294950782761994 ], [ 6.01245507432069, 48.297060688632186 ], [ 6.012481406191098, 48.297285114184476 ], [ 6.012095174594135, 48.297610084821216 ], [ 6.011722306987425, 48.298168813527575 ], [ 6.011988808781938, 48.299053407414917 ], [ 6.012411670187651, 48.299132677503188 ], [ 6.012732493595593, 48.299079487489088 ], [ 6.01455865179456, 48.298213611568876 ], [ 6.015268349822303, 48.297646287224147 ], [ 6.015630790916178, 48.297141835076985 ], [ 6.01728552067534, 48.295641008281613 ], [ 6.017987348424854, 48.295172908446403 ], [ 6.018647637174008, 48.294921957487432 ], [ 6.01935518503702, 48.294318644321045 ], [ 6.019890725551087, 48.293539640176959 ], [ 6.020286675596147, 48.293385467203301 ], [ 6.021569215758136, 48.293397728208568 ], [ 6.023202741830239, 48.292707702325529 ], [ 6.023790447850222, 48.292368536834104 ], [ 6.02586218849669, 48.292261527525191 ], [ 6.02659235101762, 48.292053761829912 ], [ 6.026911088394636, 48.291730466672711 ], [ 6.02733815684839, 48.291179298798845 ], [ 6.031270806227362, 48.288710522193668 ], [ 6.032306109062868, 48.288179757468811 ], [ 6.032844983849015, 48.288165939030577 ], [ 6.033528415281774, 48.288319486118354 ], [ 6.033552243452695, 48.288498954825592 ], [ 6.033449118845784, 48.288816739857268 ], [ 6.033539780717602, 48.28921959398722 ], [ 6.033886941523203, 48.289390768378212 ], [ 6.034627392731684, 48.289362766806789 ], [ 6.03555489857068, 48.289068843451759 ], [ 6.035756979738409, 48.28906365627973 ], [ 6.036702119068714, 48.290011823459068 ], [ 6.037611004456544, 48.290564738523443 ], [ 6.03879297716568, 48.290939554365202 ], [ 6.039269185154889, 48.291008353589035 ], [ 6.039282155594116, 48.291233120368616 ], [ 6.038871293050173, 48.292063042024786 ], [ 6.039009180440042, 48.292815834516325 ], [ 6.039247593696864, 48.293439987544403 ], [ 6.039214454204281, 48.293800998619595 ], [ 6.040986223445113, 48.294106612819725 ], [ 6.042737883293356, 48.294997978016937 ], [ 6.044504675354371, 48.296150044586042 ], [ 6.044706782798605, 48.296144842155257 ], [ 6.046013463612773, 48.29470657375677 ], [ 6.046272531681272, 48.294519821307112 ], [ 6.047492420719901, 48.294614451971711 ], [ 6.047694521978833, 48.294609244432408 ], [ 6.048579429484878, 48.293812092825611 ], [ 6.04851576496665, 48.292012927224619 ], [ 6.049900269216511, 48.291689102498061 ], [ 6.049804792478125, 48.291205346013776 ], [ 6.049213900479235, 48.290554282479448 ], [ 6.047799082568566, 48.289654330917628 ], [ 6.048120276859771, 48.289375931306935 ], [ 6.047544978918311, 48.288760473938098 ], [ 6.046964024146604, 48.288280220442694 ], [ 6.046756076639806, 48.287484216850494 ], [ 6.046804511766206, 48.286222399914529 ], [ 6.047117368723695, 48.285800151582443 ], [ 6.048147772302845, 48.285188331063381 ], [ 6.049449130211562, 48.284596525956154 ], [ 6.050365535997413, 48.284113681398779 ], [ 6.051026052703717, 48.283871538459415 ], [ 6.051604933224978, 48.282686066871065 ], [ 6.05110698197321, 48.282473813659799 ], [ 6.050759810809299, 48.282302688944519 ], [ 6.050609488377242, 48.28203644381626 ], [ 6.05059647189325, 48.281811676791015 ], [ 6.05180617812265, 48.281735440898011 ], [ 6.051826202212265, 48.281149656163599 ], [ 6.052499178407969, 48.281123280838749 ], [ 6.053312585423249, 48.281192320945387 ], [ 6.054052911106341, 48.281164197644458 ], [ 6.054650716610867, 48.281004689527542 ], [ 6.055391038944165, 48.28097655784893 ], [ 6.056207055515798, 48.281090531388692 ], [ 6.056670676749714, 48.280943485177247 ], [ 6.057171999853003, 48.280516333617626 ], [ 6.057161564568085, 48.280336520382185 ], [ 6.056739735862596, 48.280041284946542 ], [ 6.056920389872491, 48.279667444231549 ], [ 6.058852385533336, 48.277627557666143 ], [ 6.059035730982064, 48.277532772420024 ], [ 6.058296636278092, 48.275489934590247 ], [ 6.058534268763578, 48.275168640749733 ], [ 6.058795284392425, 48.275017821021336 ], [ 6.05918628298214, 48.274782599628956 ], [ 6.059849253054338, 48.274585359260996 ], [ 6.060116006320022, 48.274533434126219 ], [ 6.061448312611065, 48.274480933835797 ], [ 6.061489531375385, 48.274029655934207 ], [ 6.061210947128493, 48.273181469234117 ], [ 6.060456193573715, 48.272030461547047 ], [ 6.057927890748536, 48.269601717311438 ], [ 6.057468254062739, 48.269118373554939 ], [ 6.057864432507604, 48.268973062883695 ], [ 6.058271045523928, 48.269007565492402 ], [ 6.05872025018508, 48.269311091648014 ], [ 6.059409679260279, 48.270499818138227 ], [ 6.060600346734681, 48.271261370674708 ], [ 6.061401534397294, 48.272051006512065 ], [ 6.061823847749665, 48.272355217710064 ], [ 6.062286853929894, 48.272199157873175 ], [ 6.062626156733995, 48.272235389650106 ], [ 6.063344368229849, 48.272757035590601 ], [ 6.063762369368135, 48.273682643538244 ], [ 6.064096453937497, 48.27362896429667 ], [ 6.065443895085038, 48.272909712616361 ], [ 6.066744755650816, 48.272317712057742 ], [ 6.067019341106248, 48.272400631345583 ], [ 6.06934385137921, 48.273636916865321 ], [ 6.070543485452602, 48.274317102116783 ], [ 6.070750746809442, 48.274401761541498 ], [ 6.071734120038496, 48.273916998871229 ], [ 6.072087993902894, 48.273277505668716 ], [ 6.073740011905873, 48.272000980267229 ], [ 6.073944646573356, 48.272040681023888 ], [ 6.074742897843545, 48.272776282220121 ], [ 6.075067697918074, 48.273488176677475 ], [ 6.079241142154965, 48.273352537298308 ], [ 6.079871631125902, 48.272831873255122 ], [ 6.079853236580549, 48.272517201859344 ], [ 6.081546670746315, 48.272644155377286 ], [ 6.082566732913802, 48.272788644395789 ], [ 6.083439496179794, 48.272720862989544 ], [ 6.083972410556661, 48.272607914990751 ], [ 6.084368542143645, 48.272462515911094 ], [ 6.085429620876317, 48.272155693783574 ], [ 6.086076359250361, 48.271913704583923 ], [ 6.086634160372389, 48.271304855798981 ], [ 6.086853165576113, 48.270668833365661 ], [ 6.08805032329033, 48.271303889551085 ], [ 6.089301667551767, 48.271712409354365 ], [ 6.09073102643124, 48.271936175379565 ], [ 6.091339693880643, 48.271965282754984 ], [ 6.091777757048826, 48.272304997096569 ], [ 6.092049743630432, 48.272342905472996 ], [ 6.093019415246912, 48.271858317384627 ], [ 6.093755117271384, 48.271064690749348 ], [ 6.094091794526907, 48.271055879491882 ], [ 6.0947725418911, 48.271164121872388 ], [ 6.095998048252576, 48.271132033750938 ], [ 6.098728411497103, 48.270772356567022 ], [ 6.100270765286883, 48.270623865321831 ], [ 6.10144762391846, 48.270223815128752 ], [ 6.102425872459647, 48.269657881078381 ], [ 6.103242200961895, 48.268862073647703 ], [ 6.103598306466443, 48.268267436589262 ], [ 6.103821711442628, 48.268396637538096 ], [ 6.104275491505024, 48.269231139083828 ], [ 6.105373919672919, 48.269103240594156 ], [ 6.110134483910044, 48.270923050716043 ], [ 6.110830125546488, 48.27128293429098 ], [ 6.110748655172567, 48.270816846623063 ], [ 6.110668641950521, 48.269918506504908 ], [ 6.111277297092261, 48.269947511323565 ], [ 6.111326049134169, 48.269631072045655 ], [ 6.112168263315871, 48.269275737204161 ], [ 6.112426971955855, 48.269088836569601 ], [ 6.112698956783372, 48.269126697549503 ], [ 6.112833621477884, 48.269123151587522 ], [ 6.114250452290853, 48.268221404248735 ], [ 6.114573822109095, 48.267987772494095 ], [ 6.11449851999404, 48.267854689179842 ], [ 6.113992485834789, 48.267507841127106 ], [ 6.115318004872382, 48.266203281144179 ], [ 6.11588940501407, 48.265602927557701 ], [ 6.115919168924093, 48.265422052768919 ], [ 6.115706554392322, 48.265247566972825 ], [ 6.11320131348621, 48.264160998844808 ], [ 6.113126020301424, 48.264027914292988 ], [ 6.113794700526474, 48.263019804551817 ], [ 6.113652083122855, 48.262888493781773 ], [ 6.112680333581607, 48.262418839836968 ], [ 6.111892328128684, 48.261863300076584 ], [ 6.111733792069073, 48.261462270701315 ], [ 6.111822926838961, 48.261144765852407 ], [ 6.112143609283536, 48.260866186840907 ], [ 6.113276925692373, 48.260647245162438 ], [ 6.113972966948799, 48.26170044803893 ], [ 6.116085326362574, 48.262986452410225 ], [ 6.11635462391108, 48.262979352590534 ], [ 6.116663955704999, 48.262737078740251 ], [ 6.11693927176505, 48.262603755390494 ], [ 6.117746761409682, 48.26166399559883 ], [ 6.118934576523401, 48.260543106791829 ], [ 6.11916911138148, 48.260176735217769 ], [ 6.120084986194869, 48.259702332876927 ], [ 6.120286414056896, 48.259688010712409 ], [ 6.120507006743776, 48.259997346637213 ], [ 6.122534075524921, 48.260069874436695 ], [ 6.123127214527947, 48.25892862999634 ], [ 6.123191869455687, 48.258881898555735 ], [ 6.124599169103003, 48.258736646590179 ], [ 6.125803431863189, 48.256759808225695 ], [ 6.126072696300775, 48.256752686244809 ], [ 6.12806701714059, 48.257411282711764 ], [ 6.128357219418154, 48.257529666091656 ], [ 6.128489184946181, 48.257481149817572 ], [ 6.128121483167347, 48.256284263499296 ], [ 6.127582959556944, 48.256298516183435 ], [ 6.127233045350333, 48.256082660242384 ], [ 6.126944987238257, 48.256000236012184 ], [ 6.127001633756043, 48.255818644767523 ], [ 6.127246887101252, 48.255406947167181 ], [ 6.126206099483026, 48.254227863647074 ], [ 6.125659598611873, 48.254107249754654 ], [ 6.125772896043095, 48.253744067957705 ], [ 6.126658622125881, 48.253900729910512 ], [ 6.127612129945155, 48.252245658392589 ], [ 6.126977000792543, 48.251767210625097 ], [ 6.126880761524699, 48.251508622376463 ], [ 6.125319850258444, 48.251333803072789 ], [ 6.123293113448226, 48.251261322579055 ], [ 6.122961894398936, 48.251360122636015 ], [ 6.121821362771706, 48.251453290749005 ], [ 6.118443648859601, 48.251335367540769 ], [ 6.118301051479705, 48.251204061285947 ], [ 6.117681972971308, 48.25099528061385 ], [ 6.116693412752117, 48.25092230680071 ], [ 6.116666489162095, 48.250923016893523 ], [ 6.116129080258858, 48.250955198638998 ], [ 6.113724214674494, 48.250415281779659 ], [ 6.113713592521079, 48.25023546971422 ], [ 6.113571009892644, 48.25010415765238 ], [ 6.111496377732718, 48.249447440061381 ], [ 6.111157718694193, 48.249420338515101 ], [ 6.111031063804012, 48.249558741928844 ], [ 6.110899102042801, 48.249607238991182 ], [ 6.110008190241009, 48.249360552252007 ], [ 6.108970476345424, 48.248910615980293 ], [ 6.108443246211563, 48.2484292341315 ], [ 6.108110728215656, 48.247591549639047 ], [ 6.107739749139179, 48.247016008747302 ], [ 6.107107512976318, 48.246582405756122 ], [ 6.106114379095462, 48.246887658730721 ], [ 6.105038041223885, 48.246924952043948 ], [ 6.104693576822394, 48.246798934624906 ], [ 6.103623441476238, 48.246025640158969 ], [ 6.103047968838458, 48.245410433749399 ], [ 6.102612173109514, 48.245106717393632 ], [ 6.102177144699655, 48.244586869388229 ], [ 6.101075120006745, 48.243499229624938 ], [ 6.107197175707727, 48.240555962883242 ], [ 6.106967947592392, 48.239868634572289 ], [ 6.105732455884626, 48.236515374552255 ], [ 6.105328710047512, 48.236525987968655 ], [ 6.103797423789738, 48.236845372720978 ], [ 6.102320185082477, 48.236938202031602 ], [ 6.100415398618041, 48.236637025897771 ], [ 6.100285137811293, 48.237630952743594 ], [ 6.100286816259154, 48.238576393302765 ], [ 6.099337303486581, 48.238475241958781 ], [ 6.097922022159961, 48.23847634337676 ], [ 6.097510336356653, 48.238352068825399 ], [ 6.097672345755137, 48.237897590902669 ], [ 6.098039121933668, 48.237257650831211 ], [ 6.097931957064278, 48.236810230445194 ], [ 6.097778884942683, 48.236499082867006 ], [ 6.09770996150806, 48.23555540535861 ], [ 6.09788013593198, 48.235010665643799 ], [ 6.096985271858859, 48.233773481196913 ], [ 6.096030008174726, 48.231736460587854 ], [ 6.095849750123625, 48.229354954407249 ], [ 6.092230011453735, 48.228531295674216 ], [ 6.090436153399883, 48.228046969670309 ], [ 6.090557541320524, 48.227818677728855 ], [ 6.09063385548039, 48.227051286568781 ], [ 6.090295959375911, 48.22611463990345 ], [ 6.090248541570702, 48.225305462114619 ], [ 6.089640072210296, 48.223430402851761 ], [ 6.089641745362184, 48.222538897405798 ], [ 6.089873154108807, 48.222118628787072 ], [ 6.090329395412534, 48.22093608382896 ], [ 6.091000599726172, 48.219973026819517 ], [ 6.092093591885034, 48.219079964282493 ], [ 6.09234130748165, 48.218938407703199 ], [ 6.093216362031942, 48.218006015949626 ], [ 6.094140719345211, 48.216766163993896 ], [ 6.094976138534745, 48.215159439434814 ], [ 6.095764283010655, 48.212977641092017 ], [ 6.09599612878485, 48.212566348597157 ], [ 6.09694780836546, 48.212712483203312 ], [ 6.097292031784684, 48.212838526210568 ], [ 6.097692958018419, 48.212782985508788 ], [ 6.099835627187056, 48.210727695834485 ], [ 6.100148140640981, 48.210314275687885 ], [ 6.101028728157487, 48.209480720615417 ], [ 6.103295063270139, 48.207242012018604 ], [ 6.105995266255427, 48.207342102024114 ], [ 6.108697598761725, 48.207478093888248 ], [ 6.110515571305614, 48.207466233458135 ], [ 6.111666309201439, 48.207561980082616 ], [ 6.11157861464341, 48.206303610419297 ], [ 6.11471892660702, 48.207013237265159 ], [ 6.114985284313494, 48.206961185920868 ], [ 6.115160497361058, 48.206506319179461 ], [ 6.116663420109127, 48.206862870717792 ], [ 6.116730672894907, 48.206861095421097 ], [ 6.117131002006039, 48.206796497660747 ], [ 6.117784930983978, 48.206464060174198 ], [ 6.118336891580651, 48.205774116004463 ], [ 6.118264325897315, 48.20568598357292 ], [ 6.117715689086384, 48.20552037451877 ], [ 6.117087055372732, 48.205140757499713 ], [ 6.116684614130294, 48.205169391685857 ], [ 6.116280048091851, 48.20516206099326 ], [ 6.11605156977472, 48.204942969029695 ], [ 6.115771948272791, 48.204770250828886 ], [ 6.114962822680432, 48.20475558180248 ], [ 6.114685859794345, 48.204627815439693 ], [ 6.114142552393598, 48.204552098549939 ], [ 6.114116016656698, 48.204102553961043 ], [ 6.113888082577142, 48.203892448546185 ], [ 6.11381022035742, 48.203714404299134 ], [ 6.114117275809239, 48.203211036189465 ], [ 6.114924437955299, 48.202280247295498 ], [ 6.115190771576597, 48.202228195316629 ], [ 6.115537624852053, 48.202399140575189 ], [ 6.115873329497329, 48.2023812759899 ], [ 6.115932611565205, 48.202244637693873 ], [ 6.116471275108365, 48.201329927676021 ], [ 6.116663452232816, 48.201162765785639 ], [ 6.116770153589507, 48.200916815900278 ], [ 6.117023199191134, 48.200639987184061 ], [ 6.117017887494566, 48.200550078163268 ], [ 6.116673697117191, 48.200424091556386 ], [ 6.116671041575144, 48.200379137032137 ], [ 6.116466652606533, 48.200339508199427 ], [ 6.116254298402096, 48.20016501539542 ], [ 6.116715790162607, 48.199540497209107 ], [ 6.117064563273791, 48.199288155392829 ], [ 6.117312287490489, 48.198921416624117 ], [ 6.117876926402118, 48.198447252945783 ], [ 6.118145894469976, 48.198440148724323 ], [ 6.118202509490391, 48.198258554358354 ], [ 6.118530747258361, 48.198114809403208 ], [ 6.118603302979139, 48.198202942134287 ], [ 6.118869612402277, 48.198150881713204 ], [ 6.119964182254555, 48.197527630568345 ], [ 6.12015527113507, 48.197342480738094 ], [ 6.120770539564306, 48.197497310888629 ], [ 6.121039502402669, 48.197490200072991 ], [ 6.121101424766771, 48.197398513239904 ], [ 6.122053432354161, 48.19755343804573 ], [ 6.122402992381621, 48.196859814610129 ], [ 6.122591993676285, 48.19572919285644 ], [ 6.122633838163928, 48.195070722064997 ], [ 6.12314271490283, 48.195021239270304 ], [ 6.124307716644823, 48.195134489596128 ], [ 6.124778379664226, 48.195122031150078 ], [ 6.124907530194501, 48.195028562240026 ], [ 6.125383517505593, 48.195106010391726 ], [ 6.125727161395964, 48.195222981185012 ], [ 6.126953422656072, 48.195460653553006 ], [ 6.128238404639125, 48.195552677162937 ], [ 6.128988152235769, 48.195703900857062 ], [ 6.12916054135359, 48.195204055396246 ], [ 6.129908153393616, 48.195319309765928 ], [ 6.131211810786835, 48.195725981668431 ], [ 6.131770527192657, 48.196062355586186 ], [ 6.132036812829385, 48.196010265399643 ], [ 6.132687845385165, 48.195632788605579 ], [ 6.133410911233037, 48.195334441070528 ], [ 6.134505785095807, 48.194720044820492 ], [ 6.134489762528515, 48.194450318999593 ], [ 6.135898876244329, 48.193458356298379 ], [ 6.13608187937964, 48.193138317238088 ], [ 6.136576381725527, 48.192620894281234 ], [ 6.138053494744939, 48.190735592285108 ], [ 6.14009972000529, 48.188231784463547 ], [ 6.140341811975686, 48.188000215482901 ], [ 6.140460216867017, 48.187726911581038 ], [ 6.140083956190955, 48.187061539351454 ], [ 6.13936401318033, 48.186504364676651 ], [ 6.139100758772784, 48.185700906489338 ], [ 6.138399636110885, 48.185233276777048 ], [ 6.137146755011748, 48.184771306253886 ], [ 6.136407825481203, 48.184799951479768 ], [ 6.133912668535446, 48.18564067479408 ], [ 6.133646970893671, 48.18570176050288 ], [ 6.133034342710089, 48.184682439567041 ], [ 6.133486227047903, 48.184355263782898 ], [ 6.135636671305986, 48.18337962498552 ], [ 6.137800933744995, 48.182637710305571 ], [ 6.138773961861333, 48.182017495333383 ], [ 6.138975623040672, 48.182012131473101 ], [ 6.13959665112432, 48.18226576527266 ], [ 6.139954150103619, 48.182616459430029 ], [ 6.140488709030905, 48.182548204219415 ], [ 6.140948554800896, 48.182355863045125 ], [ 6.140943204207993, 48.182265953968709 ], [ 6.140599075939151, 48.182140035496303 ], [ 6.140242110836414, 48.181798334090693 ], [ 6.140215293579272, 48.181573918966755 ], [ 6.140269139948865, 48.181347357331951 ], [ 6.140183198261029, 48.181034463931766 ], [ 6.139903624441393, 48.180861800008863 ], [ 6.140392624931541, 48.180254447445527 ], [ 6.140653472469932, 48.180112428028622 ], [ 6.142131980572271, 48.179163546803849 ], [ 6.142581084808366, 48.178791380354198 ], [ 6.142479014020901, 48.178433891467833 ], [ 6.142333877458722, 48.178257652894473 ], [ 6.142998001656265, 48.178104887848946 ], [ 6.143025005344894, 48.177653909314991 ], [ 6.143952087108945, 48.177395077048182 ], [ 6.144855590197191, 48.176740636841309 ], [ 6.146476391856975, 48.175922980145145 ], [ 6.149664045979729, 48.174514165665471 ], [ 6.149768960407921, 48.17401607693138 ], [ 6.150652988985905, 48.17326304951942 ], [ 6.152053262319209, 48.171235487075975 ], [ 6.152375871083168, 48.171001736130634 ], [ 6.155017348008138, 48.170372802055425 ], [ 6.155756603050855, 48.170353031002932 ], [ 6.156672742017583, 48.169914279227996 ], [ 6.156734570192257, 48.169822571981371 ], [ 6.157516825200604, 48.169621533108696 ], [ 6.158322734839792, 48.169590956464162 ], [ 6.158145768163822, 48.166182678942164 ], [ 6.15983834913852, 48.160725140061345 ], [ 6.159924321209856, 48.160137488015117 ], [ 6.159655505401112, 48.159244151538431 ], [ 6.15833362942706, 48.15582148665078 ], [ 6.158457246812409, 48.155638068617108 ], [ 6.160007260997532, 48.15387651919476 ], [ 6.160587162482222, 48.153446731731592 ], [ 6.161138010223631, 48.152756562527422 ], [ 6.161484607760817, 48.152026838191581 ], [ 6.16218053444418, 48.151287746444211 ], [ 6.16274964610564, 48.15090326287136 ], [ 6.163993206914873, 48.150320575024068 ], [ 6.165204983464144, 48.149432540503334 ], [ 6.16709549700924, 48.148643337289698 ], [ 6.169789906243932, 48.147796475001478 ], [ 6.172674681195978, 48.147655862188181 ], [ 6.173002456376417, 48.147511960896544 ], [ 6.173528513697117, 48.14730868982916 ], [ 6.175239152765295, 48.145992864022773 ], [ 6.17589196357223, 48.145660091078071 ], [ 6.178389433988505, 48.144899376569441 ], [ 6.180274316415535, 48.143128495209794 ], [ 6.180459583404024, 48.142853331271638 ], [ 6.180432514519095, 48.142403782733822 ], [ 6.181471574195081, 48.142006523992528 ], [ 6.181952583005684, 48.142173656623775 ], [ 6.182288424194493, 48.142164593509449 ], [ 6.183198435817598, 48.141635717800163 ], [ 6.183612278993203, 48.141804656924442 ], [ 6.183875530323508, 48.141707493124891 ], [ 6.184200528082032, 48.141518605340103 ], [ 6.183966623785237, 48.141209725652146 ], [ 6.184747690555761, 48.140774374594208 ], [ 6.18548380932407, 48.140709462161865 ], [ 6.18532778923759, 48.140353452723907 ], [ 6.184658908798568, 48.139524993103791 ], [ 6.185028947988863, 48.139190795943456 ], [ 6.185316459939663, 48.139273085310727 ], [ 6.185802878594227, 48.139530112226829 ], [ 6.189383245204344, 48.140667091144884 ], [ 6.189592887126235, 48.140796504798367 ], [ 6.189858837235104, 48.140744282283606 ], [ 6.190352865752637, 48.14023560668474 ], [ 6.190742281038976, 48.139999928657062 ], [ 6.191875395796327, 48.139825170095875 ], [ 6.192465751689494, 48.139575040667225 ], [ 6.192505898406327, 48.139348812479732 ], [ 6.192047923413678, 48.13666852110974 ], [ 6.192463865406307, 48.135981834385689 ], [ 6.193231197928488, 48.135321651651019 ], [ 6.193775994842968, 48.134541412084786 ], [ 6.194414572287385, 48.134199906986083 ], [ 6.196001334379468, 48.133742641028434 ], [ 6.199191290663532, 48.133322910961851 ], [ 6.201068399577212, 48.133217924509879 ], [ 6.201533044263418, 48.133115250314177 ], [ 6.202609720909108, 48.133122030151888 ], [ 6.205798528353069, 48.134458270202373 ], [ 6.20671229667028, 48.134883707090154 ], [ 6.207466866792243, 48.135124347705684 ], [ 6.208160291284134, 48.135465710681842 ], [ 6.209680714948106, 48.135910639163512 ], [ 6.210088588035955, 48.135980586421184 ], [ 6.212011296867224, 48.135739100039075 ], [ 6.213958359965715, 48.135677033308326 ], [ 6.21579821573004, 48.135843002970766 ], [ 6.216891374985996, 48.136119377876703 ], [ 6.216806768608433, 48.134950934406803 ], [ 6.217015429317524, 48.134179748773391 ], [ 6.217089772138817, 48.133412227531487 ], [ 6.217502625267932, 48.132680496742104 ], [ 6.21863170257293, 48.131559973404649 ], [ 6.218870187532828, 48.131058142005067 ], [ 6.218989738620833, 48.129929149618988 ], [ 6.219402538246905, 48.129197410467278 ], [ 6.220542461851232, 48.128256683786638 ], [ 6.222547042780751, 48.127157222086822 ], [ 6.222815085393545, 48.12714088828514 ], [ 6.222884975314743, 48.127184006798295 ], [ 6.226205871473319, 48.126714918221602 ], [ 6.226468969335347, 48.126617658407952 ], [ 6.226788231154402, 48.126338742850635 ], [ 6.2262880095521, 48.125857111186512 ], [ 6.223855849378582, 48.123915342897313 ], [ 6.22225916915942, 48.122437007558993 ], [ 6.221815202895576, 48.121773702091062 ], [ 6.223483814043182, 48.120683395455828 ], [ 6.224251372891485, 48.120257135055574 ], [ 6.225987023439983, 48.119164955240684 ], [ 6.226896201950222, 48.118635734378415 ], [ 6.228631744640396, 48.117543514455434 ], [ 6.229401963610777, 48.117162174147673 ], [ 6.230941502902172, 48.116165346756475 ], [ 6.232382143288155, 48.115531448736732 ], [ 6.232360467839207, 48.115396953572116 ], [ 6.230793722548398, 48.114188084208813 ], [ 6.230788226083989, 48.114098175110939 ], [ 6.232028521534882, 48.113487783291028 ], [ 6.230890994829156, 48.112699430332519 ], [ 6.229762293214446, 48.112054920826957 ], [ 6.229486088172768, 48.111936406651772 ], [ 6.22636947109353, 48.109788292903843 ], [ 6.225450199201592, 48.10904794994417 ], [ 6.221284070926564, 48.106442107573706 ], [ 6.221273111960802, 48.106262287560227 ], [ 6.221498033650204, 48.105760809357179 ], [ 6.222696311628291, 48.104683346900352 ], [ 6.222819586219821, 48.104499855205255 ], [ 6.222951083128792, 48.104451228428914 ], [ 6.214712193603014, 48.097435490054856 ], [ 6.213334288401553, 48.096221246707188 ], [ 6.212778293766643, 48.09592120053555 ], [ 6.21407326165316, 48.092454584500942 ], [ 6.213971417844968, 48.090115793747152 ], [ 6.214134705299717, 48.089706066380181 ], [ 6.21370611963793, 48.087520283626795 ], [ 6.213594339566797, 48.085902242243883 ], [ 6.21403048877624, 48.084674521990436 ], [ 6.215190173802576, 48.082967738821559 ], [ 6.215294538615399, 48.082694706976206 ], [ 6.215927178746524, 48.082047007494602 ], [ 6.217203062318774, 48.08114757554857 ], [ 6.218009283741567, 48.080260962106188 ], [ 6.218837915568196, 48.079742980646024 ], [ 6.219263195801989, 48.079001859714836 ], [ 6.219904223009779, 48.078714151085563 ], [ 6.220564135823339, 48.078515983692959 ], [ 6.220896280752733, 48.078452863273441 ], [ 6.221567140719462, 48.078434513601366 ], [ 6.221066325993009, 48.077052259322727 ], [ 6.22034594614582, 48.075594951476504 ], [ 6.220255885817381, 48.07433655158664 ], [ 6.220495751166399, 48.072979066262768 ], [ 6.220709588744108, 48.07229775445505 ], [ 6.220368723155228, 48.072217015295841 ], [ 6.221273316437326, 48.070742276412524 ], [ 6.221391040933814, 48.070468869981653 ], [ 6.220460737138109, 48.070638416646382 ], [ 6.219937811727377, 48.070877872167365 ], [ 6.218817209264168, 48.071232732682269 ], [ 6.216293725879625, 48.071499822602128 ], [ 6.21376718143413, 48.071938058128424 ], [ 6.212598313558251, 48.072384236186323 ], [ 6.211332553564159, 48.072562860376479 ], [ 6.210541250976673, 48.072809590934668 ], [ 6.209010771690783, 48.073941049255787 ], [ 6.208284337090094, 48.074149971407984 ], [ 6.207710383388322, 48.074435790425902 ], [ 6.207147542024209, 48.075126578348396 ], [ 6.206638473687028, 48.075374599992941 ], [ 6.205796374201425, 48.075892862379462 ], [ 6.205306364414869, 48.076455571916171 ], [ 6.204461510747277, 48.076928868150198 ], [ 6.20339959238115, 48.077146886403987 ], [ 6.202361426563034, 48.077535364149213 ], [ 6.201562387559283, 48.077656155984613 ], [ 6.199346381959613, 48.077680354498533 ], [ 6.196634143228498, 48.077276686117479 ], [ 6.194287238683606, 48.077358379069118 ], [ 6.191928930994491, 48.077251207793331 ], [ 6.191113596794806, 48.077102189518975 ], [ 6.190611597044469, 48.076800580755076 ], [ 6.19012844340073, 48.076588519557376 ], [ 6.189570617657151, 48.07625239476053 ], [ 6.189186537227247, 48.075677405957947 ], [ 6.188494018628108, 48.075335917906592 ], [ 6.183305509764109, 48.073305841745892 ], [ 6.183224900454466, 48.073082870783992 ], [ 6.182457259108417, 48.072608289343968 ], [ 6.180930772058649, 48.072028120473604 ], [ 6.17616186511376, 48.071157183883955 ], [ 6.172908120760771, 48.070677526746863 ], [ 6.171473068875447, 48.070274894377789 ], [ 6.169879692885855, 48.069696388075968 ], [ 6.168122580465118, 48.068626938887633 ], [ 6.16783004742684, 48.068229541335029 ], [ 6.165713631737061, 48.067890200248193 ], [ 6.16568403594707, 48.067395668527183 ], [ 6.165008315422627, 48.066432185028617 ], [ 6.164608568655322, 48.066487959656669 ], [ 6.163605702745353, 48.066568945523578 ], [ 6.163130815575375, 48.066491644754343 ], [ 6.163058366279656, 48.066403531588563 ], [ 6.164187182123698, 48.065283480522304 ], [ 6.164817583842538, 48.064816238887367 ], [ 6.165539367813163, 48.06542725278694 ], [ 6.165917197562531, 48.065903416054532 ], [ 6.166105157217193, 48.066798958168249 ], [ 6.166545231361157, 48.067192392007364 ], [ 6.166883290888554, 48.067228329718503 ], [ 6.167338808452234, 48.066981921999691 ], [ 6.167751831155061, 48.06625033330161 ], [ 6.167641731129436, 48.065757966957221 ], [ 6.167413596955537, 48.065313805685541 ], [ 6.167663037206239, 48.064991885812269 ], [ 6.169169954412251, 48.063681489357243 ], [ 6.170038933019931, 48.062712465318135 ], [ 6.171924120666382, 48.061887173268602 ], [ 6.173187618731401, 48.063465202281371 ], [ 6.173627535950457, 48.064975360488077 ], [ 6.174148209829752, 48.065591745040592 ], [ 6.174770738478188, 48.065890170855681 ], [ 6.175650226873273, 48.06599253704352 ], [ 6.176259602414287, 48.066966760605169 ], [ 6.179248320448451, 48.069299709676827 ], [ 6.17976315663759, 48.069817162154017 ], [ 6.180793634597276, 48.070194600475055 ], [ 6.18268196538112, 48.071206285264289 ], [ 6.183366275235398, 48.071412937661769 ], [ 6.183841236107104, 48.071490156608888 ], [ 6.185282193103167, 48.072657993063558 ], [ 6.185665790383961, 48.073449151334628 ], [ 6.187058207173846, 48.074032889425261 ], [ 6.187594859696484, 48.074018364073254 ], [ 6.188105078685498, 48.074680003175814 ], [ 6.188439948427892, 48.074661930800616 ], [ 6.189228670869452, 48.074370392296025 ], [ 6.189067399773181, 48.073924458701129 ], [ 6.1885464701476, 48.073308143452081 ], [ 6.189332460948511, 48.072971647246042 ], [ 6.189536412456781, 48.073011153363062 ], [ 6.18975120920721, 48.073230485992099 ], [ 6.190080646169887, 48.073122495505388 ], [ 6.190209383558368, 48.073028947537274 ], [ 6.190563767977536, 48.073334557380129 ], [ 6.191092275293227, 48.07318514600815 ], [ 6.194675023337698, 48.071764111713428 ], [ 6.195457693037763, 48.07137362632168 ], [ 6.196886840754704, 48.070785463996522 ], [ 6.19745248750103, 48.070139679762228 ], [ 6.198114551984315, 48.06997760229909 ], [ 6.198361285820837, 48.069835809284008 ], [ 6.198320510584964, 48.069161459902602 ], [ 6.197907032871854, 48.068100964935716 ], [ 6.198038462227143, 48.068052364785267 ], [ 6.200621531316099, 48.068549563045138 ], [ 6.20095418157568, 48.068495489749353 ], [ 6.200946020044369, 48.068360619959535 ], [ 6.200602489766249, 48.068234866806904 ], [ 6.200317874869274, 48.067972419716654 ], [ 6.200279980919587, 48.067568174650738 ], [ 6.200996018896091, 48.067188465761497 ], [ 6.20196365432977, 48.06674787350665 ], [ 6.201880255204066, 48.066479957730216 ], [ 6.200390142458463, 48.064503098774729 ], [ 6.200046638537906, 48.064377343685052 ], [ 6.198102725651067, 48.06444817509319 ], [ 6.197660243519953, 48.064685346485462 ], [ 6.197389248699436, 48.064647675645155 ], [ 6.196509065252002, 48.063644878420675 ], [ 6.19628086583382, 48.063425920897863 ], [ 6.195740944960791, 48.062494935123723 ], [ 6.193200708238292, 48.05980798844061 ], [ 6.19285074023009, 48.059574315105152 ], [ 6.19227966396702, 48.059238563169224 ], [ 6.191866438651058, 48.059069645212553 ], [ 6.190227091944481, 48.057727139056084 ], [ 6.189663501543606, 48.057292104795557 ], [ 6.189081630750627, 48.056776508077107 ], [ 6.188687401280137, 48.056922279175254 ], [ 6.188692820299178, 48.057012193603995 ], [ 6.187843120588679, 48.057179304389514 ], [ 6.186917817424608, 48.057429510635671 ], [ 6.184794068585426, 48.057856235401609 ], [ 6.184826424733324, 48.058170573461936 ], [ 6.182308909545763, 48.058752001348914 ], [ 6.181451156156097, 48.059009343004575 ], [ 6.180072464012329, 48.059316775537809 ], [ 6.179354221075517, 48.059660393304256 ], [ 6.178080551333814, 48.059703789679951 ], [ 6.176321237691359, 48.059490094698688 ], [ 6.174891858935741, 48.059177415908252 ], [ 6.174601722339749, 48.057924393518142 ], [ 6.174282301075735, 48.057302583283231 ], [ 6.173719385598968, 48.056876464129616 ], [ 6.173273951110541, 48.05639313928549 ], [ 6.172694068876621, 48.054787679326665 ], [ 6.172222246518664, 48.053863764726053 ], [ 6.171484624363773, 48.053883640440858 ], [ 6.171291538319466, 48.054023933392671 ], [ 6.171256816199493, 48.054565232247469 ], [ 6.17000206096043, 48.054698095465653 ], [ 6.168342308974749, 48.05502196723657 ], [ 6.16547601907323, 48.055387271795375 ], [ 6.163995887468465, 48.055346009976155 ], [ 6.163934205579572, 48.055437728020024 ], [ 6.163126919166821, 48.056314994070384 ], [ 6.159488675175089, 48.059726898946614 ], [ 6.15936260060292, 48.059865371953187 ], [ 6.158592718628821, 48.060471417908431 ], [ 6.15841835546966, 48.060701244879183 ], [ 6.156069419756563, 48.062538409286404 ], [ 6.15494591669369, 48.061947111957323 ], [ 6.15339324118251, 48.060917003651376 ], [ 6.152797752050282, 48.060167447741186 ], [ 6.152509667098038, 48.059841942689012 ], [ 6.152094956894788, 48.059645910515549 ], [ 6.149274216771471, 48.057848167327343 ], [ 6.148566671309041, 48.057245683673813 ], [ 6.146083614647764, 48.055474859219267 ], [ 6.145260727403542, 48.055190646852779 ], [ 6.142995370747685, 48.054593720173919 ], [ 6.14292030073693, 48.054460635614348 ], [ 6.14410031603675, 48.053069227733822 ], [ 6.14364449989016, 48.052405956223204 ], [ 6.143004146146622, 48.051801646187265 ], [ 6.134357451583794, 48.050276054682769 ], [ 6.133245600662008, 48.048738627889875 ], [ 6.132841038535254, 48.047803775346587 ], [ 6.132929788565971, 48.047261057742503 ], [ 6.133302803713433, 48.04675580224238 ], [ 6.134056703512558, 48.046105314530976 ], [ 6.134520560142347, 48.045093302547841 ], [ 6.134609382840927, 48.044325431529614 ], [ 6.13428305791744, 48.043577622689561 ], [ 6.133331520659997, 48.04247721599215 ], [ 6.13258741559032, 48.040569750291944 ], [ 6.131695026620767, 48.039332666668969 ], [ 6.131577337541986, 48.038705380962242 ], [ 6.131617775041052, 48.038254006453037 ], [ 6.131904973632694, 48.037660975059694 ], [ 6.132109166425259, 48.036799972527156 ], [ 6.131999564531649, 48.03608241114754 ], [ 6.131174830662631, 48.034852527610042 ], [ 6.130232022580461, 48.033895959121089 ], [ 6.128808866689695, 48.032763031302117 ], [ 6.128152856775227, 48.032114030058089 ], [ 6.128367717132968, 48.031432868296243 ], [ 6.128797063944675, 48.030746002376084 ], [ 6.12993647722123, 48.029806091293835 ], [ 6.13026363913459, 48.029662297586313 ], [ 6.13069496304907, 48.029236544861426 ], [ 6.130931161307524, 48.028689898540996 ], [ 6.130762875806345, 48.027433533166565 ], [ 6.130570867895501, 48.02645698503548 ], [ 6.130581948456586, 48.02573620737958 ], [ 6.131397185816461, 48.024084417374361 ], [ 6.130641884918166, 48.023798313229285 ], [ 6.128822725757784, 48.022774989279654 ], [ 6.123094915319893, 48.020576612655432 ], [ 6.122076418324491, 48.020378496835825 ], [ 6.121388236114842, 48.020090554037751 ], [ 6.119140011243172, 48.01975392204767 ], [ 6.118137960720373, 48.019834523262965 ], [ 6.11782158221521, 48.019932969044753 ], [ 6.117352474139352, 48.019945401216972 ], [ 6.116851965535236, 48.019652459170963 ], [ 6.11654122082578, 48.019390511845039 ], [ 6.113704957461329, 48.017727460581703 ], [ 6.113032930536761, 48.016799616393072 ], [ 6.11185520025382, 48.015488883473935 ], [ 6.111410871226107, 48.014780156536894 ], [ 6.110278316416342, 48.014008574263968 ], [ 6.109311689919362, 48.013547805854238 ], [ 6.109373417585168, 48.013456113973476 ], [ 6.109405903554656, 48.013095014665879 ], [ 6.109234931642173, 48.012469113220639 ], [ 6.106654390232625, 48.013095672387287 ], [ 6.104014383392375, 48.013624676525694 ], [ 6.098799395787534, 48.014878920418468 ], [ 6.097735131071709, 48.015042042328894 ], [ 6.086831907590887, 48.013590535705262 ], [ 6.085548791404431, 48.013453089652273 ], [ 6.085479163397771, 48.01340988661606 ], [ 6.08182041572814, 48.012812351696425 ], [ 6.080941468873925, 48.01270028936942 ], [ 6.080812685263489, 48.012793721487789 ], [ 6.073748783420998, 48.01550016726344 ], [ 6.073239142349466, 48.015738629518211 ], [ 6.072772670057287, 48.015795845052011 ], [ 6.072563808399439, 48.01566621333383 ], [ 6.072221446713906, 48.015549073915821 ], [ 6.072202827359888, 48.015459501869877 ], [ 6.07024063642123, 48.014258923345807 ], [ 6.069547081915986, 48.013871761883749 ], [ 6.067297747829107, 48.01327301388276 ], [ 6.066732653803314, 48.013017573877605 ], [ 6.063626877014916, 48.0117656476978 ], [ 6.062593690963524, 48.011306240271523 ], [ 6.055712646315398, 48.00881949375357 ], [ 6.049407600369669, 48.007001863966423 ], [ 6.041180535686093, 48.004423104403138 ], [ 6.038722117426699, 48.002973685208204 ], [ 6.038508230973325, 48.002754067723998 ], [ 6.035622227719498, 48.000865345601895 ], [ 6.0352692221569, 48.000559256060136 ], [ 6.033439829369422, 47.999309631997477 ], [ 6.033161562332875, 47.999136694766058 ], [ 6.033025003982713, 47.999095188269727 ], [ 6.032514862538966, 47.998622034336393 ], [ 6.032030028610754, 47.997418759328653 ], [ 6.031586918777348, 47.996709723266683 ], [ 6.031512281451897, 47.995639961473479 ], [ 6.030885273130739, 47.994530403966628 ], [ 6.030856976419029, 47.994035815850559 ], [ 6.031099192500561, 47.993579283225607 ], [ 6.03178660552121, 47.992931155569487 ], [ 6.031947913643605, 47.992467700974949 ], [ 6.032249375649722, 47.991874550428136 ], [ 6.032163923666951, 47.990615942761359 ], [ 6.03182953228343, 47.990633571897959 ], [ 6.026120023551185, 47.991438083703855 ], [ 6.024919987148344, 47.991568027151324 ], [ 6.024917419902204, 47.991523064387863 ], [ 6.02467924630935, 47.987116362510314 ], [ 6.02280234918135, 47.987137618251445 ], [ 6.021923953061828, 47.987025113338639 ], [ 6.020984223904347, 47.987013241482174 ], [ 6.019531741024363, 47.987419792086996 ], [ 6.018998482426554, 47.987478515695102 ], [ 6.018169032324471, 47.984221713783789 ], [ 6.018295295623432, 47.984083385448535 ], [ 6.02266924448732, 47.981512419661698 ], [ 6.023323336276296, 47.982162028932223 ], [ 6.023727726747712, 47.982196656945789 ], [ 6.023859102495197, 47.982148248573722 ], [ 6.024518544073717, 47.981951167533516 ], [ 6.026086249240388, 47.981451524833368 ], [ 6.026081113753985, 47.981361598785881 ], [ 6.02555785511379, 47.980654601601593 ], [ 6.024177620827659, 47.979033046599383 ], [ 6.023713984257663, 47.97913503212088 ], [ 6.023433289460442, 47.978917106546554 ], [ 6.023198987646702, 47.978571905560869 ], [ 6.023525609516166, 47.978419411341214 ], [ 6.023512782425089, 47.978194595507347 ], [ 6.022910313047424, 47.977273484298124 ], [ 6.021731404768905, 47.976592336300939 ], [ 6.021009925546359, 47.975935444361269 ], [ 6.020605584604935, 47.975900806867635 ], [ 6.019444440791005, 47.9745887721175 ], [ 6.017286959693577, 47.972500788864522 ], [ 6.017348798669954, 47.97240914294963 ], [ 6.017778002837213, 47.971938825534238 ], [ 6.017943031665601, 47.971304178971494 ], [ 6.018318580331754, 47.971069388758721 ], [ 6.018630316715027, 47.970656119174613 ], [ 6.018964878950107, 47.969701910727352 ], [ 6.018828407517694, 47.96966038698821 ], [ 6.017775045450613, 47.970002644350302 ], [ 6.016706826098326, 47.970084103660994 ], [ 6.016127850297758, 47.970279080416873 ], [ 6.015067296447579, 47.970495415464207 ], [ 6.013558490231073, 47.971083468409248 ], [ 6.012469900966544, 47.971750789129793 ], [ 6.01214022183134, 47.971849296962766 ], [ 6.010590337003392, 47.969826675959155 ], [ 6.009975419778081, 47.968680675122243 ], [ 6.009617617132539, 47.967338964271192 ], [ 6.00946839424171, 47.967072610703923 ], [ 6.008945539196693, 47.967311144611038 ], [ 6.008677729140466, 47.967318001190208 ], [ 6.00852902146216, 47.967060639188212 ], [ 6.007689222484033, 47.965731260827731 ], [ 6.007236509639401, 47.96578787566812 ], [ 6.00700237126998, 47.965442639600276 ], [ 6.006237874290202, 47.964021265924806 ], [ 6.007295783720126, 47.96376004572118 ], [ 6.007274741279587, 47.963625496591121 ], [ 6.006966648963795, 47.962921919022499 ], [ 6.007164939220745, 47.96287181560087 ], [ 6.008129727181509, 47.962387823702443 ], [ 6.009272361623661, 47.961494005167509 ], [ 6.009329096475136, 47.961312434943302 ], [ 6.008968849212888, 47.960871367054622 ], [ 6.006825090143915, 47.959007994215419 ], [ 6.005270660997561, 47.957840975565553 ], [ 6.002403564007843, 47.95622117084298 ], [ 6.002262047573574, 47.956089699040803 ], [ 6.000164442777963, 47.956692635634163 ], [ 5.999510821641329, 47.956988504631909 ], [ 5.998375387839193, 47.957062514042249 ], [ 5.996965073402253, 47.957017442301364 ], [ 5.996056868591493, 47.9582653964858 ], [ 5.995791643490691, 47.958317188074069 ], [ 5.993377918162442, 47.95736104647608 ], [ 5.993107617715424, 47.957322903226292 ], [ 5.992425269773111, 47.958060747981357 ], [ 5.992157504295418, 47.958067566970783 ], [ 5.991179536431379, 47.957606153511179 ], [ 5.989571231144209, 47.956665452763509 ], [ 5.989367876629791, 47.956625597679398 ], [ 5.987908047128727, 47.957842488711265 ], [ 5.987604467046779, 47.958165410667924 ], [ 5.987339740948896, 47.958226176091706 ], [ 5.985247708934446, 47.95702754180774 ], [ 5.985309585225417, 47.95693591187046 ], [ 5.985350477222883, 47.956709728270944 ], [ 5.984254633876271, 47.956296282800572 ], [ 5.983981814583254, 47.956213153908593 ], [ 5.98385299742188, 47.956306483150954 ], [ 5.98349005290955, 47.95676598860598 ], [ 5.982892652487306, 47.956871213987625 ], [ 5.98271510604398, 47.957289986727751 ], [ 5.982112639573494, 47.957305278839229 ], [ 5.981981287277422, 47.957353641319251 ], [ 5.981950497119117, 47.957759682231412 ], [ 5.981888614064058, 47.957851310353874 ], [ 5.981021409135009, 47.957927349430811 ], [ 5.980141057876964, 47.957769565789825 ], [ 5.976880139522055, 47.957239836176662 ], [ 5.976612376195382, 47.957246619761314 ], [ 5.97598967397334, 47.957856771997577 ], [ 5.975724431329368, 47.957908518322796 ], [ 5.970777924185859, 47.957205159272128 ], [ 5.970866450423559, 47.956392405903998 ], [ 5.970879686635632, 47.95567161303029 ], [ 5.970589898068989, 47.954328080194365 ], [ 5.970160926394609, 47.953132156423386 ], [ 5.968916469344656, 47.948624713122051 ], [ 5.968902035913477, 47.947409299809117 ], [ 5.968292126337574, 47.94728962555417 ], [ 5.966563262896565, 47.946576812440298 ], [ 5.964799005808518, 47.946189075277481 ], [ 5.963705550501402, 47.945811407850634 ], [ 5.962440254519125, 47.944996782378134 ], [ 5.962229429548184, 47.944821983815181 ], [ 5.960321362877536, 47.94353723272598 ], [ 5.960174964491047, 47.943315778242059 ], [ 5.960424585793671, 47.942985280391575 ], [ 5.960535839536161, 47.94257721745138 ], [ 5.960021868535012, 47.942013801668764 ], [ 5.958890561995619, 47.94119576322823 ], [ 5.958602808483734, 47.940842781069108 ], [ 5.956965503158644, 47.939362036882585 ], [ 5.956322276602711, 47.938882911300965 ], [ 5.955618510824357, 47.938279225103933 ], [ 5.953712842922863, 47.937030334196812 ], [ 5.952617652617483, 47.936616588830105 ], [ 5.950796420169655, 47.936401191545436 ], [ 5.949742293227741, 47.93576124473833 ], [ 5.949390216416611, 47.935454885320652 ], [ 5.949256387978781, 47.935458245926043 ], [ 5.948867402997973, 47.935693156636432 ], [ 5.948098306691448, 47.936081699438844 ], [ 5.947634899409177, 47.936183387681609 ], [ 5.945162530297426, 47.936308449624249 ], [ 5.943348825018219, 47.936227834943246 ], [ 5.941408775965284, 47.936285442229646 ], [ 5.939084671603318, 47.936667827945918 ], [ 5.937498045164471, 47.936815588371161 ], [ 5.937022160577455, 47.936692403866402 ], [ 5.935980639959858, 47.936277164713673 ], [ 5.935700532388604, 47.936059024099741 ], [ 5.935425404547069, 47.93593081526631 ], [ 5.934912476915214, 47.93634888933272 ], [ 5.934036799661703, 47.93723531249114 ], [ 5.929575680114917, 47.93750876881758 ], [ 5.928381096981862, 47.937718670994357 ], [ 5.928386062653511, 47.937808603666241 ], [ 5.929442953175445, 47.938502700785399 ], [ 5.929868809687836, 47.938933355759858 ], [ 5.930639708051744, 47.939544519504345 ], [ 5.931497888669064, 47.940279579186253 ], [ 5.931741865007001, 47.940813828786084 ], [ 5.932314531758277, 47.941474957689863 ], [ 5.932412243537435, 47.941787715941146 ], [ 5.931900389449336, 47.943196366418718 ], [ 5.931930222601573, 47.943735959669432 ], [ 5.933289075354605, 47.943828115012828 ], [ 5.933539600976244, 47.944722422314179 ], [ 5.933998829583692, 47.945512454560955 ], [ 5.934996485290745, 47.946343067951638 ], [ 5.936400230805746, 47.947244574193064 ], [ 5.937309669237984, 47.947933283718896 ], [ 5.937833920015483, 47.94868565327905 ], [ 5.937964066888632, 47.94958296115869 ], [ 5.937302215557121, 47.949734594905166 ], [ 5.937566223475788, 47.950628555686798 ], [ 5.937717530374109, 47.950939968882388 ], [ 5.937899666685602, 47.951565807377364 ], [ 5.939034568379469, 47.951483388717833 ], [ 5.941832779339059, 47.95238596345358 ], [ 5.942136366313177, 47.952783614557511 ], [ 5.942287706189004, 47.953095021456107 ], [ 5.942755763782149, 47.953074293454101 ], [ 5.944908622240843, 47.954182077877377 ], [ 5.945626364514761, 47.954794479775984 ], [ 5.945846668495853, 47.955140175901398 ], [ 5.946451619732967, 47.955170035106946 ], [ 5.946647799063085, 47.957011268151376 ], [ 5.946717239836791, 47.957054554790325 ], [ 5.948060570719962, 47.957101908932565 ], [ 5.948208415387581, 47.958313958290063 ], [ 5.948280359808589, 47.958402209316532 ], [ 5.949222066838322, 47.958459627570782 ], [ 5.950543414513844, 47.960038461827949 ], [ 5.950947588608772, 47.96007334055016 ], [ 5.951821405542884, 47.961078033803247 ], [ 5.953815907233324, 47.961018909221508 ], [ 5.954221662178298, 47.962044355973518 ], [ 5.955877995754492, 47.96361471097498 ], [ 5.956950308449471, 47.964569346709141 ], [ 5.957969121835993, 47.964804869966969 ], [ 5.958797632116604, 47.965234294231486 ], [ 5.95951518224341, 47.965837614149009 ], [ 5.959702648428768, 47.966553342829371 ], [ 5.960133671090638, 47.968028414036318 ], [ 5.959139387302337, 47.96823356548397 ], [ 5.958482885307857, 47.968484239375684 ], [ 5.958822986142995, 47.970492932051549 ], [ 5.957978970955533, 47.970748322520272 ], [ 5.949545137164439, 47.972941500350721 ], [ 5.949858910519956, 47.973518986034286 ], [ 5.949873926927205, 47.973788775340374 ], [ 5.949417700597218, 47.974025362875558 ], [ 5.949952392601115, 47.974957525664109 ], [ 5.949982427334603, 47.975497103721537 ], [ 5.949760496846607, 47.976088032615117 ], [ 5.948839963068416, 47.977380907910593 ], [ 5.948605502616475, 47.977747009987908 ], [ 5.947493507727592, 47.979215778874696 ], [ 5.947534412840574, 47.979710055515717 ], [ 5.94693218161611, 47.97973416006915 ], [ 5.946836814686, 47.979466386024768 ], [ 5.946690373414273, 47.979244919671515 ], [ 5.946427495272792, 47.979341563996776 ], [ 5.946460890130165, 47.979700946614052 ], [ 5.945131982082374, 47.979923363732276 ], [ 5.944199391477128, 47.980036779826285 ], [ 5.943469335567817, 47.97920854747467 ], [ 5.94273017250264, 47.97918202644842 ], [ 5.941731119231923, 47.979306092481593 ], [ 5.939473024717578, 47.979461640136805 ], [ 5.939048333632687, 47.979301155397692 ], [ 5.938274267132609, 47.978645096846392 ], [ 5.938073359884337, 47.978650118572865 ], [ 5.937285182777228, 47.978948985090852 ], [ 5.936885857728117, 47.979003989829977 ], [ 5.936744442997631, 47.978872441059657 ], [ 5.934898698393276, 47.977270541243634 ], [ 5.934034395123306, 47.976436599888906 ], [ 5.933831006575483, 47.976396649231965 ], [ 5.933766529406943, 47.976443285799633 ], [ 5.933377672897175, 47.976687132315767 ], [ 5.932751258829748, 47.977243089903865 ], [ 5.932485877041067, 47.977294738040293 ], [ 5.931577528480638, 47.976876128857164 ], [ 5.929123856033238, 47.97519024274402 ], [ 5.927868326851949, 47.974555121166503 ], [ 5.927389642213955, 47.974386935193714 ], [ 5.926908973978878, 47.974182774970181 ], [ 5.925715493720854, 47.973456031742344 ], [ 5.922536009918643, 47.97197719225133 ], [ 5.921473585518934, 47.971193116239995 ], [ 5.921329751444697, 47.971016582737192 ], [ 5.921659593887525, 47.970918329521929 ], [ 5.921719117516136, 47.970781768313152 ], [ 5.921207763899409, 47.970263158236143 ], [ 5.92036956938645, 47.969653608000755 ], [ 5.92027683216853, 47.969430776379653 ], [ 5.919518497991977, 47.969053377350434 ], [ 5.919101894013195, 47.968793562430783 ], [ 5.919493730366345, 47.968603720728922 ], [ 5.919954502344596, 47.968448186705722 ], [ 5.91986226438618, 47.968234347724653 ], [ 5.919160505341821, 47.967666426725181 ], [ 5.91912977945479, 47.967351999395873 ], [ 5.918854529328804, 47.96722375423824 ], [ 5.918834720382319, 47.966864028430898 ], [ 5.917378649408996, 47.966233780128228 ], [ 5.917763047553558, 47.965909046532239 ], [ 5.918164769306347, 47.96589907205135 ], [ 5.918281347414071, 47.965580986501202 ], [ 5.919403275915482, 47.964283351486081 ], [ 5.919313028524761, 47.964105484158829 ], [ 5.919104745962755, 47.963975576125868 ], [ 5.919572479829187, 47.962973355243946 ], [ 5.919902275502962, 47.962875106467642 ], [ 5.91973772865705, 47.961348263979453 ], [ 5.919409497481205, 47.960500898246714 ], [ 5.919031662615122, 47.959969955655914 ], [ 5.919227548673676, 47.959875034568888 ], [ 5.919961477413207, 47.959811771827027 ], [ 5.919967976182356, 47.958956088580848 ], [ 5.920320105033386, 47.958046787875944 ], [ 5.920481835332382, 47.95660188731938 ], [ 5.918813735248793, 47.956742397061433 ], [ 5.918511312107785, 47.956119523993102 ], [ 5.918661615817226, 47.955440377540711 ], [ 5.91856901676217, 47.954001795743864 ], [ 5.918161537735025, 47.952931254820641 ], [ 5.9179697308619, 47.952125521660165 ], [ 5.917342175666501, 47.950709227439368 ], [ 5.917301574246831, 47.950214931444549 ], [ 5.917351189621452, 47.949898505767862 ], [ 5.917706347913564, 47.948313716539332 ], [ 5.918042584312375, 47.947359782852004 ], [ 5.917700510477395, 47.947233195867391 ], [ 5.914791369422601, 47.94673806255966 ], [ 5.913918814105991, 47.946714681089965 ], [ 5.913653566707548, 47.946766287702481 ], [ 5.911986251687177, 47.946915694688329 ], [ 5.910030971622285, 47.946702984959195 ], [ 5.908065843146988, 47.946310376571326 ], [ 5.907731197061867, 47.946318660079775 ], [ 5.907676596257104, 47.946545149332636 ], [ 5.907547668391471, 47.946638395469137 ], [ 5.904839442030369, 47.946138045973903 ], [ 5.900112413513003, 47.944750920071556 ], [ 5.899758104818078, 47.944399446943116 ], [ 5.899163085275442, 47.943567617187405 ], [ 5.898159161999454, 47.942610791152774 ], [ 5.897591822523749, 47.942039430065549 ], [ 5.897018479858028, 47.941603296815472 ], [ 5.896538225539722, 47.941399008326584 ], [ 5.895204689293749, 47.940540340370944 ], [ 5.894463180080888, 47.939477955411583 ], [ 5.893831937922421, 47.938962184537466 ], [ 5.893425073517819, 47.937891548026599 ], [ 5.892901559170054, 47.937138975523986 ], [ 5.892943949549828, 47.936687656300727 ], [ 5.893421749418622, 47.93586539122353 ], [ 5.893942359831765, 47.935582399565938 ], [ 5.895452826252581, 47.935266001847019 ], [ 5.895841553455849, 47.935022274531768 ], [ 5.896257290017904, 47.934291581152877 ], [ 5.896709962231953, 47.932029032671345 ], [ 5.897190117897414, 47.931251717114769 ], [ 5.897175381379007, 47.930981914069818 ], [ 5.895260658956426, 47.930272666823569 ], [ 5.893525972873711, 47.929423870426177 ], [ 5.893310531405113, 47.929159012027725 ], [ 5.892670946006961, 47.928733495993157 ], [ 5.890512859996659, 47.927489835582307 ], [ 5.889009579471336, 47.926950473034019 ], [ 5.885461833926729, 47.926020073980389 ], [ 5.884726375202079, 47.926047148585369 ], [ 5.883720599234832, 47.925045221388181 ], [ 5.883579460094566, 47.924913604343786 ], [ 5.883603398875792, 47.923382075691819 ], [ 5.883402447375921, 47.922396400865154 ], [ 5.883404643028084, 47.921450764672841 ], [ 5.888990320975735, 47.920692083725925 ], [ 5.889574120464531, 47.92058766256563 ], [ 5.888330606997397, 47.917925589306478 ], [ 5.887950938463979, 47.917349565293783 ], [ 5.886385667055372, 47.915911139513838 ], [ 5.886378328365055, 47.915776236064367 ], [ 5.887343849952607, 47.915302215581555 ], [ 5.887267171375814, 47.915123989329693 ], [ 5.886767132740431, 47.914550921425082 ], [ 5.886958015565482, 47.914366115785683 ], [ 5.887796580949507, 47.914021290723127 ], [ 5.8885225692537, 47.91382331896866 ], [ 5.888911660908031, 47.913588604971999 ], [ 5.889569897732296, 47.912392669720262 ], [ 5.889682947758934, 47.912254802792027 ], [ 5.890084268736437, 47.912244923930629 ], [ 5.890485209128669, 47.911244433707552 ], [ 5.890864473987194, 47.910829841417161 ], [ 5.890574696908842, 47.909936412966886 ], [ 5.889700249499812, 47.908390959534962 ], [ 5.887984943674576, 47.904929974299826 ], [ 5.8872987203361, 47.90364103520907 ], [ 5.886493944742813, 47.902634182973472 ], [ 5.885822751172628, 47.90260565844352 ], [ 5.885196920499397, 47.902179766054196 ], [ 5.884389274269287, 47.901118936624137 ], [ 5.883671009478974, 47.900470166360428 ], [ 5.88277724604547, 47.900041838367784 ], [ 5.882448260412303, 47.900148980416404 ], [ 5.881932819664374, 47.900521863867418 ], [ 5.881686029528725, 47.900663008024878 ], [ 5.881237451409261, 47.901034246469919 ], [ 5.880888642454864, 47.901763260060306 ], [ 5.880688508894296, 47.901777177646458 ], [ 5.878429758590478, 47.901121145924513 ], [ 5.876201984266013, 47.900788515532291 ], [ 5.873508078194902, 47.900503278674812 ], [ 5.872374164830619, 47.900585067165714 ], [ 5.869970150074121, 47.900706913094275 ], [ 5.868852755612779, 47.90109445378458 ], [ 5.867493857579142, 47.901722028890809 ], [ 5.866874925534913, 47.902412566603459 ], [ 5.866087479694911, 47.902710969767099 ], [ 5.865087259121926, 47.902789421838293 ], [ 5.864074416548542, 47.902634028489445 ], [ 5.863002467157541, 47.902624157300494 ], [ 5.86061482045841, 47.903051598385893 ], [ 5.859580467926981, 47.903491056909168 ], [ 5.85804278637417, 47.903537512831754 ], [ 5.857458143924879, 47.903623790855853 ], [ 5.856301744729628, 47.903787018933855 ], [ 5.854575368680232, 47.904558462406662 ], [ 5.853382205929299, 47.905533051074968 ], [ 5.852144204809939, 47.905923357830993 ], [ 5.851317308296247, 47.905988473600509 ], [ 5.849737194256563, 47.905495519806088 ], [ 5.849212831298331, 47.904958913303965 ], [ 5.848806587956988, 47.904626564344397 ], [ 5.848388904900212, 47.904330513616621 ], [ 5.848193023221528, 47.903425711408424 ], [ 5.84829540299663, 47.902837869512027 ], [ 5.848062987285547, 47.901501688552983 ], [ 5.848179843923963, 47.901183660137633 ], [ 5.848165364790497, 47.900913846090795 ], [ 5.846978951644407, 47.900267215751818 ], [ 5.84642033270098, 47.899839494083466 ], [ 5.84628417608952, 47.899797768401847 ], [ 5.845776171951712, 47.899314783298458 ], [ 5.845222857961486, 47.897986376041985 ], [ 5.845094404813585, 47.897088937979262 ], [ 5.845013073700288, 47.896820743847492 ], [ 5.844872105535093, 47.896689078074893 ], [ 5.842848275775369, 47.89440568724897 ], [ 5.842278786581479, 47.894023237624978 ], [ 5.841927606775619, 47.893716548766008 ], [ 5.83969805223252, 47.892338639962773 ], [ 5.837483516197354, 47.891239498557113 ], [ 5.836978694971423, 47.889810819744355 ], [ 5.836874004698817, 47.888102299588247 ], [ 5.837879879753942, 47.887132395928255 ], [ 5.838580399960087, 47.885710586055652 ], [ 5.838630424051922, 47.885394181410867 ], [ 5.836682989483163, 47.885279176733206 ], [ 5.835182753023728, 47.882757858749564 ], [ 5.83487796620151, 47.882314945126971 ], [ 5.834536509654382, 47.882188111178181 ], [ 5.833577080054615, 47.881770013033275 ], [ 5.832525450703359, 47.881128994287451 ], [ 5.831152493706847, 47.880486715025704 ], [ 5.830685032649598, 47.880506999501407 ], [ 5.830279997016429, 47.87994041541188 ], [ 5.83026470976579, 47.879904761970629 ], [ 5.829717361056071, 47.879179508909409 ], [ 5.829557785461222, 47.878697057515716 ], [ 5.829541010655491, 47.878382267563154 ], [ 5.828375268491128, 47.877104570537178 ], [ 5.828236789105591, 47.87701785330691 ], [ 5.827769357460222, 47.877038126212632 ], [ 5.827337163006437, 47.876463181237867 ], [ 5.825132399073643, 47.873517443002278 ], [ 5.824919917631005, 47.873297420626564 ], [ 5.824474416631915, 47.872722785740244 ], [ 5.823922964317487, 47.872420866775023 ], [ 5.823386341816349, 47.872397760940089 ], [ 5.823426880153496, 47.871901479107464 ], [ 5.823332329435792, 47.871633587681934 ], [ 5.822706886693346, 47.871198360459665 ], [ 5.821819364378594, 47.870868495887514 ], [ 5.821519535647653, 47.870515485196456 ], [ 5.820695012190213, 47.869103428870737 ], [ 5.821279323078016, 47.868765176280768 ], [ 5.821435400588567, 47.868176059732953 ], [ 5.822188189379841, 47.86748253170807 ], [ 5.822434010615488, 47.867071365592864 ], [ 5.82338917659184, 47.866408981279925 ], [ 5.823575325267653, 47.866134332503194 ], [ 5.824394408822717, 47.865430186619811 ], [ 5.824516110862321, 47.865202115854615 ], [ 5.823027214336405, 47.864886741372999 ], [ 5.822473939743202, 47.864548837804854 ], [ 5.822448625172616, 47.86432430686731 ], [ 5.822830475910943, 47.863954893364792 ], [ 5.823036139966881, 47.863040376798708 ], [ 5.823537286718495, 47.862397920438376 ], [ 5.823908141800594, 47.862073795311744 ], [ 5.824579638545598, 47.861112034973992 ], [ 5.824812975549666, 47.860467015362168 ], [ 5.824675870389602, 47.859398646752673 ], [ 5.82484097053755, 47.858980410760935 ], [ 5.825291979440488, 47.858654349197977 ], [ 5.827194412335498, 47.858194243498765 ], [ 5.827652581716843, 47.858003084474966 ], [ 5.828055419764764, 47.858029393711512 ], [ 5.8282629753983, 47.857655156348237 ], [ 5.827324063916261, 47.857110438818779 ], [ 5.826522231468095, 47.8571297669099 ], [ 5.824761123407397, 47.857730549261177 ], [ 5.823899632464101, 47.857886380770893 ], [ 5.822558921940098, 47.857837604960231 ], [ 5.822273975443739, 47.857763411769533 ], [ 5.822406165741087, 47.857481055719767 ], [ 5.822990815925459, 47.857151786436063 ], [ 5.823547274922037, 47.856544017618369 ], [ 5.823936234047689, 47.856309510949572 ], [ 5.824329971682946, 47.856164944347562 ], [ 5.824700778435128, 47.855840815529554 ], [ 5.824626786968023, 47.855707512828779 ], [ 5.822022268944115, 47.854788600281431 ], [ 5.82010938565104, 47.854042119649414 ], [ 5.817846256510166, 47.853249991587752 ], [ 5.817772285842662, 47.85311668436232 ], [ 5.818102556898707, 47.85202807008239 ], [ 5.818164598987911, 47.851936522550545 ], [ 5.818567863536956, 47.851971858641157 ], [ 5.821215604769985, 47.852700685908424 ], [ 5.823125567422387, 47.853141025993516 ], [ 5.826605325562735, 47.85416489971314 ], [ 5.826555259273715, 47.854481305064454 ], [ 5.82567864599504, 47.855357969160409 ], [ 5.825826633603856, 47.855624573232696 ], [ 5.826456704150197, 47.856149729120361 ], [ 5.827013707295529, 47.856307410902964 ], [ 5.827746314986, 47.856244719987323 ], [ 5.827931012030569, 47.856195238017065 ], [ 5.828130987705602, 47.85618140997542 ], [ 5.828428385021927, 47.856489436151428 ], [ 5.828521543455216, 47.856982501120704 ], [ 5.828659971097411, 47.857069219039374 ], [ 5.829058491531937, 47.857014577800058 ], [ 5.829445034449948, 47.856735082352493 ], [ 5.829672116062248, 47.856225285610321 ], [ 5.829646244915487, 47.855739603247841 ], [ 5.829438606402553, 47.855609527951039 ], [ 5.829796921200526, 47.855051535722474 ], [ 5.829832595324854, 47.854465305362616 ], [ 5.829394863577633, 47.854034588830551 ], [ 5.829492565687938, 47.853356804798196 ], [ 5.829220517435496, 47.853273311721935 ], [ 5.828750421497782, 47.853239624014329 ], [ 5.828391014971802, 47.853023150987191 ], [ 5.827346798634081, 47.853012309405635 ], [ 5.826914880275972, 47.852941671207176 ], [ 5.826935824465118, 47.852580938961459 ], [ 5.827298532849215, 47.852608217284839 ], [ 5.827750472116779, 47.852552291619574 ], [ 5.827814370863162, 47.852244557309582 ], [ 5.828479150768008, 47.852165484544642 ], [ 5.828520629536817, 47.85193934170168 ], [ 5.827981817959962, 47.851871285880677 ], [ 5.827113252002006, 47.851892229333117 ], [ 5.826984412467531, 47.851985392332296 ], [ 5.825800404440388, 47.852112992709507 ], [ 5.824870281261398, 47.852234465265205 ], [ 5.823670509666922, 47.85231739524577 ], [ 5.823400865894008, 47.852278859433071 ], [ 5.823121663407166, 47.852060439706705 ], [ 5.822957947114634, 47.851749182514922 ], [ 5.822664413085875, 47.851260936552592 ], [ 5.821975270435308, 47.850881273496455 ], [ 5.821014604546988, 47.850679246794229 ], [ 5.81970747449266, 47.849999238069174 ], [ 5.818622279871814, 47.849719135714643 ], [ 5.81758338979337, 47.849302825967413 ], [ 5.816021019445102, 47.848854051922288 ], [ 5.814470586901747, 47.848630112425738 ], [ 5.812190030658321, 47.848513722172783 ], [ 5.809721424612674, 47.848635940577346 ], [ 5.809385000447444, 47.848598973333807 ], [ 5.808071839222171, 47.848054067913324 ], [ 5.80706258262139, 47.847943149055709 ], [ 5.806924689162964, 47.847865399448359 ], [ 5.806030054083602, 47.847391502870778 ], [ 5.805624457872526, 47.847311152282451 ], [ 5.805360076542463, 47.847371511763903 ], [ 5.804360333277653, 47.847440454852936 ], [ 5.803890779364334, 47.847415661683634 ], [ 5.802117168350458, 47.847016785341275 ], [ 5.800306729924825, 47.846933958507464 ], [ 5.798899510021887, 47.846886507531686 ], [ 5.797217960412862, 47.846710500588777 ], [ 5.796082711100976, 47.84674658341838 ], [ 5.795738803951102, 47.848600928552372 ], [ 5.795785296641863, 47.849230210447452 ], [ 5.796063898556848, 47.849439701292731 ], [ 5.797022922868873, 47.849867108261535 ], [ 5.797235195144889, 47.850087184161666 ], [ 5.797500614101699, 47.85106246008489 ], [ 5.797881196913803, 47.851683770155688 ], [ 5.798199711823968, 47.852396615749527 ], [ 5.798578794569212, 47.853243098451223 ], [ 5.798882352698912, 47.855703377317468 ], [ 5.797269710483837, 47.855570748524947 ], [ 5.796267908723712, 47.855603645310033 ], [ 5.796012470079297, 47.855834874267849 ], [ 5.795611557888512, 47.855844432009569 ], [ 5.793861025056207, 47.855633993660412 ], [ 5.790370867088697, 47.855419906983329 ], [ 5.789559600717346, 47.855259096870142 ], [ 5.78801145310167, 47.855079779945918 ], [ 5.784676678458512, 47.855276084079783 ], [ 5.783750647938066, 47.855478179106903 ], [ 5.782090073424848, 47.855706699974725 ], [ 5.780449909986653, 47.856069795222162 ], [ 5.778674481997095, 47.856661208601153 ], [ 5.777502010910094, 47.857013179133219 ], [ 5.775595225354953, 47.857652682169594 ], [ 5.775021761041942, 47.857945421583672 ], [ 5.77475917135551, 47.858041689028731 ], [ 5.773443783996275, 47.857451427375672 ], [ 5.773104981612188, 47.857369384591365 ], [ 5.771807686500903, 47.856868731776835 ], [ 5.770036346003749, 47.856514344363418 ], [ 5.768197512342133, 47.855891360960847 ], [ 5.767315269613512, 47.855651024981263 ], [ 5.767052677305339, 47.855747275307614 ], [ 5.766799453157683, 47.856023412479594 ], [ 5.765664378961625, 47.857094814251994 ], [ 5.765125511724146, 47.858053088544665 ], [ 5.76449405630017, 47.858518244837434 ], [ 5.763577719209464, 47.858909061932295 ], [ 5.761926303992803, 47.859317184285885 ], [ 5.76119123886598, 47.859334492185617 ], [ 5.760755701750206, 47.858678346817776 ], [ 5.76025354202714, 47.858284924046394 ], [ 5.759244388793311, 47.857146975963801 ], [ 5.758674785310261, 47.856484971813543 ], [ 5.758471988186196, 47.856444715047303 ], [ 5.757686710962597, 47.855751757415369 ], [ 5.757078103852578, 47.85459536644445 ], [ 5.756688052447722, 47.854298352595841 ], [ 5.756645161351145, 47.854245328467762 ], [ 5.756433507261105, 47.854034174107774 ], [ 5.756214388510797, 47.853679108530386 ], [ 5.756062089406952, 47.853322472168585 ], [ 5.755849974730199, 47.853102322212152 ], [ 5.755214738533984, 47.852721011347242 ], [ 5.754189183597406, 47.852294832636645 ], [ 5.75341334658677, 47.851781733608313 ], [ 5.753406354288026, 47.851646816896199 ], [ 5.752876497278447, 47.851749310650135 ], [ 5.749649446017012, 47.852473409637525 ], [ 5.749446671037502, 47.85243313717654 ], [ 5.746514634280358, 47.850583701544359 ], [ 5.744204434055418, 47.848854724918418 ], [ 5.744128331452809, 47.848676398475106 ], [ 5.744153906816951, 47.84813547754905 ], [ 5.744319494675178, 47.847456198943817 ], [ 5.744347411172082, 47.845924630431433 ], [ 5.744519958554042, 47.845380268422701 ], [ 5.744686110376792, 47.844971136525075 ], [ 5.745505912456482, 47.844267532920206 ], [ 5.745498941216173, 47.84413261514576 ], [ 5.743951295027871, 47.842917094152334 ], [ 5.743530037192386, 47.842530714575339 ], [ 5.743587552496984, 47.842349260661919 ], [ 5.7443614508285, 47.841016358755127 ], [ 5.744732061900289, 47.840422330994883 ], [ 5.744867986610358, 47.840464175862664 ], [ 5.746728672069373, 47.841267108089518 ], [ 5.746929077569798, 47.84126241287133 ], [ 5.747101707850469, 47.840979199988915 ], [ 5.747092408046125, 47.840799309402804 ], [ 5.746751892757481, 47.840681211603595 ], [ 5.746809395063718, 47.840499755915268 ], [ 5.747228300229231, 47.839805528134569 ], [ 5.747514061284537, 47.839123424120011 ], [ 5.747767305099702, 47.838847325858282 ], [ 5.748149491624347, 47.838478150046704 ], [ 5.7480780419782, 47.838389770472759 ], [ 5.746701288658321, 47.837890713442938 ], [ 5.745878803092504, 47.837504735958838 ], [ 5.745938628758207, 47.837368253125859 ], [ 5.746194196415689, 47.837137130747614 ], [ 5.746171541066117, 47.836957552629329 ], [ 5.74534024533361, 47.836400674595453 ], [ 5.745335598804121, 47.836310728995883 ], [ 5.746293496307062, 47.835693933444439 ], [ 5.745857871998265, 47.835028729172606 ], [ 5.745766566030257, 47.834814736998588 ], [ 5.746475266579538, 47.834293829856897 ], [ 5.74694275851465, 47.832211619495148 ], [ 5.747159368232442, 47.831486105573198 ], [ 5.746341626182416, 47.83119007570086 ], [ 5.746367170618615, 47.830649148796397 ], [ 5.746162157645802, 47.830563897217225 ], [ 5.745690456729208, 47.830493897904375 ], [ 5.745165446215784, 47.829650674485251 ], [ 5.745225264875599, 47.829514191395347 ], [ 5.745625987511973, 47.829504805690284 ], [ 5.748130462492234, 47.82983335086076 ], [ 5.75008777395967, 47.83018368722761 ], [ 5.750562270812876, 47.830307636290009 ], [ 5.75074866920641, 47.830033097370766 ], [ 5.751095998096999, 47.829250473106917 ], [ 5.751084359023768, 47.829025608738746 ], [ 5.749514442059296, 47.828666203052478 ], [ 5.748169886506544, 47.828526630527477 ], [ 5.747228376387257, 47.828422624364499 ], [ 5.746730663220529, 47.827848931801846 ], [ 5.746587797447492, 47.827672169789373 ], [ 5.746419956750987, 47.827270855498718 ], [ 5.745807746530655, 47.827069067090626 ], [ 5.745252569081794, 47.826676824474973 ], [ 5.7450940320763, 47.826455400301107 ], [ 5.74493724057422, 47.826008797712987 ], [ 5.744818085434845, 47.825255126608056 ], [ 5.744470244205186, 47.824993107189542 ], [ 5.744465600144069, 47.824903160962165 ], [ 5.744587552185922, 47.824675167826172 ], [ 5.744822741634176, 47.824309440121979 ], [ 5.745215992688641, 47.824156141788457 ], [ 5.746022003689583, 47.824227315220064 ], [ 5.746215374604902, 47.824087701864386 ], [ 5.746136977306487, 47.823864401055843 ], [ 5.746065550640349, 47.823776019508841 ], [ 5.746056257349712, 47.823596127049484 ], [ 5.74422638286299, 47.823377827120964 ], [ 5.744014436630608, 47.823157651939674 ], [ 5.743724106682469, 47.822714173777634 ], [ 5.743643400643989, 47.822445897932568 ], [ 5.74424208334106, 47.822386853728879 ], [ 5.744221762570191, 47.822252246891665 ], [ 5.743082403608227, 47.821162236343383 ], [ 5.742990100143174, 47.82066909356336 ], [ 5.742785131057622, 47.820583835589574 ], [ 5.74237055474035, 47.820323372006968 ], [ 5.742281144028386, 47.820145353926847 ], [ 5.742329359366707, 47.819784005127083 ], [ 5.742379894073387, 47.819467629529917 ], [ 5.742308479556262, 47.819379245470664 ], [ 5.741166819707827, 47.819279877472397 ], [ 5.740761536030959, 47.819199301325241 ], [ 5.737301390813627, 47.818217522749464 ], [ 5.736259123670587, 47.817710538514241 ], [ 5.735920701365944, 47.817889544361854 ], [ 5.735946554313426, 47.818132089278748 ], [ 5.735898297105208, 47.818493435795418 ], [ 5.735640460003479, 47.818679564773838 ], [ 5.735444766860194, 47.81877418767116 ], [ 5.735183224541935, 47.818888358097091 ], [ 5.735032554371793, 47.818558671329058 ], [ 5.734693006696377, 47.817936210731155 ], [ 5.734233399602165, 47.81783886909173 ], [ 5.733691354380499, 47.817698421294104 ], [ 5.732629873750381, 47.817597100907783 ], [ 5.731428429854811, 47.81763411558542 ], [ 5.730879508239494, 47.817619892010221 ], [ 5.730296990591944, 47.817732525305956 ], [ 5.730256044749738, 47.817976627157925 ], [ 5.730064963715078, 47.818161188255672 ], [ 5.729798332327909, 47.818176404849872 ], [ 5.729558410131558, 47.818190998737713 ], [ 5.729403658145823, 47.81804151001262 ], [ 5.729156348348178, 47.81791218758606 ], [ 5.728958799602775, 47.817970820821564 ], [ 5.728782453836249, 47.818182053002765 ], [ 5.728092164784325, 47.81827917352323 ], [ 5.728007451580575, 47.818452249391235 ], [ 5.727068719365096, 47.81631278542396 ], [ 5.726208074978691, 47.816476897965089 ], [ 5.722694539881666, 47.817837357256309 ], [ 5.721852736955626, 47.817325590624868 ], [ 5.721697091186144, 47.814807678662469 ], [ 5.721582434429229, 47.814134932041675 ], [ 5.721292340782203, 47.813691396052818 ], [ 5.720940548147138, 47.813348352135904 ], [ 5.720307877940015, 47.813002822623396 ], [ 5.718001467505142, 47.812344911973121 ], [ 5.717456303055555, 47.812141425120934 ], [ 5.716273920305545, 47.811502436141346 ], [ 5.71606213711289, 47.811282208944043 ], [ 5.715551567643955, 47.810708687945613 ], [ 5.715328306795183, 47.810263589023741 ], [ 5.714820510573008, 47.809744033404073 ], [ 5.714270334131845, 47.80944158841951 ], [ 5.71294993619934, 47.808715709707528 ], [ 5.711834034926597, 47.807804974666965 ], [ 5.711813801736651, 47.807670361098729 ], [ 5.712582350172705, 47.807013182863798 ], [ 5.713144594040258, 47.80650486393133 ], [ 5.712868379301038, 47.806331150447626 ], [ 5.712794737021973, 47.806197773532737 ], [ 5.713221159185888, 47.805647571123821 ], [ 5.713827187335401, 47.804687960093005 ], [ 5.714450677059974, 47.803808989723549 ], [ 5.715885394379219, 47.802325854839012 ], [ 5.716564981491402, 47.801499603176552 ], [ 5.716831992607191, 47.80149341138678 ], [ 5.717439202230067, 47.801605405533834 ], [ 5.717632565917549, 47.801465837517995 ], [ 5.718265610040512, 47.800775737165608 ], [ 5.71862288193405, 47.800182087959463 ], [ 5.718477884883089, 47.799960314640536 ], [ 5.718399639564685, 47.799736992215372 ], [ 5.718763800514701, 47.799278265099112 ], [ 5.719331894587742, 47.798625686675706 ], [ 5.721429205162138, 47.797037034517061 ], [ 5.721629446283191, 47.797032382408531 ], [ 5.722252729361522, 47.79745917182801 ], [ 5.723442241695161, 47.798242023114398 ], [ 5.724523987047395, 47.797442391332815 ], [ 5.72451477119277, 47.797262494463055 ], [ 5.722678961253403, 47.795603126752198 ], [ 5.722313469914727, 47.795251398827254 ], [ 5.722028536975586, 47.794906803398817 ], [ 5.721764321372502, 47.793922330757276 ], [ 5.721631298011376, 47.792889781127528 ], [ 5.721586195340677, 47.791224797517856 ], [ 5.721832900423598, 47.789778171310083 ], [ 5.721890890511164, 47.788561068780361 ], [ 5.722144026633507, 47.788285017861909 ], [ 5.72238611474686, 47.788054251090614 ], [ 5.722379209489957, 47.787919327596526 ], [ 5.721357467365315, 47.787537820525948 ], [ 5.719718101482434, 47.787098603831154 ], [ 5.718314375110332, 47.787086164128539 ], [ 5.718245342235948, 47.787042738387342 ], [ 5.718222819917033, 47.786601987218717 ], [ 5.718342038691705, 47.786320046866031 ], [ 5.718351758448991, 47.785464289767532 ], [ 5.718081223439682, 47.784353874495487 ], [ 5.717888458765278, 47.783457787866929 ], [ 5.717422437281997, 47.781397312151178 ], [ 5.717156536340864, 47.780376841778512 ], [ 5.717111033526774, 47.779747504193729 ], [ 5.716956911240385, 47.77934582715649 ], [ 5.716897631369284, 47.778446640065788 ], [ 5.716738921353526, 47.777955012730445 ], [ 5.716438016998747, 47.777556740095008 ], [ 5.715534351621906, 47.776866255048589 ], [ 5.715529760660272, 47.776776305218014 ], [ 5.715771825104577, 47.776545550617705 ], [ 5.71569362556125, 47.776322223431301 ], [ 5.716977499071005, 47.77556298399022 ], [ 5.718983756009664, 47.774561815876666 ], [ 5.719703410821463, 47.774265927233856 ], [ 5.719560778630679, 47.774089126911896 ], [ 5.718397154905636, 47.773539785489433 ], [ 5.717139714733314, 47.772722440342015 ], [ 5.716215891598424, 47.7718973433049 ], [ 5.716211299913669, 47.771807393250413 ], [ 5.717343253896324, 47.770691442757283 ], [ 5.717531911740816, 47.770461922394183 ], [ 5.717037793135498, 47.770203219949352 ], [ 5.715871984930423, 47.769608877179373 ], [ 5.715890923088201, 47.768933012690319 ], [ 5.716162931354697, 47.76798110679708 ], [ 5.717335705763807, 47.767404546209924 ], [ 5.717301694632893, 47.767000079773162 ], [ 5.716942888309985, 47.766513094355389 ], [ 5.716731281326137, 47.766292862766093 ], [ 5.716726689253956, 47.766202912449934 ], [ 5.717224051101527, 47.765741085386303 ], [ 5.718665936575757, 47.764419795333573 ], [ 5.71940249753358, 47.763673225608798 ], [ 5.721460695079696, 47.76421977426196 ], [ 5.72222620566142, 47.764562204901651 ], [ 5.723456806773552, 47.764074291217895 ], [ 5.723583312889029, 47.763936262243675 ], [ 5.722960411605071, 47.763509471851989 ], [ 5.722953508076237, 47.763374546533285 ], [ 5.72530876300011, 47.761635666479847 ], [ 5.725237454397575, 47.761547269131846 ], [ 5.723439676282626, 47.760607482274452 ], [ 5.722954818755313, 47.760267537688982 ], [ 5.722883515893317, 47.760179138840371 ], [ 5.72393232391566, 47.760055674923493 ], [ 5.724647610753354, 47.75967879818301 ], [ 5.72810574369347, 47.758355459411675 ], [ 5.728938728311705, 47.757930782834535 ], [ 5.729773044371094, 47.757271918502532 ], [ 5.730329984640087, 47.756673552624008 ], [ 5.730810986999638, 47.755896839394815 ], [ 5.731070844664963, 47.755755689578521 ], [ 5.732592822325965, 47.755486016956667 ], [ 5.735604900687476, 47.754587123408918 ], [ 5.73947183925732, 47.753433992426508 ], [ 5.743387790278082, 47.752198527493235 ], [ 5.743178448579243, 47.752023316936359 ], [ 5.742902418481338, 47.751849668922965 ], [ 5.742897783447456, 47.751759718915551 ], [ 5.744495569531164, 47.750632552296381 ], [ 5.744490931912211, 47.750542602291446 ], [ 5.74426593690908, 47.75032273127308 ], [ 5.74426129970498, 47.750232781243632 ], [ 5.745360197398735, 47.749531567962748 ], [ 5.745668695230917, 47.749299183758758 ], [ 5.745659416277942, 47.749119283704481 ], [ 5.745176376972462, 47.748815408990353 ], [ 5.745364837350159, 47.748585841018247 ], [ 5.743238249064094, 47.74748295442734 ], [ 5.743842827322107, 47.747036498566175 ], [ 5.744252203397725, 47.747207017523607 ], [ 5.745431522278053, 47.74651292096739 ], [ 5.744545981532545, 47.745912285162703 ], [ 5.744145997441167, 47.746182836055084 ], [ 5.742610496439555, 47.7451471304243 ], [ 5.742178738978687, 47.745319354434614 ], [ 5.742560598991682, 47.745733682899314 ], [ 5.741971115418669, 47.745954631681293 ], [ 5.740591067559496, 47.744825199202566 ], [ 5.741339923006, 47.744069176051617 ], [ 5.741843350256742, 47.743733169451275 ], [ 5.741834085194633, 47.743553268541234 ], [ 5.738508706208545, 47.741721886659612 ], [ 5.738501766115954, 47.741586960631523 ], [ 5.739002326769033, 47.740935826208649 ], [ 5.739609468319204, 47.740021022493487 ], [ 5.740021196358537, 47.739200849938285 ], [ 5.740080926618583, 47.739064362511968 ], [ 5.739878590628873, 47.739024070920173 ], [ 5.739690140437523, 47.739253631270792 ], [ 5.738954411440255, 47.739225825646628 ], [ 5.738081171833348, 47.739120180096805 ], [ 5.736033410494819, 47.738501643411972 ], [ 5.735831079704623, 47.738461344811611 ], [ 5.735835701647535, 47.738551295758356 ], [ 5.735543860488463, 47.739107478800953 ], [ 5.734141176024214, 47.740130910755227 ], [ 5.733182547647697, 47.740702664880189 ], [ 5.732008224888379, 47.741234417196019 ], [ 5.732026687891598, 47.741594221009656 ], [ 5.732402954638099, 47.742161811362621 ], [ 5.732409879355591, 47.742296737709175 ], [ 5.731617125826122, 47.74245933982067 ], [ 5.729789293817372, 47.743006321195409 ], [ 5.725756921304852, 47.744568267757678 ], [ 5.724191553639423, 47.74528916083311 ], [ 5.72328974553181, 47.745670382842363 ], [ 5.722451377539088, 47.745203575267865 ], [ 5.722120266900961, 47.745256306735023 ], [ 5.72103494785099, 47.74596598854189 ], [ 5.720834898683064, 47.745970639767762 ], [ 5.719007348964108, 47.745481773043636 ], [ 5.716630745688949, 47.744960596510829 ], [ 5.715137792233471, 47.746580262408173 ], [ 5.713808541012723, 47.747745821440262 ], [ 5.711690442656237, 47.749154787407079 ], [ 5.711697315805226, 47.749289714453511 ], [ 5.712340631264802, 47.749860181114549 ], [ 5.71211700480756, 47.750450737239987 ], [ 5.711985918298844, 47.750498803573784 ], [ 5.711119419237177, 47.75052788449436 ], [ 5.70839752186057, 47.750834058772355 ], [ 5.70634203542503, 47.751115755546401 ], [ 5.706332889011592, 47.750935852578507 ], [ 5.706521524321426, 47.750706347428562 ], [ 5.706871730171887, 47.749977790085993 ], [ 5.707186416893091, 47.749601276436202 ], [ 5.707720653856352, 47.748553257757877 ], [ 5.707844876121053, 47.748370268817304 ], [ 5.708616472609187, 47.747001551220734 ], [ 5.70892884080641, 47.746580056461028 ], [ 5.709531985081844, 47.745575460005071 ], [ 5.709584933304826, 47.745304061168603 ], [ 5.709442412269412, 47.745127245679164 ], [ 5.709419919989167, 47.744947651129195 ], [ 5.709213007321316, 47.744817354995497 ], [ 5.708716942701137, 47.744252469234553 ], [ 5.707515129017096, 47.743199589385249 ], [ 5.706463181795411, 47.742467439229323 ], [ 5.705231420312239, 47.741874523550891 ], [ 5.703724207921414, 47.741378017670399 ], [ 5.701627981662165, 47.740850064505828 ], [ 5.700532297778696, 47.740569160508223 ], [ 5.699309766998692, 47.740156086412057 ], [ 5.698142535107874, 47.73951658111303 ], [ 5.696486161006208, 47.738708222743767 ], [ 5.693342993991239, 47.737537821751658 ], [ 5.692158008557535, 47.736808610105854 ], [ 5.691461729507975, 47.736239255381498 ], [ 5.690391960619274, 47.735147146654377 ], [ 5.689806639858926, 47.734395116225308 ], [ 5.689655126476854, 47.734038369661363 ], [ 5.689455477989049, 47.73193561430039 ], [ 5.689141410079301, 47.731267402065434 ], [ 5.688765227081726, 47.730690674034953 ], [ 5.688694020546459, 47.73060225293446 ], [ 5.688687208070228, 47.730467323156439 ], [ 5.693681868265686, 47.727083331724266 ], [ 5.695215572633738, 47.726003334027972 ], [ 5.695839232149318, 47.725403586157448 ], [ 5.695894506751657, 47.725177167099169 ], [ 5.69569453345632, 47.725181775418832 ], [ 5.694040917221384, 47.724418352708113 ], [ 5.691739120655482, 47.723768888070524 ], [ 5.690510074167986, 47.723481959816134 ], [ 5.689661876655683, 47.723600529199764 ], [ 5.689595220687414, 47.723602061795518 ], [ 5.689437221742087, 47.723380549617424 ], [ 5.689219086897591, 47.72302533280952 ], [ 5.687550888576151, 47.723027648581002 ], [ 5.687266566735762, 47.722682954821217 ], [ 5.687055256504024, 47.722462664305198 ], [ 5.686653059966361, 47.722426873576921 ], [ 5.68611755485862, 47.722394142735368 ], [ 5.685198449352352, 47.722694423881457 ], [ 5.684847036522367, 47.722342258862533 ], [ 5.684829171182745, 47.722252611096955 ], [ 5.687153675430783, 47.720974447574818 ], [ 5.687461522091684, 47.720463050357587 ], [ 5.688326838655333, 47.719362469276753 ], [ 5.688306698438894, 47.719227845020242 ], [ 5.688093127778955, 47.718962579080745 ], [ 5.68703285032201, 47.718050336998907 ], [ 5.686559501048761, 47.717926123097556 ], [ 5.685215637824337, 47.717740843091178 ], [ 5.68406719690229, 47.717461005492396 ], [ 5.683587061911513, 47.717201848503976 ], [ 5.683431372727833, 47.717025304469743 ], [ 5.683415512146841, 47.716710465261137 ], [ 5.683542009522021, 47.716572475961058 ], [ 5.68412143816668, 47.716153918953751 ], [ 5.685841628878271, 47.715069755035323 ], [ 5.685871989683959, 47.714348592015114 ], [ 5.685758001368501, 47.71367577273579 ], [ 5.685604306510556, 47.713274039827795 ], [ 5.685390773162755, 47.713008768099009 ], [ 5.684773578670748, 47.712941885470272 ], [ 5.684491141817226, 47.712633164764668 ], [ 5.684206441971064, 47.712279466199675 ], [ 5.684123936651815, 47.711966155775023 ], [ 5.686867810815658, 47.711074612239187 ], [ 5.687849549450045, 47.710961994609818 ], [ 5.687801895380993, 47.710017475510945 ], [ 5.688161167650494, 47.709468866448873 ], [ 5.68822780598363, 47.7094673346582 ], [ 5.688638531342373, 47.709674033229412 ], [ 5.688831636892604, 47.709534505622415 ], [ 5.689505919006632, 47.708618414120849 ], [ 5.690211220013735, 47.708052833209472 ], [ 5.690586354347019, 47.707819055973353 ], [ 5.691811082190973, 47.706971336008181 ], [ 5.692043841713026, 47.706560713117696 ], [ 5.692414100873454, 47.70596680604632 ], [ 5.692711211521216, 47.705509670258984 ], [ 5.693529554464964, 47.70480637505306 ], [ 5.693520459245302, 47.704626466535011 ], [ 5.692820494319569, 47.703976151060083 ], [ 5.692862433314537, 47.703750037688849 ], [ 5.693662556449255, 47.702686923386196 ], [ 5.693722364490917, 47.7025504569269 ], [ 5.693444478133307, 47.702331710473437 ], [ 5.692615833142928, 47.701774416881086 ], [ 5.692597961630979, 47.701684769303725 ], [ 5.693618086942771, 47.700751675871842 ], [ 5.693593393019114, 47.700527096714424 ], [ 5.693171352332272, 47.700095528292131 ], [ 5.692949964357037, 47.699938520808587 ], [ 5.692825491019269, 47.69985132834065 ], [ 5.692758978729109, 47.698799167005966 ], [ 5.693388916030112, 47.696217965971044 ], [ 5.693865363700355, 47.695351424251236 ], [ 5.694441751640092, 47.694878838515088 ], [ 5.695041330734253, 47.694865018727555 ], [ 5.695124850765628, 47.694142616881045 ], [ 5.695054660858327, 47.693018489820759 ], [ 5.694635473638445, 47.691587197983083 ], [ 5.693806030023837, 47.690219394254513 ], [ 5.69352366124202, 47.689910691580856 ], [ 5.693172409507699, 47.689558545335466 ], [ 5.692867634945923, 47.689070237847567 ], [ 5.693191606993435, 47.688882654962804 ], [ 5.692671548279778, 47.68809310332481 ], [ 5.69230213775251, 47.687381133641729 ], [ 5.692139691121294, 47.687069665629075 ], [ 5.69166310615041, 47.68581980308916 ], [ 5.691056054290249, 47.684626977923941 ], [ 5.690723018216574, 47.684634644655056 ], [ 5.689422804238398, 47.685033812639645 ], [ 5.687854156910998, 47.68566428768866 ], [ 5.687521113898171, 47.685671945296392 ], [ 5.685889007057623, 47.682926613663447 ], [ 5.685753530270143, 47.682884696780221 ], [ 5.685436819890061, 47.683216188639065 ], [ 5.684489566076455, 47.684003454889734 ], [ 5.684301071920864, 47.684232932848225 ], [ 5.682706267393968, 47.685404296148839 ], [ 5.681228774027669, 47.686257736676026 ], [ 5.680565393095821, 47.686326986589336 ], [ 5.680218774119733, 47.686064756431513 ], [ 5.679482829815035, 47.684955885975477 ], [ 5.678847882825723, 47.684529148003683 ], [ 5.677289251700377, 47.684033507529243 ], [ 5.67639400206127, 47.683468623559968 ], [ 5.675887792815423, 47.682948862955172 ], [ 5.675638530422566, 47.682234093989088 ], [ 5.675356309110116, 47.681925346143473 ], [ 5.674786220588661, 47.681992429093789 ], [ 5.674262863094499, 47.682193529085509 ], [ 5.673667482089821, 47.682288202946047 ], [ 5.672864855268439, 47.681973340313633 ], [ 5.672086832428304, 47.681883058080594 ], [ 5.671050711580661, 47.682230953423243 ], [ 5.670533647350307, 47.68255797537757 ], [ 5.669653241980329, 47.683352595550829 ], [ 5.668741022341975, 47.683778692413107 ], [ 5.668353090299012, 47.684021702330476 ], [ 5.667716840585776, 47.685432139048636 ], [ 5.667652482862534, 47.685478637270307 ], [ 5.666984142684025, 47.685448858360772 ], [ 5.666442720667543, 47.685290098122387 ], [ 5.665798425877377, 47.684674381210833 ], [ 5.664981588541647, 47.684341777415149 ], [ 5.66443973405011, 47.684174012173891 ], [ 5.664315512400687, 47.684356961408014 ], [ 5.663741219063633, 47.684874379484825 ], [ 5.663477033462623, 47.684925428897479 ], [ 5.662182718300809, 47.684378537753091 ], [ 5.661145578627095, 47.683906830933232 ], [ 5.661012364297565, 47.683909863665967 ], [ 5.660535934016428, 47.684785272429508 ], [ 5.660336109172445, 47.684789820427746 ], [ 5.660198402904769, 47.684702895727462 ], [ 5.659723167780348, 47.684533592779722 ], [ 5.659238838270266, 47.683112678964683 ], [ 5.659167175561534, 47.681943545521783 ], [ 5.65933347294817, 47.681534497502597 ], [ 5.659313277314699, 47.68112969232255 ], [ 5.658611485418049, 47.680695363283434 ], [ 5.658400459965138, 47.680475016059226 ], [ 5.65666647060602, 47.679397712836469 ], [ 5.655025912982891, 47.67858843883991 ], [ 5.653405663385811, 47.677382422981971 ], [ 5.65326127151353, 47.677160554075456 ], [ 5.652519730554729, 47.676997268545499 ], [ 5.649652026917874, 47.675909566375964 ], [ 5.648424669215077, 47.675361010450054 ], [ 5.647956257062111, 47.675326594962456 ], [ 5.647496780436253, 47.675472092485492 ], [ 5.646121014631368, 47.675962548634615 ], [ 5.644705333417291, 47.676724066588825 ], [ 5.644042023723947, 47.676793109651811 ], [ 5.643704568682288, 47.676710684992138 ], [ 5.641811273365666, 47.676177122735382 ], [ 5.640315419473652, 47.675859698230504 ], [ 5.638912859209587, 47.675810323346887 ], [ 5.638531044994556, 47.675909002202005 ], [ 5.638003159026535, 47.676019982776026 ], [ 5.637534747815221, 47.675985525547397 ], [ 5.635037817004058, 47.67672629051642 ], [ 5.633797312067908, 47.676988403264197 ], [ 5.631336243885032, 47.677106878654783 ], [ 5.630262218002371, 47.676959944435332 ], [ 5.622740789128365, 47.67504863948492 ], [ 5.622459354663637, 47.674748758698875 ], [ 5.62164470927816, 47.674451833846952 ], [ 5.620839360006149, 47.674343816145992 ], [ 5.620646204061964, 47.674483234099363 ], [ 5.620246624789108, 47.674492193471508 ], [ 5.618704297806551, 47.674310624478508 ], [ 5.617810206516287, 47.674024459356474 ], [ 5.616917963007416, 47.673504096517043 ], [ 5.615240279018143, 47.6732804847396 ], [ 5.611636642097626, 47.673207973551413 ], [ 5.610897486410417, 47.673089403173776 ], [ 5.610249593813805, 47.673473110905739 ], [ 5.609514840768838, 47.673444490754463 ], [ 5.608782729714421, 47.673469841387885 ], [ 5.608196572221479, 47.67375309617713 ], [ 5.606094142616053, 47.675204889098019 ], [ 5.605291011611204, 47.675141743850361 ], [ 5.603493309379195, 47.675190810004651 ], [ 5.603415728739221, 47.674967395735827 ], [ 5.602550398531065, 47.674995674299169 ], [ 5.602352801120827, 47.675045102816625 ], [ 5.601229417694587, 47.675250225415553 ], [ 5.600735144452067, 47.674684861359985 ], [ 5.600575465499564, 47.674418243888667 ], [ 5.600699882615122, 47.674235361460731 ], [ 5.599938801295838, 47.673666925424605 ], [ 5.599313397536564, 47.673419671926425 ], [ 5.598558919702523, 47.672986165740099 ], [ 5.598137866287061, 47.672554248392608 ], [ 5.597361326141132, 47.671941111437619 ], [ 5.596813238023998, 47.671638092505489 ], [ 5.596682241448044, 47.671686031739092 ], [ 5.596338054227756, 47.672558224868872 ], [ 5.595966957368349, 47.673151838013609 ], [ 5.595340596560698, 47.673706090251756 ], [ 5.594863179619064, 47.67458123588581 ], [ 5.594161250329346, 47.675227215192159 ], [ 5.594324532031754, 47.676664496472299 ], [ 5.59256176769946, 47.677433069491471 ], [ 5.592465947349276, 47.677930505431142 ], [ 5.592076482041977, 47.679244961224086 ], [ 5.591745652484624, 47.679297325755535 ], [ 5.591918424082663, 47.679833832612943 ], [ 5.591594151027632, 47.680021135689607 ], [ 5.59178004517426, 47.680827520455665 ], [ 5.592634195113292, 47.681664112295977 ], [ 5.592778346881367, 47.681886055479239 ], [ 5.591925584136829, 47.68217513696414 ], [ 5.591863351376803, 47.682266573142066 ], [ 5.592080670755231, 47.682621978957698 ], [ 5.59230475212767, 47.682842150107447 ], [ 5.59231568962844, 47.68306704802923 ], [ 5.590456010161143, 47.68541371140595 ], [ 5.589380647000705, 47.68633809653096 ], [ 5.587646537132835, 47.687430149038576 ], [ 5.587344259653126, 47.687797062892052 ], [ 5.586345047877484, 47.68781917405601 ], [ 5.58597417001987, 47.688421746573901 ], [ 5.585869539214801, 47.688739255947723 ], [ 5.586486102867568, 47.689076833213569 ], [ 5.586374698873701, 47.689529576313625 ], [ 5.587069468196397, 47.689829398141327 ], [ 5.587346852690598, 47.690048398569964 ], [ 5.585886081140475, 47.690179780319234 ], [ 5.585226455337955, 47.690329452342944 ], [ 5.58464216870708, 47.690657566017038 ], [ 5.584604143718815, 47.690973601039772 ], [ 5.584901158325285, 47.691597422864703 ], [ 5.585089173397028, 47.692448792781192 ], [ 5.584762618090529, 47.69259109616349 ], [ 5.584591351333391, 47.692910076554327 ], [ 5.584750770804803, 47.693446884661803 ], [ 5.584981724361732, 47.696008356058861 ], [ 5.58458415931242, 47.696062172849558 ], [ 5.584561164812126, 47.69696323368472 ], [ 5.584422604294491, 47.697956903722542 ], [ 5.584648900158538, 47.698222067102165 ], [ 5.584739526473919, 47.698715367145645 ], [ 5.584410750357582, 47.698812689723482 ], [ 5.58434848528412, 47.698904121087963 ], [ 5.585005103022504, 47.699790157669177 ], [ 5.585080460525322, 47.699968601878815 ], [ 5.585089188946075, 47.700148519109653 ], [ 5.582094903577053, 47.701124234395159 ], [ 5.582101442471097, 47.701259172403091 ], [ 5.582964489501704, 47.702275742975523 ], [ 5.582109167638608, 47.702519770427244 ], [ 5.582062151899749, 47.702926055474428 ], [ 5.58007056109868, 47.703123108353829 ], [ 5.579157550891554, 47.703278331618719 ], [ 5.578440252098565, 47.703618347190236 ], [ 5.577857954188217, 47.703991403965404 ], [ 5.57702504539415, 47.704424013448445 ], [ 5.576036390891245, 47.704670933078745 ], [ 5.573069363305227, 47.7051144843199 ], [ 5.572409951016995, 47.705273078734095 ], [ 5.571958695211764, 47.705598194645702 ], [ 5.571527274049574, 47.706057953942398 ], [ 5.571028902964096, 47.706789346073869 ], [ 5.570487550387004, 47.706630143499076 ], [ 5.570023253305102, 47.70668537521351 ], [ 5.568523851246974, 47.707132566441892 ], [ 5.567389257559036, 47.707121459030787 ], [ 5.567494034538361, 47.706803969334061 ], [ 5.567455019481164, 47.705994338667374 ], [ 5.567204936430051, 47.705234368544488 ], [ 5.566634683285809, 47.704751588016492 ], [ 5.565736360557628, 47.704104900482704 ], [ 5.565321390936892, 47.7037988149809 ], [ 5.564955403022317, 47.703401599490199 ], [ 5.564803081478577, 47.703008702055087 ], [ 5.564426278967347, 47.70238658661173 ], [ 5.563251463434888, 47.702646485863973 ], [ 5.563182666392207, 47.70260296681905 ], [ 5.563091888225516, 47.702379821210258 ], [ 5.562493582353937, 47.701312283925112 ], [ 5.561994720520427, 47.700647808658481 ], [ 5.561040192653096, 47.69993927991554 ], [ 5.56101224358492, 47.699912875805374 ], [ 5.560530704138721, 47.699608231953221 ], [ 5.559496761108676, 47.69918960354741 ], [ 5.558873771624387, 47.698716946361614 ], [ 5.558398048290154, 47.697421570413354 ], [ 5.558238513000262, 47.697154898390117 ], [ 5.557005132828948, 47.696470449672958 ], [ 5.556527963080045, 47.696255748622569 ], [ 5.556457021981046, 47.696167245541737 ], [ 5.556254988146486, 47.696126635717576 ], [ 5.554937394832218, 47.695353952853772 ], [ 5.55478905152025, 47.695042004662731 ], [ 5.554023891961522, 47.69466248329649 ], [ 5.553617684381543, 47.694536274803077 ], [ 5.552295860233019, 47.693673601434199 ], [ 5.552085223019088, 47.693453064061565 ], [ 5.550419582293919, 47.692372739338388 ], [ 5.5497408924579, 47.692126385816735 ], [ 5.549141307517963, 47.692139460726956 ], [ 5.548861917906352, 47.691875389774609 ], [ 5.5489220843671, 47.691738996787571 ], [ 5.549430962391043, 47.6915027654886 ], [ 5.549491126975481, 47.691366372181605 ], [ 5.548653403595679, 47.690583155432002 ], [ 5.547604248292499, 47.68984056225834 ], [ 5.545988238377722, 47.68839887837381 ], [ 5.544640482010168, 47.687266523793724 ], [ 5.544153138624407, 47.686835865414764 ], [ 5.542960592588259, 47.685880222588914 ], [ 5.542878958231362, 47.685566808614681 ], [ 5.543063344131343, 47.68523860218486 ], [ 5.541838562056324, 47.685004083541529 ], [ 5.540665852548168, 47.684183068164849 ], [ 5.540568768293939, 47.68382496132908 ], [ 5.540613939434185, 47.683373708327885 ], [ 5.540132665907312, 47.683068977814045 ], [ 5.538806787846732, 47.680990512996019 ], [ 5.537601620947497, 47.679764928656368 ], [ 5.537032336364693, 47.679290993410063 ], [ 5.536684329094721, 47.678983356547192 ], [ 5.535906262399287, 47.678324832935942 ], [ 5.535419071267193, 47.677894136110645 ], [ 5.534370349905783, 47.677151419202048 ], [ 5.53352188929879, 47.676413357796449 ], [ 5.533017359261894, 47.676739483426672 ], [ 5.532817981364951, 47.676752809694506 ], [ 5.530918776816562, 47.67522700737544 ], [ 5.530551615595284, 47.674514523350716 ], [ 5.529778304397353, 47.672829237998052 ], [ 5.528240600612381, 47.672736437516619 ], [ 5.527102056621208, 47.67262598093464 ], [ 5.526303321191614, 47.672652255102875 ], [ 5.525980992619618, 47.672884357903833 ], [ 5.524540249745945, 47.673149629793713 ], [ 5.522347211742233, 47.67329604129835 ], [ 5.521155258310535, 47.673465847024978 ], [ 5.520023517075157, 47.673499261148763 ], [ 5.51835686443579, 47.67349916496714 ], [ 5.517892801900492, 47.67355419074503 ], [ 5.517235739719439, 47.673757457955212 ], [ 5.51625432797874, 47.673868645865674 ], [ 5.515715595733766, 47.673754168268538 ], [ 5.513915738036806, 47.673756875839693 ], [ 5.512027484179358, 47.673581348359527 ], [ 5.511651808919316, 47.673814556698893 ], [ 5.510397447016175, 47.67407564650086 ], [ 5.509746702372799, 47.674413815458429 ], [ 5.509194499531191, 47.675146100438518 ], [ 5.508680745887206, 47.675562369807828 ], [ 5.507802278111259, 47.676445735214905 ], [ 5.506625220429333, 47.67665109173462 ], [ 5.505897245784538, 47.676765760637352 ], [ 5.504301319713952, 47.676853998728575 ], [ 5.503961968070149, 47.676726189514561 ], [ 5.503562352826028, 47.676734750066942 ], [ 5.503233986674151, 47.676840841830142 ], [ 5.502586963718952, 47.677259936885505 ], [ 5.501042323259912, 47.678157509687182 ], [ 5.499416262350251, 47.678741616247436 ], [ 5.497835019924966, 47.679144635682071 ], [ 5.496602212732655, 47.679585217662769 ], [ 5.495186408154225, 47.680389903761643 ], [ 5.494395539026858, 47.680586889240168 ], [ 5.493061703218387, 47.680579324883077 ], [ 5.49293059151843, 47.680627147591814 ], [ 5.492479059922846, 47.680951961035639 ], [ 5.491776933532567, 47.681336146435626 ], [ 5.490790414733555, 47.681627329972649 ], [ 5.488777497850961, 47.682498688103074 ], [ 5.488126093404941, 47.682827738896712 ], [ 5.486701681066485, 47.68345239494451 ], [ 5.482769434419666, 47.684634615944411 ], [ 5.482567919490752, 47.684602874912827 ], [ 5.481861240192221, 47.684032542212577 ], [ 5.480549973673592, 47.683078807424657 ], [ 5.479646015890407, 47.68256667926979 ], [ 5.477457672326936, 47.681676539274363 ], [ 5.475769873019076, 47.681226018767958 ], [ 5.474548360820977, 47.680765603924208 ], [ 5.474187382915699, 47.680458063405439 ], [ 5.47338126539728, 47.679178375223188 ], [ 5.473059783305704, 47.678284657288977 ], [ 5.472573809434558, 47.676719027441152 ], [ 5.472132083429749, 47.6761070117388 ], [ 5.471441033953907, 47.675581313701855 ], [ 5.470268801066838, 47.675029762119415 ], [ 5.468448071267195, 47.674581949621327 ], [ 5.46694497196695, 47.67408237922988 ], [ 5.465009820775194, 47.674042163297308 ], [ 5.464000838398301, 47.673847315032532 ], [ 5.463252027673817, 47.67351189710552 ], [ 5.462069123296074, 47.672726355370159 ], [ 5.461801067074815, 47.672695981342954 ], [ 5.460692590210035, 47.672944455135912 ], [ 5.458653743049101, 47.673545685851728 ], [ 5.458189618643575, 47.673600474627094 ], [ 5.458050197317265, 47.673468329383894 ], [ 5.457721346075534, 47.673565297038365 ], [ 5.457259293754908, 47.673665064379072 ], [ 5.457176523274199, 47.673315602905745 ], [ 5.457099558427259, 47.673092091706977 ], [ 5.456360749338001, 47.672972544494165 ], [ 5.45482316984812, 47.672878778395329 ], [ 5.45469618485562, 47.673016523073741 ], [ 5.454431858823393, 47.673067100344156 ], [ 5.451984552958835, 47.672326017042124 ], [ 5.45190347402426, 47.672012537508735 ], [ 5.450497058489677, 47.671870937546927 ], [ 5.448561999986542, 47.671830449317795 ], [ 5.448239338215661, 47.672062337765823 ], [ 5.447975423855158, 47.672121896956583 ], [ 5.447650280005306, 47.671138140880004 ], [ 5.447502631697792, 47.670826052877381 ], [ 5.446033789883288, 47.670775758848862 ], [ 5.444363098779191, 47.670684642750004 ], [ 5.444292377890149, 47.670596070520496 ], [ 5.443826202638833, 47.670605819790168 ], [ 5.440267188874474, 47.671202486374995 ], [ 5.439667812902986, 47.671215000167514 ], [ 5.439361349695651, 47.670636064461164 ], [ 5.437058999701677, 47.671017288062231 ], [ 5.436465791785686, 47.671164733493242 ], [ 5.435937123013673, 47.671265805095167 ], [ 5.435707571413528, 47.670910385233618 ], [ 5.434726453449369, 47.671029885405176 ], [ 5.433806822371899, 47.671328198776109 ], [ 5.432847859897219, 47.671933496613569 ], [ 5.431861603912896, 47.672233180885755 ], [ 5.430769814048447, 47.672850229463933 ], [ 5.430255470656348, 47.673266154512675 ], [ 5.429964492385342, 47.673902560039004 ], [ 5.429516734049019, 47.674317096866261 ], [ 5.428330609601328, 47.674620904197326 ], [ 5.427228490270577, 47.6750130052122 ], [ 5.426518384260932, 47.675523028168648 ], [ 5.425226653610114, 47.676144172001642 ], [ 5.424427815965823, 47.676169750070713 ], [ 5.423814064745098, 47.675867303023836 ], [ 5.423543560722772, 47.675782861965288 ], [ 5.421901359841987, 47.676321184374174 ], [ 5.420175994062024, 47.677671657055058 ], [ 5.419858327452809, 47.677723259328296 ], [ 5.419774316756814, 47.677634948392566 ], [ 5.419897319237902, 47.677407276328232 ], [ 5.419338344795825, 47.676842526484286 ], [ 5.418662091697949, 47.676631396878548 ], [ 5.418505358238745, 47.676409514600742 ], [ 5.418162542632496, 47.676200487202614 ], [ 5.417629709484214, 47.676211509956744 ], [ 5.417153282870394, 47.675996238304677 ], [ 5.416419008667344, 47.675975401299048 ], [ 5.414637720538942, 47.675210768896818 ], [ 5.413892867313841, 47.674956004507202 ], [ 5.413828301259173, 47.675002363051838 ], [ 5.413497731116732, 47.675063219820657 ], [ 5.411675442554352, 47.674569540287195 ], [ 5.411071953485425, 47.674491941350816 ], [ 5.410884351725655, 47.674765961405676 ], [ 5.410553779689409, 47.674826809858132 ], [ 5.410146029875659, 47.674655118875982 ], [ 5.409746415374451, 47.674663358775149 ], [ 5.409530344105076, 47.674307613529727 ], [ 5.409064536619959, 47.674326220778731 ], [ 5.408689754203067, 47.673703595346652 ], [ 5.408094406260484, 47.673805913478596 ], [ 5.408023741473865, 47.673717319463989 ], [ 5.407578718639672, 47.673015092808498 ], [ 5.407443486610143, 47.672972853513336 ], [ 5.407002788781652, 47.673252080474775 ], [ 5.40668399885702, 47.6735738203284 ], [ 5.406486225793108, 47.673622917693926 ], [ 5.406342872021028, 47.673400744490422 ], [ 5.406237054993453, 47.671646948630411 ], [ 5.405289877749811, 47.668973949876019 ], [ 5.40512765587402, 47.667446436211122 ], [ 5.404531815512618, 47.665171422460617 ], [ 5.403557883758382, 47.661013123733014 ], [ 5.403161524933769, 47.658724989346901 ], [ 5.402644604672163, 47.656718487774619 ], [ 5.401898041045928, 47.656418660851408 ], [ 5.401619567824388, 47.656154233602663 ], [ 5.40099995171393, 47.654825214632844 ], [ 5.400374431824909, 47.654252738889305 ], [ 5.399050016049955, 47.653253365486606 ], [ 5.39897534694792, 47.653074797498114 ], [ 5.398790441024595, 47.652223113004268 ], [ 5.398879928046261, 47.651545895306278 ], [ 5.398853627565022, 47.65096110564059 ], [ 5.399082325982443, 47.65041610475415 ], [ 5.399060070285765, 47.649921282487846 ], [ 5.398476153862852, 47.649086794985656 ], [ 5.398127120598639, 47.648733757410369 ], [ 5.399127294193535, 47.648749241212776 ], [ 5.400166960658392, 47.648457732001788 ], [ 5.401502004639288, 47.648511340042241 ], [ 5.403175981333037, 47.64869303735005 ], [ 5.404311323573091, 47.648750721552048 ], [ 5.404900314904888, 47.648513470002577 ], [ 5.405615948380374, 47.648129525705897 ], [ 5.405586405213624, 47.647769929627813 ], [ 5.405745536478159, 47.646866141034927 ], [ 5.403308775928394, 47.645133287599052 ], [ 5.401589194622811, 47.64423212270858 ], [ 5.400901277708994, 47.643750983081254 ], [ 5.399589253111102, 47.643021514200484 ], [ 5.398980474299298, 47.64281789635104 ], [ 5.397306696192029, 47.6426361383865 ], [ 5.396832672401668, 47.642465764192636 ], [ 5.396630559591615, 47.642415880750477 ], [ 5.396427234727088, 47.642339006514632 ], [ 5.395998788825789, 47.641996596896682 ], [ 5.394832904995163, 47.641255073161211 ], [ 5.393785247215215, 47.640475094795931 ], [ 5.393307217838052, 47.640214737776134 ], [ 5.391586350700326, 47.639277436019448 ], [ 5.390195913617307, 47.638279317343915 ], [ 5.389913562899365, 47.637924891142092 ], [ 5.388597803875826, 47.637105328025676 ], [ 5.388094437903553, 47.636575315427422 ], [ 5.387876651888797, 47.636174538717832 ], [ 5.386841269764797, 47.635664402302289 ], [ 5.386091065955045, 47.635274502319206 ], [ 5.385817206676091, 47.635109000233768 ], [ 5.385813183676607, 47.635019031384722 ], [ 5.38620003172278, 47.634731969704156 ], [ 5.386243215041631, 47.634505959701009 ], [ 5.384159746303316, 47.632900577540489 ], [ 5.383885503236436, 47.632726073822056 ], [ 5.383881483672693, 47.632636104795644 ], [ 5.38419087653576, 47.632404661010916 ], [ 5.384184846459421, 47.63226970746301 ], [ 5.383023759067349, 47.631627028131632 ], [ 5.383019741038922, 47.631537059024488 ], [ 5.383212959558881, 47.631389034261034 ], [ 5.383193622281909, 47.631254352214 ], [ 5.382917783705749, 47.631043858425194 ], [ 5.382911757001981, 47.630908904716719 ], [ 5.38329859086361, 47.630621852034366 ], [ 5.383292563244679, 47.630486898316157 ], [ 5.382384404745893, 47.629839050740074 ], [ 5.382188779636354, 47.629933092724833 ], [ 5.381920582312297, 47.62989353795205 ], [ 5.380673697220234, 47.629117509417625 ], [ 5.381706313232562, 47.628376043527311 ], [ 5.381698282119761, 47.628196104916242 ], [ 5.379123650744529, 47.626321493824484 ], [ 5.377794312734945, 47.625186910771312 ], [ 5.377430260264438, 47.624789093221331 ], [ 5.377426252177861, 47.624699123604898 ], [ 5.377617858100962, 47.624515119724272 ], [ 5.377609841350115, 47.62433518047466 ], [ 5.377474756363961, 47.624292905442978 ], [ 5.377470748239646, 47.624202935805144 ], [ 5.37655475424826, 47.623375101461967 ], [ 5.376062942219747, 47.622799777540521 ], [ 5.37611016450524, 47.622663739656026 ], [ 5.376100150274979, 47.622438815247989 ], [ 5.375753842266163, 47.622139687858294 ], [ 5.375751839733276, 47.622094702960617 ], [ 5.375405135462785, 47.621786577503073 ], [ 5.375246740751952, 47.621519645997964 ], [ 5.37469042520253, 47.620990654250747 ], [ 5.373396537968582, 47.619450070661664 ], [ 5.372762129106573, 47.61866150859008 ], [ 5.372556529437822, 47.618530609837478 ], [ 5.372603756881762, 47.618394573072827 ], [ 5.37358935065626, 47.618095380414921 ], [ 5.374047076264199, 47.617905970886369 ], [ 5.373970539362753, 47.617682398633598 ], [ 5.373328837652844, 47.617029064640029 ], [ 5.373390968335846, 47.616928744999527 ], [ 5.373651091936813, 47.616788379401768 ], [ 5.373568556842928, 47.616429851567524 ], [ 5.372779816750906, 47.615464323720232 ], [ 5.371734986109532, 47.614729122409479 ], [ 5.371726990654034, 47.614549181853704 ], [ 5.37185005266253, 47.614321552898083 ], [ 5.372002347024819, 47.613553020558555 ], [ 5.372125005734143, 47.6133163941644 ], [ 5.37222476177988, 47.612864109178858 ], [ 5.37270167488436, 47.611908874782607 ], [ 5.372743435082454, 47.610152017912476 ], [ 5.372841180364159, 47.609654746434515 ], [ 5.373376574746596, 47.608518214445148 ], [ 5.373354574718878, 47.608023376616686 ], [ 5.373061191530494, 47.60771415995756 ], [ 5.372444919634837, 47.607330459030685 ], [ 5.372430925375284, 47.607015561943541 ], [ 5.372692602717531, 47.606911186014266 ], [ 5.373411006309145, 47.606896580676633 ], [ 5.373872637301051, 47.606797141330858 ], [ 5.374066191765701, 47.606658126877591 ], [ 5.374187224992367, 47.606385509255297 ], [ 5.374078595885573, 47.604541652802538 ], [ 5.372464621605822, 47.604178241091276 ], [ 5.371928500452595, 47.604099085233798 ], [ 5.371406368239365, 47.60433482460256 ], [ 5.370641857956489, 47.604809619568925 ], [ 5.369736587994583, 47.605413339589234 ], [ 5.369533442742968, 47.605336417093852 ], [ 5.369192872251333, 47.605163226743599 ], [ 5.36866073789947, 47.605174026721471 ], [ 5.36852171685912, 47.605041770100001 ], [ 5.368222391422639, 47.604597584546447 ], [ 5.367972024602498, 47.60465669525815 ], [ 5.367246330553006, 47.60480649328359 ], [ 5.36704279228822, 47.604720569342419 ], [ 5.36553801735533, 47.602914019575564 ], [ 5.365532037745325, 47.602779063030262 ], [ 5.365725599357096, 47.602640062120287 ], [ 5.3657216126515, 47.602550091085035 ], [ 5.365066244271675, 47.601581807892089 ], [ 5.364702447524976, 47.601183945878958 ], [ 5.364762981988354, 47.601047641563468 ], [ 5.365548765432736, 47.600752556832354 ], [ 5.365538799790921, 47.600527629005846 ], [ 5.364519677934125, 47.59916148080336 ], [ 5.364030210301507, 47.598631084742252 ], [ 5.362633923394327, 47.598668364972823 ], [ 5.362055116690728, 47.597923644927498 ], [ 5.361485250456519, 47.597079684007603 ], [ 5.360834003985436, 47.596201345848378 ], [ 5.360099969748663, 47.59495546524731 ], [ 5.359507323978065, 47.593895830514995 ], [ 5.359286563953956, 47.593720189855084 ], [ 5.35737366568101, 47.593812879146675 ], [ 5.356773153563365, 47.593779982549343 ], [ 5.356554785363183, 47.593658319762 ], [ 5.356204406439543, 47.593260161083251 ], [ 5.356198451492491, 47.593125203401506 ], [ 5.356460489539065, 47.593029860298131 ], [ 5.356298304684694, 47.592672927394993 ], [ 5.355865555746719, 47.591916222946324 ], [ 5.355795085939095, 47.591827593631031 ], [ 5.355722631840224, 47.591693978333709 ], [ 5.355566409108107, 47.591472002000948 ], [ 5.354893869684326, 47.591314477421136 ], [ 5.354762853587318, 47.591362147329754 ], [ 5.354189553146872, 47.591643870709525 ], [ 5.354197486095364, 47.591823814554139 ], [ 5.352251833544456, 47.592682522731231 ], [ 5.351075005627521, 47.593165502765991 ], [ 5.349262260829471, 47.594021480786068 ], [ 5.347766156959591, 47.594510852945746 ], [ 5.3454689433347, 47.595250442931629 ], [ 5.344039275965685, 47.595738430363127 ], [ 5.343771278627948, 47.595698787312614 ], [ 5.343274670287706, 47.595303528627262 ], [ 5.342457268048936, 47.594878686956903 ], [ 5.342245914350902, 47.594612774988491 ], [ 5.342114878877328, 47.594660430620721 ], [ 5.341471533840944, 47.59516862316967 ], [ 5.34073252529783, 47.596228043514877 ], [ 5.341436140109285, 47.596790257034336 ], [ 5.341946560537639, 47.597500425533553 ], [ 5.34216581749423, 47.597946281759526 ], [ 5.342544818925461, 47.598695105470625 ], [ 5.343133627802197, 47.599673848984395 ], [ 5.343589434647152, 47.600655260249567 ], [ 5.344048813351571, 47.601717643879418 ], [ 5.344213442806645, 47.602434746476519 ], [ 5.344448017300436, 47.602925315992429 ], [ 5.344461845486807, 47.603240217068361 ], [ 5.344675220018896, 47.603551109716861 ], [ 5.345378972820881, 47.604113297384913 ], [ 5.345521886917854, 47.604335553263816 ], [ 5.345473157804992, 47.604741762267345 ], [ 5.344776904435678, 47.605260036893426 ], [ 5.344645845095214, 47.605307695109609 ], [ 5.344653747915142, 47.605487638356742 ], [ 5.344524663510851, 47.605580282239437 ], [ 5.344256616421735, 47.60554064050099 ], [ 5.343309964064976, 47.605208450467131 ], [ 5.342699462208341, 47.604950552448997 ], [ 5.342568401773478, 47.604998208340731 ], [ 5.341995401349691, 47.605595037800384 ], [ 5.341171984172399, 47.60625091745792 ], [ 5.340391507206844, 47.606671797675908 ], [ 5.339955344064682, 47.607049750260742 ], [ 5.339830191152093, 47.607232360579864 ], [ 5.341019314176576, 47.608235096867354 ], [ 5.341025232446015, 47.608370054287263 ], [ 5.340003771124325, 47.609065915540221 ], [ 5.339159086362337, 47.609542103371204 ], [ 5.339663683348348, 47.610117319868266 ], [ 5.339336979049702, 47.61025894338205 ], [ 5.339139378642185, 47.610307928413036 ], [ 5.338661885896268, 47.610047343829656 ], [ 5.338032529681695, 47.609663728314693 ], [ 5.337694003783897, 47.609535432309144 ], [ 5.336770951934858, 47.609743019964036 ], [ 5.335858835464467, 47.60989635104167 ], [ 5.335264059638553, 47.6099983016327 ], [ 5.334415383319723, 47.610384483210566 ], [ 5.333716589015493, 47.610848707356197 ], [ 5.333529207275662, 47.611131609390036 ], [ 5.333063531421485, 47.611140917249294 ], [ 5.331056382015873, 47.610919868752553 ], [ 5.330454122598038, 47.61085084831543 ], [ 5.329338903955146, 47.611233307640319 ], [ 5.327181189925048, 47.611834653238738 ], [ 5.325399092851947, 47.612194346175258 ], [ 5.32275955166596, 47.612436000178405 ], [ 5.322343561272405, 47.61236323148168 ], [ 5.319263048923815, 47.610731535615919 ], [ 5.31884240330406, 47.610244617709157 ], [ 5.318688233632487, 47.610067580271448 ], [ 5.319132404447881, 47.60956348219591 ], [ 5.319318293349472, 47.609244614123654 ], [ 5.317476053817193, 47.608524783247184 ], [ 5.317472147967443, 47.608434810850348 ], [ 5.318032148645124, 47.607838366833171 ], [ 5.318090856352046, 47.607657100994764 ], [ 5.317214364867986, 47.607404353885507 ], [ 5.316201327269423, 47.607073264907484 ], [ 5.314552912389504, 47.606214468270174 ], [ 5.314282934233383, 47.606129771434269 ], [ 5.314093126103049, 47.606358659390466 ], [ 5.313828997267697, 47.60640892042268 ], [ 5.313080127694222, 47.606027543156301 ], [ 5.312025950010684, 47.606282558168466 ], [ 5.309844815552117, 47.606649919527257 ], [ 5.309815619458343, 47.605975123891966 ], [ 5.309406773566198, 47.605758089167793 ], [ 5.309207605681845, 47.605771034539572 ], [ 5.30868254607063, 47.607177191779847 ], [ 5.306356648295094, 47.607277200850348 ], [ 5.303644454046135, 47.606448272331868 ], [ 5.302426139350119, 47.605986042460195 ], [ 5.302226580926295, 47.605989978620791 ], [ 5.301837162296844, 47.606222782485752 ], [ 5.301356397497967, 47.605881069105024 ], [ 5.300738335760591, 47.605443005663687 ], [ 5.299837418963084, 47.604929468037 ], [ 5.298214256121424, 47.604340097220543 ], [ 5.298322367816438, 47.604067819986589 ], [ 5.298572554419144, 47.603693690317691 ], [ 5.298762419594643, 47.603464827286814 ], [ 5.299248311967486, 47.602689835307629 ], [ 5.299242499901036, 47.602554875399392 ], [ 5.298001327737707, 47.601867927246509 ], [ 5.296973031083824, 47.601176777031704 ], [ 5.296467043499989, 47.600556386792157 ], [ 5.29557568431083, 47.599952579779199 ], [ 5.294864389815193, 47.599201146343795 ], [ 5.294516367764779, 47.598847790533497 ], [ 5.293762170418603, 47.598646496662376 ], [ 5.2932262217035, 47.598566979228885 ], [ 5.293222357433214, 47.59847700557016 ], [ 5.293672469669633, 47.59810796192221 ], [ 5.293999220673567, 47.597966465323488 ], [ 5.293995355144545, 47.597876491663008 ], [ 5.292764017685808, 47.597414420425622 ], [ 5.292564490577851, 47.597418340089142 ], [ 5.292104720669723, 47.597562445258362 ], [ 5.291836752785551, 47.597522683023186 ], [ 5.290884778432062, 47.59705510599732 ], [ 5.289535701222691, 47.596640337342819 ], [ 5.289064358429484, 47.596514508995888 ], [ 5.288845747685586, 47.596383722368621 ], [ 5.289100207529259, 47.596108582850853 ], [ 5.28909442182109, 47.595973621988662 ], [ 5.288758028584122, 47.595890170199091 ], [ 5.286818528302019, 47.595676052653182 ], [ 5.285873948926025, 47.595379384962072 ], [ 5.285247070103559, 47.595040469198281 ], [ 5.284766127128291, 47.59468968816568 ], [ 5.284188064618398, 47.593935583497803 ], [ 5.283629475582536, 47.593325174144368 ], [ 5.283296954730091, 47.59333168071997 ], [ 5.283034784721294, 47.593426859527533 ], [ 5.282700340075865, 47.593388377289401 ], [ 5.282267248186967, 47.592910580992566 ], [ 5.282054279461133, 47.592599572710967 ], [ 5.281725607407541, 47.592696049107211 ], [ 5.281391168281109, 47.592657563103955 ], [ 5.281045199651188, 47.592349153136411 ], [ 5.28031346390278, 47.591111766480083 ], [ 5.27879911964043, 47.590249859085219 ], [ 5.277834089053325, 47.589782433654079 ], [ 5.277877562211032, 47.589241288081119 ], [ 5.278214894817657, 47.588100078289578 ], [ 5.278360784556349, 47.587151709067854 ], [ 5.278417143047935, 47.585664789380374 ], [ 5.278403686427619, 47.584413361163818 ], [ 5.278456745296415, 47.584097150931733 ], [ 5.278336653317218, 47.583153973408201 ], [ 5.278117989822782, 47.582707994123375 ], [ 5.278060559332927, 47.581673542446019 ], [ 5.277900851417181, 47.581361486221979 ], [ 5.276900057923243, 47.581299976790689 ], [ 5.275551487133786, 47.580885043241196 ], [ 5.274812445348566, 47.580719355785952 ], [ 5.27314103720888, 47.580535813503879 ], [ 5.271743247328378, 47.580527019373527 ], [ 5.271215164965455, 47.58062735052777 ], [ 5.270362668014767, 47.580923096983888 ], [ 5.269067589233913, 47.581452569314919 ], [ 5.268535671233009, 47.581462913072563 ], [ 5.26751960765557, 47.581041422179403 ], [ 5.266220489776545, 47.580535371632976 ], [ 5.264600346387333, 47.579990513988768 ], [ 5.261147401133376, 47.578904854526783 ], [ 5.260457813012794, 47.578648069495813 ], [ 5.258268256675473, 47.577537841125569 ], [ 5.256634981432349, 47.576677956823644 ], [ 5.25623037620602, 47.576550708591391 ], [ 5.255565916500553, 47.576572562391981 ], [ 5.253115874047509, 47.576854034944787 ], [ 5.252920215668424, 47.576947862841521 ], [ 5.253083559625333, 47.577349929861114 ], [ 5.253169021080051, 47.577798525432037 ], [ 5.253220272255015, 47.578698027515294 ], [ 5.253039787997283, 47.579151758951198 ], [ 5.252804212992563, 47.57956152918198 ], [ 5.252293556921109, 47.580075663575293 ], [ 5.25206555942403, 47.580665383754202 ], [ 5.251885058713902, 47.581119112957403 ], [ 5.250935136417413, 47.581947884461378 ], [ 5.250813529772799, 47.582220377350112 ], [ 5.251060430123645, 47.583026054315653 ], [ 5.251031885016494, 47.58361192285119 ], [ 5.250851365572156, 47.584065649785451 ], [ 5.250355842001948, 47.584624505829829 ], [ 5.24901254574811, 47.585595917793519 ], [ 5.248822909842461, 47.585833699508505 ], [ 5.24887182231699, 47.586679214487248 ], [ 5.248955368886149, 47.587082823230375 ], [ 5.249000874483789, 47.58784735959064 ], [ 5.248820323476289, 47.588301082417871 ], [ 5.248522343586499, 47.588811096801152 ], [ 5.247644413063441, 47.589773520172464 ], [ 5.246483736711512, 47.590660335868492 ], [ 5.24379891929072, 47.592657034146896 ], [ 5.242419477712557, 47.594043276521845 ], [ 5.241465779568577, 47.594790987616442 ], [ 5.239588490393442, 47.595736513814586 ], [ 5.238678499136373, 47.596258241657921 ], [ 5.238024723350803, 47.596540924423806 ], [ 5.238668295142944, 47.597284983251718 ], [ 5.239454718537524, 47.598260421991682 ], [ 5.240822068415954, 47.600071152884013 ], [ 5.241171631461784, 47.600469656099754 ], [ 5.242679687496655, 47.602457759067704 ], [ 5.244252483682279, 47.604399574101933 ], [ 5.2456748842187, 47.606245209291707 ], [ 5.247321999677734, 47.60836564897911 ], [ 5.248973036525378, 47.610576037700262 ], [ 5.251201268790842, 47.613207502465748 ], [ 5.253183745421163, 47.615690587897575 ], [ 5.254970223005922, 47.617943302415867 ], [ 5.256038227378967, 47.619264377052396 ], [ 5.257461800123457, 47.620803686395611 ], [ 5.258457671650657, 47.621991062798138 ], [ 5.258600271647092, 47.622213422908914 ], [ 5.256904825809324, 47.622750471281137 ], [ 5.256771742869565, 47.622753043534772 ], [ 5.255652325742027, 47.623053820264566 ], [ 5.254850401777033, 47.622988266532069 ], [ 5.250539710923805, 47.622152950710074 ], [ 5.249051165922916, 47.621596326164088 ], [ 5.246789758904733, 47.620397214176613 ], [ 5.244319383076718, 47.618976959049633 ], [ 5.242875146546916, 47.618203293229101 ], [ 5.241086942472466, 47.617166072016694 ], [ 5.240339952532089, 47.616820220275379 ], [ 5.239232274239111, 47.61613009899272 ], [ 5.238964252601146, 47.616090215777632 ], [ 5.238044476860408, 47.616386996753128 ], [ 5.236942165356206, 47.616777314673925 ], [ 5.237019635394016, 47.617036966357475 ], [ 5.2374203041723, 47.618334968473867 ], [ 5.237648308912908, 47.618690786307205 ], [ 5.237670941562019, 47.61923063354071 ], [ 5.237518583443012, 47.620043974591788 ], [ 5.237436532121874, 47.620946014508171 ], [ 5.23737376420249, 47.621037264018 ], [ 5.236423283387756, 47.621874898056049 ], [ 5.235012254212026, 47.622847404977094 ], [ 5.234628447306308, 47.623223941685474 ], [ 5.233915309112736, 47.623687819855135 ], [ 5.233075226691923, 47.623983032829493 ], [ 5.23112645600933, 47.624839707031924 ], [ 5.230268894927161, 47.625036182027266 ], [ 5.22922522186884, 47.625560370282592 ], [ 5.22904828923753, 47.62578886350034 ], [ 5.22900053329395, 47.626240006235143 ], [ 5.229152417673661, 47.626687337963716 ], [ 5.229610118284059, 47.627759154067853 ], [ 5.229843750587957, 47.628249946970982 ], [ 5.230134010951216, 47.628820699464015 ], [ 5.230228911677592, 47.6291790716039 ], [ 5.230099571519188, 47.629271587760954 ], [ 5.230238312479704, 47.629404007355021 ], [ 5.230243952999002, 47.629538968792787 ], [ 5.229411276131072, 47.630014103065733 ], [ 5.228821710362525, 47.63025047176226 ], [ 5.227565118874298, 47.630463544066551 ], [ 5.225403231318931, 47.631009018007894 ], [ 5.225355439895966, 47.631460158037711 ], [ 5.224302216694029, 47.631759364723678 ], [ 5.223891646356778, 47.631497046360181 ], [ 5.22276623879707, 47.631662544933249 ], [ 5.221271667439549, 47.632240260280881 ], [ 5.221220094626528, 47.632601423898741 ], [ 5.221115277072573, 47.63296360005274 ], [ 5.220535002605106, 47.633424862580199 ], [ 5.218724411341088, 47.634413756291956 ], [ 5.21727054996717, 47.635332816567079 ], [ 5.216962058853352, 47.635923967779902 ], [ 5.215880628377394, 47.637151097379238 ], [ 5.215690661689202, 47.637388818986253 ], [ 5.215786601631435, 47.637774193577961 ], [ 5.215346824043199, 47.638412852330916 ], [ 5.215308517657263, 47.638773759687574 ], [ 5.215186599637413, 47.639046207530079 ], [ 5.213333789560372, 47.64063010736772 ], [ 5.212313778044456, 47.64141481343254 ], [ 5.211414189836741, 47.641891077212186 ], [ 5.209565606975872, 47.642295243822538 ], [ 5.206684208962556, 47.643178124322588 ], [ 5.205624698102013, 47.643333201751972 ], [ 5.204302996129062, 47.643592266497883 ], [ 5.202345618825888, 47.644268502911224 ], [ 5.201817146751182, 47.644377514190772 ], [ 5.200818600201123, 47.644396331407528 ], [ 5.199084446533217, 47.64434795056804 ], [ 5.198152840121899, 47.644374489235119 ], [ 5.197903581621974, 47.644469223765626 ], [ 5.196535618970218, 47.645224313333706 ], [ 5.191478379353566, 47.647642433847196 ], [ 5.19056888004204, 47.648208760001609 ], [ 5.188585584860443, 47.649560572718464 ], [ 5.188387700869555, 47.649609301562776 ], [ 5.188125085236396, 47.649704264395616 ], [ 5.18639999019137, 47.649880632152687 ], [ 5.185605121451213, 47.649994553396226 ], [ 5.184270262294215, 47.649938478999552 ], [ 5.183469495463533, 47.649908426034784 ], [ 5.179742277287753, 47.650005040329972 ], [ 5.179424544339107, 47.650055989856305 ], [ 5.178838210928377, 47.650382078712049 ], [ 5.175386224454964, 47.651346840493886 ], [ 5.174261968861257, 47.651881015474991 ], [ 5.173597037303847, 47.652568712382681 ], [ 5.173440058886801, 47.65296782286589 ], [ 5.17340989081086, 47.65353565614484 ], [ 5.17352791958321, 47.654469909287094 ], [ 5.173764819787815, 47.655050782320217 ], [ 5.173914489427474, 47.655453191637022 ], [ 5.174134413623969, 47.655944336551038 ], [ 5.174561912727745, 47.656296553368932 ], [ 5.174578420358885, 47.656701439955732 ], [ 5.174351070495161, 47.657335972247331 ], [ 5.174250908308249, 47.658148223129224 ], [ 5.174156725120475, 47.658780276383588 ], [ 5.174006953381671, 47.659683492289382 ], [ 5.173700060212496, 47.661309973054088 ], [ 5.17354650439615, 47.663428834252819 ], [ 5.173511080160267, 47.664194856003782 ], [ 5.173468805149714, 47.664465770276983 ], [ 5.173465033891059, 47.665681415911308 ], [ 5.173403937433064, 47.665817616085313 ], [ 5.173188507062389, 47.666091750162529 ], [ 5.173270871947249, 47.666477401516282 ], [ 5.175385277183864, 47.666681176965312 ], [ 5.175569549222099, 47.668910802326749 ], [ 5.177748735717634, 47.677226149107952 ], [ 5.177966947241155, 47.677672294324942 ], [ 5.178472287412838, 47.678293172608434 ], [ 5.179237758007538, 47.679080279459328 ], [ 5.179313566398981, 47.679303971488402 ], [ 5.179143596957124, 47.679712329744824 ], [ 5.178466809196652, 47.680769432387152 ], [ 5.178340930532218, 47.680951862230764 ], [ 5.177874618774465, 47.680960550866672 ], [ 5.170665421411043, 47.680734473376837 ], [ 5.168388037694549, 47.680470598155487 ], [ 5.163788998741901, 47.680492789066896 ], [ 5.162656896070748, 47.680522743281642 ], [ 5.161856047036347, 47.680501540102213 ], [ 5.161850574207996, 47.680366579014944 ], [ 5.162029987476963, 47.679859028148599 ], [ 5.162009366930949, 47.679679326392773 ], [ 5.161140092435449, 47.679614363297205 ], [ 5.160796078846018, 47.679350598252086 ], [ 5.160508108745756, 47.678824675867865 ], [ 5.160480201501978, 47.678465025363451 ], [ 5.16020098872403, 47.678155040091397 ], [ 5.160195520325112, 47.678020078758458 ], [ 5.160049536189592, 47.677707630914071 ], [ 5.160019809999208, 47.677302992954992 ], [ 5.160656757510115, 47.676570887648637 ], [ 5.16095242109026, 47.675971146718304 ], [ 5.16097835841809, 47.675295354177798 ], [ 5.160900809343794, 47.675026662618592 ], [ 5.160548076221781, 47.67454695772809 ], [ 5.159918877128614, 47.674153398633841 ], [ 5.159574904804741, 47.673889629231617 ], [ 5.159462179085283, 47.673081335844877 ], [ 5.158254996312804, 47.671581926837668 ], [ 5.157376757392452, 47.671291998980863 ], [ 5.157017675408729, 47.670983480216655 ], [ 5.156733063051655, 47.670538523417925 ], [ 5.156651903198296, 47.670179853659647 ], [ 5.15682201446015, 47.669771526053033 ], [ 5.15686678048269, 47.669230448512678 ], [ 5.156711158709612, 47.669008215634271 ], [ 5.156306455645564, 47.668889624569331 ], [ 5.156280987107988, 47.66825980099221 ], [ 5.154958985278149, 47.667212686052089 ], [ 5.154418920272159, 47.667042559424466 ], [ 5.15428208712808, 47.666955039907769 ], [ 5.154122848187765, 47.666642828367969 ], [ 5.153455408214296, 47.666619112261728 ], [ 5.153179931227268, 47.666399083271436 ], [ 5.152823329037266, 47.66582038036529 ], [ 5.152264881536544, 47.665524523962219 ], [ 5.152122609152037, 47.665302039236387 ], [ 5.151917371953298, 47.665170755747383 ], [ 5.151179362084045, 47.665049280320758 ], [ 5.150905717102328, 47.664874233355192 ], [ 5.150682085184664, 47.664617227606954 ], [ 5.150475040031852, 47.664440953955051 ], [ 5.150131177039988, 47.664177155416425 ], [ 5.14978913098567, 47.663958343439049 ], [ 5.149181069808879, 47.663753427321161 ], [ 5.149038815010477, 47.663530938634572 ], [ 5.148807584434217, 47.663084981034245 ], [ 5.148524895131748, 47.662684990055524 ], [ 5.148428671405191, 47.662281570314562 ], [ 5.14801642746563, 47.661974001895544 ], [ 5.147941137330549, 47.661759285081047 ], [ 5.147536146449082, 47.661631665662561 ], [ 5.14746230792177, 47.661452938663835 ], [ 5.14737152865411, 47.661184480927908 ], [ 5.147567681454754, 47.661090834131151 ], [ 5.147555000560135, 47.660775920125687 ], [ 5.147212986881371, 47.660557100218455 ], [ 5.147185178829224, 47.660197443075347 ], [ 5.147113154610289, 47.660063703463294 ], [ 5.146582240480126, 47.660118478709322 ], [ 5.146449421247659, 47.660129922756205 ], [ 5.146308997970126, 47.659952418079563 ], [ 5.145635853506105, 47.659784696409844 ], [ 5.145225454500797, 47.659522105522527 ], [ 5.1450151903142, 47.659264843706168 ], [ 5.144915380788348, 47.658771444739138 ], [ 5.144445639798586, 47.658690024541187 ], [ 5.144397954572899, 47.657835500243621 ], [ 5.144262970151646, 47.657792956414433 ], [ 5.144143276279777, 47.656804689969341 ], [ 5.143999252615074, 47.656537206466432 ], [ 5.143513622374699, 47.656059889076573 ], [ 5.14281818178889, 47.65566745564535 ], [ 5.141945708651733, 47.655512373193154 ], [ 5.141479613372118, 47.655520916796831 ], [ 5.140754400163564, 47.655714290487161 ], [ 5.140157298426674, 47.655779254211623 ], [ 5.139750566771656, 47.655606619461814 ], [ 5.139869298046962, 47.655244276880119 ], [ 5.13986388342988, 47.655109312970126 ], [ 5.137614329700728, 47.654178037035429 ], [ 5.136538181708095, 47.653927594785522 ], [ 5.13573413962048, 47.65381623628685 ], [ 5.135331039235372, 47.653733562116471 ], [ 5.13551026691227, 47.653550202410159 ], [ 5.136095098242357, 47.653179343465844 ], [ 5.137273388958542, 47.65265355932717 ], [ 5.138504921158491, 47.652126788224479 ], [ 5.139023135662191, 47.651757133021974 ], [ 5.139132155570621, 47.651485010397884 ], [ 5.137601173779158, 47.651522036067448 ], [ 5.137333050547148, 47.651481920367999 ], [ 5.137322234935117, 47.651211991772051 ], [ 5.138651665236107, 47.65113363816215 ], [ 5.138712833586517, 47.65099745511592 ], [ 5.138574263718684, 47.650864928387833 ], [ 5.137703684347104, 47.650754801972099 ], [ 5.137171050737646, 47.650764546628452 ], [ 5.137043299332863, 47.650901946760605 ], [ 5.136847165519985, 47.650995576394372 ], [ 5.136041365469865, 47.65083923172039 ], [ 5.135382775776397, 47.651031355245657 ], [ 5.134717339831908, 47.651052520091149 ], [ 5.134585980848927, 47.651099941227514 ], [ 5.134589581418885, 47.651189917520128 ], [ 5.135282742053903, 47.65152841508263 ], [ 5.135288144719271, 47.651663379457503 ], [ 5.135088403571838, 47.65166702985772 ], [ 5.13421601832313, 47.651511889376316 ], [ 5.133191764707989, 47.651224452433574 ], [ 5.132714913235105, 47.650963032087148 ], [ 5.132702322411682, 47.650648114804582 ], [ 5.132029338114868, 47.650480313954944 ], [ 5.130892463073719, 47.650374996475961 ], [ 5.130798191916879, 47.650016547858172 ], [ 5.130524690906883, 47.649841451805081 ], [ 5.128993750312535, 47.649878364740566 ], [ 5.12865942261035, 47.649848440011993 ], [ 5.128520880698281, 47.649715901284253 ], [ 5.128443532257601, 47.649447184603105 ], [ 5.128510110024422, 47.64944597162544 ], [ 5.128837253600775, 47.649295943683256 ], [ 5.128834021932454, 47.649214964780704 ], [ 5.127702204510174, 47.649235583382215 ], [ 5.127633832630154, 47.649191807601113 ], [ 5.127297715921143, 47.649116890665567 ], [ 5.127280812333272, 47.649027156511323 ], [ 5.1273452366741, 47.648971958226113 ], [ 5.128601227117375, 47.648723975584296 ], [ 5.12892836601088, 47.648573947330505 ], [ 5.128924775163854, 47.648483970740799 ], [ 5.12918030754714, 47.648209187732007 ], [ 5.129154423071596, 47.647894512289923 ], [ 5.128821903022405, 47.647909576301622 ], [ 5.128550214376874, 47.647779463749409 ], [ 5.128213746318925, 47.647695551729441 ], [ 5.127213676997339, 47.647677749223156 ], [ 5.126398630341861, 47.647287398380257 ], [ 5.126258307567302, 47.647109868426575 ], [ 5.126387870894057, 47.647017468183918 ], [ 5.126319502934492, 47.64697369158317 ], [ 5.125365538085494, 47.646774950348004 ], [ 5.125032665527424, 47.646781005907549 ], [ 5.123655436744908, 47.646995138196409 ], [ 5.122592387315635, 47.647068483169996 ], [ 5.122398032112914, 47.647207077161951 ], [ 5.122345775646155, 47.64756819404024 ], [ 5.122083052615714, 47.647663008522258 ], [ 5.12125235067543, 47.648218346031832 ], [ 5.121191140948862, 47.648354520132877 ], [ 5.121133508612989, 47.648580671020667 ], [ 5.121275607184529, 47.648803195398315 ], [ 5.121389492213897, 47.64965652421202 ], [ 5.12092916871215, 47.649808948705193 ], [ 5.120283853061752, 47.650000745500421 ], [ 5.119887956846691, 47.650097971469634 ], [ 5.119758374783795, 47.650190364356384 ], [ 5.119767313566835, 47.650415306324867 ], [ 5.120149013321644, 47.65096663838991 ], [ 5.119818616977806, 47.651035662802691 ], [ 5.119062198246852, 47.650779260173415 ], [ 5.118548331175793, 47.65059048796234 ], [ 5.118230083128473, 47.65096542901879 ], [ 5.1177435635044, 47.650794165790821 ], [ 5.117993903168833, 47.650051286586084 ], [ 5.117371836838708, 47.649486296028343 ], [ 5.117136029776804, 47.650931234890116 ], [ 5.116901846825205, 47.651745852087302 ], [ 5.116859294245919, 47.652016747586622 ], [ 5.116386085642344, 47.651845237529017 ], [ 5.113242183677935, 47.650524511927401 ], [ 5.11188957664741, 47.65001772581595 ], [ 5.110213002398966, 47.649741879999652 ], [ 5.108878229414663, 47.649684944416727 ], [ 5.107340224359623, 47.650892237671812 ], [ 5.10721239583818, 47.651029605173605 ], [ 5.105805701797804, 47.652189487049007 ], [ 5.104915633900352, 47.652934859038346 ] ] ] ] } },
{ "type": "Feature", "properties": { "fid": null }, "geometry": { "type": "MultiPolygon", "coordinates": [ [ [ [ 6.154999254252122, 49.503214303600139 ], [ 6.142505125820152, 49.536389223164591 ], [ 6.132246725691729, 49.570838815350072 ], [ 6.132357277516886, 49.597981292382464 ], [ 6.133449512126245, 49.641182854352465 ], [ 6.151186337100767, 49.703052290277043 ], [ 6.164749045172563, 49.74693068213228 ], [ 6.198066932602567, 49.808382165834367 ], [ 6.238781395789713, 49.862590403579858 ], [ 6.280198649744557, 49.909352540857441 ], [ 6.332892875469865, 49.946496536757316 ], [ 6.396268500148079, 49.985960488233118 ], [ 6.449710986560635, 49.99250630437345 ], [ 6.464519736181418, 49.98103223272453 ], [ 6.466401012818125, 49.962887258379233 ], [ 6.45131661377023, 49.947232054401248 ], [ 6.427523870042338, 49.940865468953341 ], [ 6.41191176128147, 49.940296994455103 ], [ 6.39319105945121, 49.939812842899315 ], [ 6.373049124898353, 49.94137521659411 ], [ 6.357834345641518, 49.946819314695432 ], [ 6.341104720264672, 49.951109287253395 ], [ 6.281060459911704, 49.909140953424163 ], [ 6.23993000692213, 49.861931733382086 ], [ 6.199521306214973, 49.807967083608126 ], [ 6.165241715409277, 49.746666576824971 ], [ 6.135819615568155, 49.639990736450642 ], [ 6.13435033988315, 49.571664224174356 ], [ 6.154999254252122, 49.503214303600139 ] ] ] ] } },
{ "type": "Feature", "properties": { "fid": null }, "geometry": { "type": "MultiPolygon", "coordinates": [ [ [ [ 6.44051856647315, 49.46676703344891 ], [ 6.453823042885817, 49.499807859710721 ], [ 6.470058616073763, 49.53326949014064 ], [ 6.490068290586447, 49.557086750762338 ], [ 6.522760408020119, 49.594704844404852 ], [ 6.58384958133857, 49.643546992341484 ], [ 6.628087974187442, 49.67787275823671 ], [ 6.702665443186629, 49.721492740284027 ], [ 6.778424977904143, 49.756451755499498 ], [ 6.849320679297062, 49.784652394626193 ], [ 6.92296878255269, 49.800916479614301 ], [ 7.007675019210776, 49.815907884100803 ], [ 7.059245704299251, 49.805099115560232 ], [ 7.063673300199563, 49.790446157096682 ], [ 7.051861633444244, 49.773942458444594 ], [ 7.027072855182929, 49.764876846360686 ], [ 7.001553608589515, 49.766659625576864 ], [ 6.987481224372984, 49.770996826335498 ], [ 6.970751624748758, 49.776371220187457 ], [ 6.954294499717447, 49.783981978220886 ], [ 6.945024240464077, 49.793472460290708 ], [ 6.933573617303544, 49.802419513221906 ], [ 6.849918145782958, 49.784199644965568 ], [ 6.77894331506953, 49.755517605593873 ], [ 6.703633113546213, 49.72067738701768 ], [ 6.628325146795703, 49.677488038916039 ], [ 6.523964272911473, 49.592922093948374 ], [ 6.472511113884927, 49.533341950697583 ], [ 6.44051856647315, 49.46676703344891 ] ] ] ] } }
]
}
